.	0	2	10	16	19	22	23	25	26	27	28	30	31	33	34	
.	0	222	16234	34235	34243	36336	54539	71954	111241	150334	183538	315928	945881	1182209	2061962	
.	1	2	10	16	19	22	23	25	26	27	28	30	31	33	34	
.	1	18	16046	37086	37106	40951	57557	76079	113230	159607	190805	305698	881079	1027048	2061962	
.	2	2	10	16	19	22	23	25	26	27	28	30	31	33	34	
.	2	22	15172	36179	36184	40814	56245	75082	110644	159116	191389	302023	856860	993346	2061962	
.	3	10	16	19	22	25	26	27	28	30	31	32	33	35	37	
.	3	12718	19626	32076	35766	50311	66487	67291	94927	133413	133986	187407	270566	708388	2061962	
.	4	2	10	16	19	22	25	26	27	28	30	31	32	33	35	37	
.	4	2	12919	19908	32049	35871	50222	66690	67567	94775	133302	133927	186870	269448	710653	2061962	
.	5	6	8	10	11	15	16	17	18	19	21	22	23	24	25	26	27	28	29	30	31	32	33	35	36	37	
.	5	2	3189	10385	12492	15208	17720	26399	28759	31054	32147	32507	38573	38575	53232	65453	68744	87087	93992	130493	145151	203112	265747	667043	703284	2061962	
.	6	2	6	8	10	11	12	14	15	16	17	18	19	21	22	23	24	25	26	27	28	29	30	31	32	33	35	36	37	
.	6	2	5	3299	10801	12941	12942	12944	15742	18374	27076	29495	31723	32807	33173	39381	39382	54208	66320	71288	87580	94448	130707	145512	203233	265228	664510	700215	2061962	
.	7	2	5	6	8	10	11	12	15	16	17	18	19	20	21	22	23	24	25	26	27	28	29	30	31	32	33	35	36	37	
.	7	6	7	11	3138	10230	12230	12233	14855	17366	25589	27926	30144	30145	31359	31742	38133	38136	52891	64757	72438	86142	93087	129195	143929	202121	263305	661543	697154	2061962	
.	8	5	6	7	8	10	11	12	13	15	16	17	18	19	20	21	22	23	24	25	26	27	28	29	30	31	32	33	34	35	37	38	39	
.	8	5	13	17	3572	11302	13520	13525	13529	16205	18967	27477	30021	32385	32392	33657	34031	40495	40502	55765	60558	78589	89206	96546	133947	144718	196007	234330	268415	406820	646989	768023	2061962	
.	9	2	5	6	7	8	9	10	11	12	13	14	15	16	17	18	19	20	21	22	23	24	25	26	27	28	29	30	31	32	33	34	35	36	37	38	39	
.	9	4	5	17	25	3208	3211	10346	12370	12385	12389	12392	15121	17671	26144	28568	30786	30796	31980	32384	38835	38850	53883	58685	79940	87485	94627	131903	142453	194143	232814	267220	404733	404734	646082	768892	2061962	
.	10	2	5	6	7	8	9	10	11	12	13	14	15	16	17	18	19	20	21	22	23	24	25	26	27	28	29	30	31	32	33	34	35	36	37	38	39	
.	10	12	23	48	68	3359	3376	10608	12613	12629	12634	12639	15309	17984	26259	28696	31017	31038	32256	32684	39078	39120	54137	58919	83231	87302	94471	132057	142560	194246	233325	267451	406419	406425	647972	773244	2061962	
.	11	2	5	6	7	8	9	10	11	12	13	14	15	16	17	18	19	20	21	22	23	24	25	26	27	28	29	30	31	32	33	34	35	36	37	38	39	
.	11	47	56	78	105	3443	3480	10792	12864	12884	12899	12910	15585	18271	26485	29052	31333	31367	32600	33050	39692	39837	55087	59982	86677	88587	96041	134581	144528	196485	235993	270076	409690	409700	652739	781030	2061962	
.	12	2	5	6	7	8	9	10	11	12	13	14	15	16	17	18	19	20	21	22	23	24	25	26	27	28	29	30	31	32	33	34	35	36	37	38	39	
.	12	257	263	287	313	3684	3747	10995	13025	13052	13066	13076	15791	18571	26640	29069	31338	31366	32667	33103	39699	40004	55224	60134	86935	88445	95988	134774	144740	196971	236213	270418	411057	411078	654640	784835	2061962	
.	13	5	6	7	8	9	10	11	12	13	14	15	16	17	18	19	20	21	22	23	24	25	26	27	28	29	30	31	32	33	34	35	36	37	38	39	40	41	
.	13	9	38	80	3583	3719	11160	13298	13327	13343	13359	13698	18363	27135	29974	32490	32533	34004	34478	38716	42116	57493	62582	89703	91418	99151	118748	146764	183013	228984	266220	294206	382101	455562	664962	804333	1147348	2061962	
.	14	2	5	6	7	8	9	10	11	12	13	14	15	16	17	18	19	20	21	22	23	24	25	26	27	28	29	30	31	32	33	34	35	36	37	38	39	40	41	
.	14	8	26	86	131	3807	4034	11605	13770	13816	13834	13856	14296	19018	27638	30467	32998	33037	34486	35016	39342	42897	58314	63459	90466	92074	99795	120359	148399	184517	230572	268218	296803	384631	459074	670143	810449	1155373	2061962	
.	15	2	5	6	7	8	9	10	11	12	13	14	15	16	17	18	19	20	21	22	23	24	25	26	27	28	29	30	31	32	33	34	35	36	37	38	39	40	41	
.	15	36	46	115	182	3796	4099	11587	13662	13703	13732	13758	14284	19083	27907	30585	33052	33106	34580	35140	39597	43460	58752	63987	90807	92394	100089	121146	149406	185599	232124	269620	298677	386781	461523	673169	813980	1162301	2061962	
.	16	2	5	6	7	8	9	10	11	12	13	14	15	16	17	18	19	20	21	22	23	24	25	26	27	28	29	30	31	32	33	34	35	36	37	38	39	40	41	
.	16	15	32	126	212	5391	5947	15552	18203	18265	18310	18353	19108	24388	33589	36734	39612	39677	41351	41949	46727	51239	66997	72395	99384	101076	109268	131762	160123	196002	243832	281473	311688	399753	474971	688597	829422	1180354	2061962	
.	17	5	6	7	8	9	10	11	12	13	14	15	16	17	18	19	20	21	22	23	24	25	26	27	28	29	30	31	32	33	34	35	36	37	38	39	40	41	
.	17	12	111	201	4233	4825	12042	13856	13918	13977	14024	14988	20195	29113	31985	34640	34728	36405	36969	41879	46790	62572	68005	94808	96579	104812	128574	156815	193956	241905	280381	311580	399546	475776	690910	833495	1187148	2061962	
.	18	2	5	6	7	8	9	10	11	12	13	14	15	16	17	18	19	20	21	22	23	24	25	26	27	28	29	30	31	32	33	34	35	36	37	38	39	40	41	
.	18	26	46	159	294	4559	5464	12651	14515	14599	14667	14737	15914	20472	22311	31960	34647	34768	36649	37312	42522	47934	63088	68645	93739	95631	103715	128762	157159	192427	225388	278220	310953	388589	466750	654972	823844	1186604	2061962	
.	19	2	5	6	7	8	9	10	11	12	13	14	15	16	17	18	19	20	21	22	23	24	25	26	27	28	29	30	31	32	33	34	35	36	37	38	39	40	41	
.	19	27	42	183	326	4727	5861	12785	14370	14488	14588	14685	16174	21253	23381	32080	34863	34980	37018	37701	43180	49596	65032	70665	94999	96966	105363	131738	159896	194015	227458	279642	314110	391485	468790	660153	830718	1196088	2061962	
.	20	2	5	6	7	8	9	10	11	12	13	14	15	16	17	18	19	20	21	22	23	24	25	26	27	28	29	30	31	32	33	34	35	36	37	38	39	40	41	
.	20	21	36	234	467	5241	6802	13364	14879	15004	15112	15217	16959	22291	24620	32127	34973	35142	37417	38112	43867	51142	66452	72400	96146	98226	106601	134778	163147	196113	230320	282578	319435	396744	474603	668926	838688	1207566	2061962	
.	21	2	5	6	7	8	9	10	11	12	13	14	15	16	17	18	19	20	21	22	23	24	25	26	27	28	29	30	31	32	33	34	35	36	37	38	39	40	41	
.	21	1	22	226	508	5739	7835	14421	15768	15916	16084	16234	18446	24199	26840	34011	36888	37076	39632	40512	46551	54826	70191	76350	99339	101583	110384	141161	170045	202297	237735	290134	329060	405956	484513	682462	851291	1221785	2061962	
.	22	2	5	6	7	8	9	10	11	12	13	14	15	16	17	18	19	20	21	22	23	24	25	26	27	28	29	30	31	32	33	34	35	36	37	38	39	40	41	
.	22	59	76	329	670	6229	8790	14842	15960	16144	16328	16544	19230	25334	28051	34493	37560	37787	40646	41666	47876	56803	72610	79004	101098	103470	112474	145071	174109	205211	241666	293815	335324	411611	491723	693112	863408	1235737	2061962	
.	23	2	5	6	7	8	9	10	11	12	13	14	15	16	17	18	19	20	21	22	23	24	25	26	27	28	29	30	31	32	33	34	35	36	37	38	39	40	41	
.	23	10	29	357	787	6798	9857	15427	16441	16631	16863	17106	20351	26693	29511	35317	38409	38678	41884	43045	49572	59630	75594	82360	104087	106625	115890	151157	180641	210563	248362	299443	343762	420318	501452	707121	868778	1237845	2061962	
.	24	2	5	6	7	8	9	10	11	12	13	14	15	16	17	18	19	20	21	22	23	24	25	26	27	28	29	30	31	32	33	34	35	36	37	38	39	40	41	
.	24	8	37	431	1004	7653	11428	16555	17468	17751	18054	18328	22127	28680	31556	36793	39948	40320	43951	45151	51816	62580	78526	85512	105793	108672	117939	155498	185504	214453	253361	304520	352014	427398	509651	719574	881303	1255680	2061962	
.	25	5	6	7	8	9	10	11	12	13	14	15	16	17	18	19	20	21	22	23	24	25	26	27	28	29	30	31	32	33	34	35	36	37	38	39	40	41	
.	25	25	498	1140	7858	12151	16483	17162	17500	17883	18245	22538	29307	31963	36619	39865	40305	44269	45677	52515	64167	80579	87811	107520	110658	120353	159568	190026	217947	258598	308810	360026	434784	517970	732025	892660	1273955	2061962	
.	26	2	5	6	7	8	9	10	11	12	13	14	15	16	17	18	19	20	21	22	23	24	25	26	27	28	29	30	31	32	33	34	35	36	37	38	39	40	41	
.	26	41	65	640	1464	8275	13072	16780	17296	17700	18124	18616	23529	30306	32774	36960	40167	40686	45041	46679	53750	65808	81970	89600	108345	111742	121236	162097	193555	220355	262992	312703	367291	440972	525439	743212	903386	1289460	2061962	
.	27	2	5	6	7	8	9	10	11	12	13	14	15	16	17	18	19	20	21	22	23	24	25	26	27	28	29	30	31	32	33	34	35	36	37	38	39	40	41	
.	27	70	101	784	1726	8366	13391	16379	16735	17198	17733	18234	23481	29913	32181	35992	39446	40074	44831	46616	53516	65956	82174	90411	107959	111775	121529	163572	195463	221314	265540	314208	372164	444462	530260	752063	911871	1303735	2061962	
.	28	2	5	6	7	8	9	10	11	12	13	14	15	16	17	18	19	20	21	22	23	24	25	26	27	28	29	30	31	32	33	34	35	36	37	38	39	40	41	
.	28	17	72	887	1954	9011	14711	17182	17478	18072	18691	19406	25243	31447	33360	37112	40662	41432	46833	48849	55973	68998	84856	93497	110585	115010	125238	168075	201001	226205	272472	320133	381640	453396	539845	765692	923395	1319782	2061962	
.	29	2	5	6	7	8	9	10	11	12	13	14	15	16	17	18	19	20	21	22	23	24	25	26	27	28	29	30	31	32	33	34	35	36	37	38	39	40	41	
.	29	26	75	1078	2408	9430	15438	17390	17643	18263	18973	19799	25932	31799	33587	37181	40657	41558	47037	49434	57226	70566	85953	95278	111659	116616	127101	171245	205083	229554	277801	324495	389510	460437	548536	778107	934945	1335148	2061962	
.	30	2	5	6	7	8	9	10	11	12	13	14	15	16	17	18	19	20	21	22	23	24	25	26	27	28	29	30	31	32	33	34	35	36	37	38	39	40	41	
.	30	40	95	1219	2730	9862	16292	17766	17955	18765	19646	20612	27231	32940	34451	38025	41777	42859	48769	51529	59634	73490	88686	98702	114824	120600	131410	176314	211526	236228	286897	333200	401908	472362	562357	793675	949553	1352524	2061962	
.	31	5	6	7	8	9	10	11	12	13	14	15	16	17	18	19	20	21	22	23	24	25	26	27	28	29	30	31	32	33	34	35	36	37	38	39	40	41	
.	31	68	1408	3316	10761	17589	18721	18920	19838	20954	22106	29315	34765	36107	39787	43778	45056	51329	54389	62824	77381	92415	103563	119626	126269	137783	182576	218934	243731	296993	342986	414779	485828	578228	812341	968830	1373846	2061962	
.	32	2	5	6	7	8	9	10	11	12	13	14	15	16	17	18	19	20	21	22	23	24	25	26	27	28	29	30	31	32	33	34	35	36	37	38	39	40	41	
.	32	1	72	1728	3903	11285	18142	18942	19155	20233	21529	22956	30240	35328	36524	40107	44129	45696	52344	55864	64828	79170	93861	105891	121577	129291	140998	186214	223801	248789	305161	351008	426531	497015	591808	827961	986957	1392034	2061962	
.	33	2	5	6	7	8	9	10	11	12	13	14	15	16	17	18	19	20	21	22	23	24	25	26	27	28	29	30	31	32	33	34	35	36	37	38	39	40	41	
.	33	1	82	1909	4428	11823	19143	19664	19917	21153	22655	24279	31793	36475	37568	41390	45689	47556	54669	58569	67733	82686	96842	109877	125827	134571	146834	191778	230249	256385	315092	360927	439694	511158	608521	845813	1005949	1411088	2061962	
.	34	5	6	7	8	9	10	11	12	13	14	15	16	17	18	19	20	21	22	23	24	25	26	27	28	29	30	31	32	33	34	35	36	37	38	39	40	41	
.	34	90	2182	4936	12056	19145	19491	19818	21222	23037	24972	32602	36704	37767	41721	46153	48271	55570	59984	69576	84686	98130	112402	128018	138102	150668	195319	235464	262393	323527	370139	452040	525175	625660	864947	1027186	1430813	2061962	
.	35	5	6	7	8	9	10	11	12	13	14	15	16	17	18	19	20	21	22	23	24	25	26	27	28	29	30	31	32	33	34	35	36	37	38	39	40	41	
.	35	122	2651	5754	13003	20210	20436	20853	22473	24449	26538	34328	38173	39243	43341	47985	50457	58025	62959	73192	88360	100962	116444	132506	143851	157056	200306	241632	269759	333378	381909	467396	542066	645512	885756	1050340	1453891	2061962	
.	36	2	5	6	7	8	9	10	11	12	13	14	15	16	17	18	19	20	21	22	23	24	25	26	27	28	29	30	31	32	33	34	35	36	37	38	39	40	41	
.	36	66	184	2462	5390	11587	17498	17632	18134	20020	22334	24569	31796	34990	35923	39528	43596	46710	53834	59314	69685	83515	95294	111478	125240	137949	149419	193102	233497	261103	323348	368801	457050	525701	632294	852796	1034731	1399332	2061962	
.	37	5	6	7	8	9	10	11	12	13	14	15	16	17	18	19	20	21	22	23	24	25	26	27	28	29	30	31	32	33	34	35	36	37	38	39	40	41	
.	37	134	2804	6064	12366	18368	18457	19022	21078	23607	26064	33214	36150	37190	41184	45710	49183	56731	62546	73431	87350	98117	115496	129885	144035	156947	198486	240012	268885	332831	379778	471127	542876	650230	866717	1045429	1402545	2061962	
.	38	5	6	7	8	9	10	11	12	13	14	15	16	17	18	19	20	21	22	23	24	25	26	27	28	29	30	31	32	33	34	35	36	37	38	39	40	41	
.	38	178	3072	6514	12609	18096	18213	18886	20940	23681	26337	33016	35414	36516	40533	44946	48719	55387	61603	73783	87767	97588	115975	130033	145476	158881	198307	240422	270677	335743	384467	480026	554124	664710	874208	1057090	1408609	2061962	
.	39	5	6	7	8	9	10	11	12	13	14	15	16	17	18	19	20	21	22	23	24	25	26	27	28	29	30	31	32	33	34	35	36	37	38	39	40	41	
.	39	206	3252	7108	13313	18527	18648	19384	21633	24687	27528	33733	36009	37179	41513	46155	50270	57056	63587	76314	90147	99039	118715	132899	150121	164328	201950	245183	276923	343397	394758	496325	573915	687367	894369	1077927	1423927	2061962	
.	40	5	6	7	8	9	10	11	12	13	14	15	16	17	18	19	20	21	22	23	24	25	26	27	28	29	30	31	32	33	34	35	36	37	38	39	40	41	
.	40	179	3361	7329	13400	18191	18315	19172	21592	24887	27973	33860	35815	37114	41616	46481	51038	58009	65200	78869	92405	100496	121488	135652	154709	169808	206100	249908	283151	350505	404617	512566	593091	710865	913044	1100750	1438271	2061962	
.	41	5	6	7	8	9	10	11	12	13	14	15	16	17	18	19	20	21	22	23	24	25	26	27	28	29	30	31	32	33	34	35	36	37	38	39	40	41	
.	41	207	3792	8158	14558	19152	19280	20235	22755	26380	29688	35246	37088	38478	43244	48186	53204	60197	67814	82078	95516	102933	125254	139405	159718	175929	211147	256053	291024	360210	418185	533868	618512	740600	938459	1129378	1459303	2061962	
.	42	2	5	6	7	8	9	10	11	12	13	14	15	16	17	18	19	20	21	22	23	24	25	26	27	28	29	30	31	32	33	34	35	36	37	38	39	40	41	
.	42	1	259	4163	8747	15112	19273	19449	20586	23295	27131	30514	35709	37399	38909	43963	48909	54479	61603	69760	84698	98263	105154	129318	143643	165600	182732	217150	263684	300272	371098	432418	556358	645767	772006	965691	1160382	1481963	2061962	
.	43	2	5	6	7	8	9	10	11	12	13	14	15	16	17	18	19	20	21	22	23	24	25	26	27	28	29	30	31	32	33	34	35	36	37	38	39	40	41	
.	43	11	281	4401	9322	15831	19686	19890	21145	24028	28262	31755	36669	38340	39948	45495	50659	56772	63995	72794	88338	101337	107969	133667	148403	172116	190523	224457	272776	311411	383700	449245	583304	677178	808482	997746	1196551	1506659	2061962	
.	44	2	5	6	7	8	9	10	11	12	13	14	15	16	17	18	19	20	21	22	23	24	25	26	27	28	29	30	31	32	33	34	35	36	37	38	39	40	41	
.	44	16	374	4710	9999	16849	20492	20734	22204	25185	29594	33227	37551	38869	40579	46186	51323	59146	65758	75108	91368	104765	112105	139194	153868	179181	199030	232840	282589	323071	397567	468319	612956	712739	849611	1032350	1233657	1533375	2061962	
.	45	2	5	6	7	8	9	10	11	12	13	14	15	16	17	18	19	20	21	22	23	24	25	26	27	28	29	30	31	32	33	34	35	36	37	38	39	40	41	
.	45	1	401	4995	10772	17635	20957	21230	22831	26013	30817	34657	38650	39899	41780	47918	53162	61682	68366	78215	95065	108341	115395	143969	158426	185511	207001	240599	291241	333683	410652	486177	644577	749194	890696	1068153	1272687	1561258	2061962	
.	46	2	5	6	7	8	9	10	11	12	13	14	15	16	17	18	19	20	21	22	23	24	25	26	27	28	29	30	31	32	33	34	35	36	37	38	39	40	41	
.	46	8	462	5399	11445	18618	21713	22044	23911	27122	32126	36110	39904	41198	43264	49858	55120	64662	71316	81671	99095	112322	119309	150136	164917	193740	216560	250504	303390	347314	426409	507764	680588	789857	936474	1108368	1313841	1588933	2061962	
.	47	5	6	7	8	9	10	11	12	13	14	15	16	17	18	19	20	21	22	23	24	25	26	27	28	29	30	31	32	33	34	35	36	37	38	39	40	41	
.	47	560	5663	12204	19484	22090	22443	24633	27806	33159	37353	40841	42081	44191	51371	56564	66935	73668	84369	102674	115941	122996	155186	169966	199621	224486	258992	313704	359764	440921	527962	716878	832009	983559	1148749	1356821	1618986	2061962	
.	48	5	6	7	8	9	10	11	12	13	14	15	16	17	18	19	20	21	22	23	24	25	26	27	28	29	30	31	32	33	34	35	36	37	38	39	40	41	
.	48	659	5855	12855	20242	22577	23006	25391	28836	34339	38400	41730	42955	45182	52733	57874	69058	75854	87216	103974	118919	125424	159296	175151	205968	232053	267313	323152	371122	455081	547894	754159	875760	1032270	1183167	1398168	1645945	2061962	
.	49	5	6	7	8	9	10	11	12	13	14	15	16	17	18	19	20	21	22	23	24	25	26	27	28	29	30	31	32	33	34	35	36	37	38	39	40	41	
.	49	768	6032	13231	20756	22749	23281	25895	29230	34889	38928	41961	43239	45697	54033	59112	71453	78393	90236	107299	122663	129274	164497	181044	212696	240621	276757	334355	384376	472051	570813	796341	922914	1082623	1227219	1440576	1673964	2061962	
.	50	5	6	7	8	9	10	11	12	13	14	15	16	17	18	19	20	21	22	23	24	25	26	27	28	29	30	31	32	33	34	35	36	37	38	39	40	41	
.	50	723	6206	14085	21912	23686	24509	28816	33711	42764	47014	50988	52038	54606	64797	69412	89101	97827	115876	138125	160713	171232	224994	245028	301450	341026	405940	498696	580602	722684	883927	1052551	1197677	1360475	1526248	1816138	1987501	2061962	
.	51	5	6	7	8	9	10	11	12	13	14	15	16	17	18	19	20	21	22	23	24	25	26	27	28	29	30	31	32	33	34	35	36	37	38	39	40	41	
.	51	897	6338	14595	22284	23792	24664	28555	32607	40089	44068	47302	48351	51049	61215	65845	83502	91226	106292	126754	145724	153859	200128	219073	262870	299501	351461	430400	501651	630079	782368	990265	1137939	1286408	1435193	1733387	1967412	2061962	
.	52	2	5	6	7	8	9	10	11	12	13	14	15	16	17	18	19	20	21	22	23	24	25	26	27	28	29	30	31	32	33	34	35	36	37	38	39	40	41	
.	52	43	1057	6255	14426	21773	22965	23826	27476	31100	37541	41352	44380	45497	48255	58372	62810	79446	86825	100485	119908	137676	145226	187579	205709	243118	278851	324035	394006	456784	568793	704994	968538	1113891	1272300	1404188	1642093	1869035	2061962	
.	53	2	5	6	7	8	9	10	11	12	13	14	15	16	17	18	19	20	21	22	23	24	25	26	27	28	29	30	31	32	33	34	35	36	37	38	39	40	41	
.	53	95	1255	6196	14392	21172	22196	23083	26781	30171	36182	39866	42813	43900	46845	57477	61449	77907	84932	98104	117012	134387	142014	183034	201143	235781	271772	315164	381646	441471	548307	681093	986631	1132179	1298079	1414888	1628248	1815278	2061962	
.	54	2	5	6	7	8	9	10	11	12	13	14	15	16	17	18	19	20	21	22	23	24	25	26	27	28	29	30	31	32	33	34	35	36	37	38	39	40	41	
.	54	25	1263	6412	15437	22476	23353	24275	28088	31144	36890	40812	43801	44905	48120	59048	62890	79505	87281	100347	119436	131142	145155	185946	204593	237610	274692	317625	383860	442903	548996	683405	1024348	1171856	1339373	1444956	1645656	1808003	2061962	
.	55	2	5	6	7	8	9	10	11	12	13	14	15	16	17	18	19	20	21	22	23	24	25	26	27	28	29	30	31	32	33	34	35	36	37	38	39	40	41	
.	55	2	1030	4830	11851	17410	18027	19117	23087	25959	31577	34687	37636	38568	41429	51815	54959	71767	79190	91823	109683	121293	134425	173929	191164	223159	257914	299723	363054	419737	521484	650859	1043369	1193875	1367786	1451400	1660464	1795433	2061962	
.	56	2	5	6	7	8	9	10	11	12	13	14	15	16	17	18	19	20	21	22	23	24	25	26	27	28	29	30	31	32	33	34	35	36	37	38	39	40	41	
.	56	5	991	4683	11868	17302	17780	18827	22460	24951	30085	33151	36078	37003	40074	50483	53394	70082	77041	89051	106608	117592	130945	168910	186041	215604	251234	292844	354769	410171	511675	641810	1081618	1234937	1411826	1488574	1685818	1806014	2061962	
.	57	5	6	7	8	9	10	11	12	13	14	15	16	17	18	19	20	21	22	23	24	25	26	27	28	29	30	31	32	33	34	35	36	37	38	39	40	41	
.	57	1124	4812	12319	17467	17861	18916	22544	24982	29714	32694	35566	36453	39624	50231	52848	69906	76742	88189	105804	116409	130461	167437	185174	213023	249302	290902	353863	408630	511399	644912	1126584	1282028	1459512	1528994	1716460	1823342	2061962	
.	58	2	5	6	7	8	9	10	11	12	13	14	15	16	17	18	19	20	21	22	23	24	25	26	27	28	29	30	31	32	33	34	35	36	37	38	39	40	41	
.	58	8	1254	4780	12757	17744	18041	19298	22965	25416	29841	32476	35501	36389	39589	51074	53456	68989	74838	89213	103740	112940	126617	169463	187705	214698	251873	294077	357213	412407	517339	655360	1174558	1331343	1506853	1569981	1747470	1842875	2061962	
.	59	2	5	6	7	8	9	10	11	12	13	14	15	16	17	18	19	20	21	22	23	24	25	26	27	28	29	30	31	32	33	34	35	36	37	38	39	40	41	
.	59	1	1358	4847	13156	18035	18270	19667	23524	25944	30283	32876	36070	36978	40332	52463	54660	70898	76610	91053	105685	115130	129732	173391	192277	217866	256518	299294	363959	419436	527795	671326	1225737	1382664	1554943	1611669	1778748	1864338	2061962	
.	60	2	5	6	7	8	9	10	11	12	13	14	15	16	17	18	19	20	21	22	23	24	25	26	27	28	29	30	31	32	33	34	35	36	37	38	39	40	41	
.	60	3	1455	4599	12768	17329	17519	19015	22866	25242	29288	31750	35182	36099	39734	52243	54098	70885	76520	91180	105691	114995	130412	174766	194368	218891	258412	302679	368539	425024	537283	686005	1274354	1432158	1600616	1651823	1808930	1885028	2061962	
.	61	2	5	6	7	8	9	10	11	12	13	14	15	16	17	18	19	20	21	22	23	24	25	26	27	28	29	30	31	32	33	34	35	36	37	38	39	40	41	
.	61	2288	3927	7034	15536	19894	20029	21609	25393	27721	31534	33828	37603	38503	42249	55300	57061	74392	79784	94774	109647	118924	135176	179389	199916	223458	264001	308918	376335	433723	549072	702693	1323813	1481830	1644408	1690489	1836426	1904340	2061962	
.	62	2	5	6	7	8	9	10	11	12	13	14	15	16	17	18	19	20	21	22	23	24	25	26	27	28	29	30	31	32	33	34	35	36	37	38	39	40	41	
.	62	4672	6426	9571	18562	22924	23028	24831	28737	31073	34577	36834	40973	41783	45845	59643	61188	79210	84703	99945	115201	124559	141573	185917	207498	229937	271499	316954	385434	443436	562615	721891	1373137	1529793	1685625	1726753	1862162	1921782	2061962	
.	63	2	5	6	7	8	9	10	11	12	13	14	15	16	17	18	19	20	21	22	23	24	25	26	27	28	29	30	31	32	33	34	35	36	37	38	39	40	41	
.	63	6836	8701	11549	20754	24906	24976	26939	30930	33358	36640	38723	43198	44012	48187	62463	63855	82937	87984	103462	118787	128118	146206	191296	213837	235450	277622	323911	394262	452342	574985	739352	1420397	1575242	1723492	1760482	1885640	1938264	2061962	
.	64	2	5	6	7	8	9	10	11	12	13	14	15	16	17	18	19	20	21	22	23	24	25	26	27	28	29	30	31	32	33	34	35	36	37	38	39	40	41	
.	64	9195	11229	14011	23767	27641	27699	29889	33780	36291	39367	41398	45702	46895	51126	61840	66977	86528	91459	103008	122841	132223	151466	195283	211385	231948	283687	330615	402162	460997	586990	756322	1465678	1618316	1758274	1791160	1906559	1953662	2061962	
.	65	2	5	6	7	8	9	10	11	12	13	14	15	16	17	18	19	20	21	22	23	24	25	26	27	28	29	30	31	32	33	34	35	36	37	38	39	40	41	
.	65	11587	13799	16424	26473	30304	30336	32681	36576	39076	41905	43768	48564	49752	54366	65396	70824	91190	95766	107271	127733	137211	157271	200319	216806	236451	289750	337295	410944	470126	599972	774961	1508884	1659349	1791094	1820508	1925328	1966443	2061962	
.	66	2	5	6	7	8	9	10	11	12	13	14	15	16	17	18	19	20	21	22	23	24	25	26	27	28	29	30	31	32	33	34	35	36	37	38	39	40	41	
.	66	14112	16499	19056	29513	33291	33309	35925	39714	42356	44977	46769	51949	53204	58009	69096	74783	96030	100491	112265	133378	142751	164124	207462	224837	243301	298301	346325	420849	481315	614186	793709	1550767	1698473	1821452	1847482	1942776	1978535	2061962	
.	67	2	5	6	7	8	9	10	11	12	13	14	15	16	17	18	19	20	21	22	23	24	25	26	27	28	29	30	31	32	33	34	35	36	37	38	39	40	41	
.	67	16596	19174	21470	31715	35219	35230	38071	41952	44498	46860	48577	54013	55198	60211	71461	77614	99198	103434	115041	136482	146076	168390	211465	229101	246602	302403	350999	427429	488428	624590	809090	1588997	1733205	1848061	1870792	1958360	1989470	2061962	
.	68	2	5	6	7	8	9	10	11	12	13	14	15	16	17	18	19	20	21	22	23	24	25	26	27	28	29	30	31	32	33	34	35	36	37	38	39	40	41	
.	68	19203	21805	24028	34602	37972	37981	40966	44608	47266	49426	50932	56752	58052	63201	74466	80834	103322	107340	119237	141637	150965	174409	216334	234491	250641	308509	357192	434306	496309	635902	824716	1625235	1765273	1872469	1892658	1972101	1999307	2061962	
.	69	2	5	6	7	8	9	10	11	12	13	14	15	16	17	18	19	20	21	22	23	24	25	26	27	28	29	30	31	32	33	34	35	36	37	38	39	40	41	
.	69	21820	24599	26486	37034	40249	40262	43335	46849	49480	51425	52932	59104	60359	65698	76813	83511	105865	109526	113899	130505	153238	177648	219368	237987	252966	311505	360219	438874	500729	642507	834983	1656732	1794324	1894221	1911585	1984103	2007665	2061962	
.	70	2	5	6	7	8	9	10	11	12	13	14	15	16	17	18	19	20	21	22	23	24	25	26	27	28	29	30	31	32	33	34	35	36	37	38	39	40	41	
.	70	24510	27486	29380	40288	43478	43489	46948	50313	53205	54925	56285	62759	64032	69492	81060	88152	110980	114480	118538	135027	159007	184894	226017	245058	259206	319075	367954	447493	509889	654350	851296	1688501	1821844	1914123	1929591	1994924	2015210	2061962	
.	71	2	5	6	7	8	9	10	11	12	13	14	15	16	17	18	19	20	21	22	23	24	25	26	27	28	29	30	31	32	33	34	35	36	37	38	39	40	41	
.	71	27312	30495	32294	43833	46978	46986	50690	53854	56724	58292	59597	66401	67671	73282	85079	92700	116247	119422	123252	140296	164993	191611	232156	251954	265305	326544	375755	456752	519658	665988	866943	1718133	1847497	1932394	1945938	2004853	2022386	2061962	
.	72	2	5	6	7	8	9	10	11	12	13	14	15	16	17	18	19	20	21	22	23	24	25	26	27	28	29	30	31	32	33	34	35	36	37	38	39	40	41	
.	72	30114	33390	35050	46579	49659	49669	53644	56766	59685	61117	62350	69585	70878	76800	88660	96625	120675	123585	127070	144124	169788	197316	237235	257724	269987	332404	381311	463418	526907	676020	880978	1744971	1870783	1948716	1960350	2013357	2028280	2061962	
.	73	2	5	6	7	8	9	10	11	12	13	14	15	16	17	18	19	20	21	22	23	24	25	26	27	28	29	30	31	32	33	34	35	36	37	38	39	40	41	
.	73	33055	36486	37985	49568	52548	52553	56752	59728	62755	64031	65071	72629	73978	80059	91983	100350	124258	126991	130329	147919	174281	202780	242076	262980	274264	337836	387059	470558	535045	686556	894652	1769545	1891556	1963312	1973405	2021183	2033730	2061962	
.	74	2	5	6	7	8	9	10	11	12	13	14	15	16	17	18	19	20	21	22	23	24	25	26	27	28	29	30	31	32	33	34	35	36	37	38	39	40	41	
.	74	36116	39692	41052	52646	55518	55525	59937	62656	65683	66781	67779	75604	76921	83207	94961	103797	127985	130462	133546	150692	177511	206805	227491	267158	277465	341430	390835	474900	539322	692865	904816	1791607	1909777	1976407	1985084	2027748	2038180	2061962	
.	75	2	5	6	7	8	9	10	11	12	13	14	15	16	17	18	19	20	21	22	23	24	25	26	27	28	29	30	31	32	33	34	35	36	37	38	39	40	41	
.	75	39226	43013	44272	56191	59158	59166	63690	66343	69348	70297	71277	79428	80769	87161	99129	108546	133183	135381	138230	155791	183624	213983	233098	273839	283128	348721	397784	482484	547066	702852	917293	1811886	1926685	1987993	1995460	2033692	2042280	2061962	
.	76	2	5	6	7	8	9	10	11	12	13	14	15	16	17	18	19	20	21	22	23	24	25	26	27	28	29	30	31	32	33	34	35	36	37	38	39	40	41	
.	76	42407	46207	47283	58998	61882	61890	66516	69029	72059	72973	73748	82298	83639	90319	102335	111965	136567	138603	141304	159222	187465	218737	236508	278397	286943	353790	402577	488216	553243	710370	927764	1830430	1942332	1998337	2004613	2038838	2045902	2061962	
.	77	2	5	6	7	8	9	10	11	12	13	14	15	16	17	18	19	20	21	22	23	24	25	26	27	28	29	30	31	32	33	34	35	36	37	38	39	40	41	
.	77	45736	49720	50730	62718	65528	65542	70456	72727	76049	76829	77618	86431	87857	94302	106583	116686	141627	143428	145880	163549	192924	224942	241342	284465	292386	360224	409225	495526	561221	720042	940390	1847520	1956372	2007447	2012747	2043349	2049030	2061962	
.	78	2	5	6	7	8	9	10	11	12	13	14	15	16	17	18	19	20	21	22	23	24	25	26	27	28	29	30	31	32	33	34	35	36	37	38	39	40	41	
.	78	49166	53241	54119	66466	69276	69288	74420	76589	79894	80568	81275	90496	91923	98755	111054	121774	147009	148738	151175	168994	199019	232061	247240	291719	298880	367275	416335	503742	569687	729918	952958	1863690	1968996	2015758	2020299	2046977	2051520	2061962	
.	79	2	5	6	7	8	9	10	11	12	13	14	15	16	17	18	19	20	21	22	23	24	25	26	27	28	29	30	31	32	33	34	35	36	37	38	39	40	41	
.	79	52839	57106	57902	70533	73290	73299	78757	80769	84036	84634	85247	94424	95857	102739	115297	126483	151676	153227	155423	173599	204113	238052	251692	297383	303903	373509	422127	510908	578132	740191	965476	1877478	1980227	2023042	2026788	2050169	2053782	2061962	
.	80	2	5	6	7	8	9	10	11	12	13	14	15	16	17	18	19	20	21	22	23	24	25	26	27	28	29	30	31	32	33	34	35	36	37	38	39	40	41	
.	80	56568	60876	61606	73681	76412	76421	82022	83898	87183	87692	88251	97771	99194	106171	118748	130488	155759	157069	159193	177056	208521	242786	255351	302097	307811	378036	426830	516049	583971	747993	977116	1890223	1990598	2029611	2032665	2053072	2055799	2061962	
.	81	2	5	6	7	8	9	10	11	12	13	14	15	16	17	18	19	20	21	22	23	24	25	26	27	28	29	30	31	32	33	34	35	36	37	38	39	40	41	
.	81	60552	64822	65450	77609	80286	80302	85909	87562	90969	91412	91876	101551	102989	110157	122662	134439	159626	160871	162834	181188	212801	248053	259369	306792	311688	382295	431317	521187	589064	754124	985167	1901949	1999590	2035144	2037573	2055340	2057419	2061962	
.	82	2	5	6	7	8	9	10	11	12	13	14	15	16	17	18	19	20	21	22	23	24	25	26	27	28	29	30	31	32	33	34	35	36	37	38	39	40	41	
.	82	64561	69032	69611	82006	84681	84693	90368	91952	95509	95889	96327	106172	107636	114886	127658	139949	165012	166104	168069	186406	218276	254061	264290	312934	317394	389128	437617	527824	596120	761671	995311	1912781	2007648	2040114	2042132	2057221	2058744	2061962	
.	83	2	5	6	7	8	9	10	11	12	13	14	15	16	17	18	19	20	21	22	23	24	25	26	27	28	29	30	31	32	33	34	35	36	37	38	39	40	41	
.	83	69034	73496	73979	86175	88819	88831	94582	95923	99376	99718	100121	110121	111580	118895	131579	144021	169119	170000	171885	190343	222711	258851	268348	317429	321511	394264	442556	534004	602564	769922	1005898	1922547	2015160	2044279	2045975	2058564	2059611	2061962	
.	84	2	5	6	7	8	9	10	11	12	13	14	15	16	17	18	19	20	21	22	23	24	25	26	27	28	29	30	31	32	33	34	35	36	37	38	39	40	41	
.	84	73652	78122	78553	90703	93294	93298	99055	100350	103980	104275	104642	114823	116242	123511	136265	149095	173753	174565	176272	194432	227374	264534	273084	322786	326380	399320	447973	539250	608239	776279	1013934	1930992	2021755	2047850	2049038	2059661	2060389	2061962	
.	85	2	5	6	7	8	9	10	11	12	13	14	15	16	17	18	19	20	21	22	23	24	25	26	27	28	29	30	31	32	33	34	35	36	37	38	39	40	41	
.	85	78654	83297	83666	95911	98479	98490	104356	105512	109126	109362	109662	120038	121575	128839	141631	154837	179524	180312	181969	200235	233296	270504	278213	329007	332184	406072	454539	546879	616237	785755	1024855	1939793	2027654	2050862	2051887	2060441	2060921	2061962	
.	86	2	5	6	7	8	9	10	11	12	13	14	15	16	17	18	19	20	21	22	23	24	25	26	27	28	29	30	31	32	33	34	35	36	37	38	39	40	41	
.	86	83989	88650	88977	101029	103535	103548	109373	110401	113930	114143	114416	124689	126236	133563	146249	159737	184323	185098	186700	204793	237955	275684	282597	333710	336487	411641	460020	553261	623706	793023	1034235	1946330	2032926	2053530	2054295	2060928	2061272	2061962	
.	87	2	5	6	7	8	9	10	11	12	13	14	15	16	17	18	19	20	21	22	23	24	25	26	27	28	29	30	31	32	33	34	35	36	37	38	39	40	41	
.	87	89764	94355	94605	106514	109041	109051	114895	115806	119362	119550	119764	130052	131627	139048	151857	165378	189687	190286	191923	210127	243948	282304	288606	340095	342601	417595	466379	560128	630655	802361	1046108	1952834	2037423	2055751	2056265	2061343	2061545	2061962	
.	88	2	5	6	7	8	9	10	11	12	13	14	15	16	17	18	19	20	21	22	23	24	25	26	27	28	29	30	31	32	33	34	35	36	37	38	39	40	41	
.	88	96110	100768	101017	112959	115368	115378	121256	122075	125695	125860	126059	136514	138062	145461	158413	172054	196108	196643	198231	216647	250943	289796	295334	348142	350319	426042	474839	570039	641631	813652	1059691	1959287	2041683	2057380	2057830	2061596	2061720	2061962	
.	89	2	5	6	7	8	9	10	11	12	13	14	15	16	17	18	19	20	21	22	23	24	25	26	27	28	29	30	31	32	33	34	35	36	37	38	39	40	41	
.	89	102843	107263	107451	119333	121717	121730	127513	128272	131840	131966	132127	142419	143937	151395	164372	177828	201822	202270	203816	222272	256572	295930	300973	354065	355959	431919	481171	577151	648803	822886	1071665	1964985	2045013	2058763	2059053	2061765	2061829	2061962	
.	90	2	5	6	7	8	9	10	11	12	13	14	15	16	17	18	19	20	21	22	23	24	25	26	27	28	29	30	31	32	33	34	35	36	37	38	39	40	41	
.	90	110255	114512	114664	125762	128042	128052	133735	134403	137808	137914	138052	148292	149792	157077	169867	183580	207192	207599	209125	227288	261615	300584	305098	358516	360228	437102	486609	583083	655830	831788	1083148	1969470	2047947	2059808	2060004	2061874	2061911	2061962	
.	91	2	5	6	7	8	9	10	11	12	13	14	15	16	17	18	19	20	21	22	23	24	25	26	27	28	29	30	31	32	33	34	35	36	37	38	39	40	41	
.	91	118502	122556	122684	133160	135273	135282	140628	141183	144596	144671	144792	154951	156439	163385	175965	189657	212819	213167	214651	232528	266580	305499	309359	362554	364055	440976	490378	587734	661375	837566	1090324	1974150	2050503	2060445	2060593	2061925	2061948	2061962	
.	92	2	5	6	7	8	9	10	11	12	13	14	15	16	17	18	19	20	21	22	23	24	25	26	27	28	29	30	31	32	33	34	35	36	37	38	39	40	41	
.	92	127591	131378	131493	141740	143591	143598	148543	148964	152237	152295	152401	162127	163633	170568	182939	196419	218680	218953	220441	238392	272481	311098	314546	368118	369363	445613	494939	592090	665472	842308	1096071	1978177	2052787	2060931	2061033	2061939	2061947	2061962	
.	93	2	5	6	7	8	9	10	11	12	13	14	15	16	17	18	19	20	21	22	23	24	25	26	27	28	29	30	31	32	33	34	35	36	37	38	39	40	41	
.	93	138204	141859	141942	151521	153312	153325	157956	158339	161576	161622	161707	171112	172546	179304	191709	205083	226897	227128	228583	246568	280184	318780	321750	374555	375654	451417	501303	599275	673369	850665	1105369	1981245	2054594	2061298	2061370	2061959	2061961	2061962	
.	94	2	5	6	7	8	9	10	11	12	13	14	15	16	17	18	19	20	21	22	23	24	25	26	27	28	29	30	31	32	33	34	35	36	37	38	39	
.	94	150247	153425	153502	161821	163358	163366	167683	168000	168051	170971	171038	179946	181371	188008	200013	212876	233733	233922	235432	252576	285695	323341	325910	379443	380443	456730	506650	605295	679597	857204	1113974	1984279	2056129	2061566	2061597	2061962	
.	95	2	5	6	7	8	9	10	11	12	13	14	15	16	17	18	19	20	21	22	23	24	25	26	27	28	29	30	31	32	33	34	35	36	37	38	39	
.	95	164183	167004	167056	174415	175702	175709	179491	179730	179770	182361	182410	190955	192338	198523	210178	222369	242429	242596	243947	260591	293205	330989	333174	385733	386637	462300	512311	611510	685780	864097	1122513	1987110	2057244	2061744	2061765	2061962	
.	96	2	5	6	7	8	9	10	11	12	13	14	15	16	17	18	19	20	21	22	23	24	25	26	27	28	29	30	31	32	33	34	35	36	37	38	39	
.	96	180244	182426	182454	188491	189561	189572	192447	192609	192633	194876	194906	202709	204056	209771	220976	232814	251801	251933	253398	269905	301326	338280	340152	392179	392934	467859	518377	618168	693284	872453	1132090	1989726	2058208	2061845	2061855	2061962	
.	97	2	5	6	7	8	9	10	11	12	13	14	15	16	17	18	19	20	21	22	23	24	25	26	27	28	29	30	31	32	33	34	35	36	37	38	39	
.	97	199191	200419	200431	204476	205140	205142	207251	207371	207390	209129	209154	216368	217701	223000	234030	245098	262906	262998	264409	280167	311158	347595	349205	400865	401567	476383	526870	627184	702749	883075	1144268	1992242	2058993	2061902	2061910	2061962	
.	98	2	5	6	7	8	9	10	11	12	13	14	15	16	17	18	19	20	21	22	23	24	25	26	27	28	29	30	31	32	33	34	35	36	37	38	39	
.	98	220480	220823	220827	222367	222582	222583	223407	223450	223459	224247	224259	230833	232116	236956	247490	257547	274136	274202	275554	290903	321104	356174	357507	408491	409077	483028	533186	634110	709989	890805	1153833	1993916	2059521	2061927	2061931	2061962	
.	99	2	8	13	15	16	17	18	19	20	21	22	23	24	25	26	27	28	29	30	31	32	33	34	35	36	37	39	
.	99	243222	243223	243273	249313	250579	254794	265457	274388	289806	289865	291305	305396	334086	366379	367511	417233	417786	488982	539983	641435	717353	898484	1162292	1995861	2059990	2061944	2061962	
A	0	10	16	19	22	23	25	26	27	28	30	31	33	34	
A	0	4167	8714	8716	9243	13911	18098	28290	38681	46812	80302	248350	301672	523713	
A	1	10	16	19	22	23	25	26	27	28	30	31	33	34	
A	1	4438	9569	9576	10593	15278	19558	29943	43144	50640	81159	247047	284916	568566	
A	2	10	16	19	22	23	25	26	27	28	30	31	33	34	
A	2	3974	8777	8780	9963	14000	17834	27239	40948	47815	75041	225834	255588	538408	
A	3	10	16	19	22	25	26	27	28	30	31	32	33	35	37	
A	3	3052	4981	7301	8247	11777	16042	16200	21995	31484	31584	43513	62577	160513	486182	
A	4	10	16	19	22	25	26	27	28	30	31	32	33	35	37	
A	4	3150	5000	7187	8152	11687	16067	16260	22283	32077	32211	44304	63497	165769	500467	
A	5	8	10	11	15	16	17	18	19	21	22	23	25	26	27	28	29	30	31	32	33	35	36	37	
A	5	637	2507	3112	3531	4091	5927	6560	7265	7495	7599	8977	12625	16091	16812	20416	22384	31757	34294	48062	63886	158922	168256	512111	
A	6	8	10	11	14	15	16	17	18	19	21	22	23	25	26	27	28	29	30	31	32	33	35	36	37	
A	6	673	2691	3293	3294	3786	4406	6166	6865	7566	7811	7883	9309	12975	16380	17393	20839	22789	32156	34672	48277	64060	158778	167887	511485	
A	7	6	8	10	11	12	15	16	17	18	19	21	22	23	24	25	26	27	28	29	30	31	32	33	35	36	37	
A	7	1	636	2458	3030	3031	3420	4019	5658	6296	7025	7288	7384	8935	8936	12599	16037	17671	20539	22568	31922	34508	48545	64337	161289	170561	524409	
A	8	5	8	10	11	12	15	16	17	18	19	20	21	22	23	24	25	26	27	28	29	30	31	32	33	34	35	37	38	39	
A	8	2	752	2757	3396	3397	3772	4400	6254	6932	7628	7631	7913	7995	9573	9576	13383	14689	18972	21255	23341	33086	34875	46983	57859	64819	99617	158083	193519	511672	
A	9	6	8	10	11	12	13	15	16	17	18	19	20	21	22	23	24	25	26	27	28	29	30	31	32	33	34	35	37	38	39	
A	9	5	670	2557	3117	3121	3122	3564	4153	5862	6562	7273	7278	7534	7626	9182	9183	12839	14146	19071	20827	22866	32613	34407	46780	57984	65196	99877	159944	196205	519159	
A	10	5	6	7	8	9	10	11	12	14	15	16	17	18	19	20	21	22	23	24	25	26	27	28	29	30	31	32	33	34	35	36	37	38	39	
A	10	2	9	15	747	750	2632	3193	3196	3198	3619	4249	5887	6591	7288	7291	7555	7665	9172	9180	13006	14289	19846	20819	22854	32509	34323	46764	58001	65256	100101	100102	159949	197087	516807	
A	11	5	6	7	8	9	10	11	12	13	14	15	16	17	18	19	20	21	22	23	24	25	26	27	28	29	30	31	32	33	34	35	36	37	38	39	
A	11	1	2	5	718	729	2629	3211	3212	3215	3218	3619	4273	5988	6666	7360	7366	7643	7741	9298	9336	13188	14535	20642	21127	23275	33441	35089	47657	59061	66180	101550	101554	162029	199975	518877	
A	12	5	6	7	8	9	10	11	12	13	14	15	16	17	18	19	20	21	22	23	24	25	26	27	28	29	30	31	32	33	34	35	36	37	38	39	
A	12	1	8	18	726	741	2639	3242	3248	3250	3253	3689	4325	6009	6772	7512	7517	7811	7922	9513	9584	13285	14609	20745	21151	23353	33486	35148	47785	59086	66324	102385	102389	163134	201645	522546	
A	13	6	7	8	9	10	11	12	13	14	15	16	17	18	19	20	21	22	23	24	25	26	27	28	29	30	31	32	33	34	35	36	37	38	39	40	41	
A	13	4	12	828	863	2933	3572	3579	3581	3583	3654	4559	6369	7206	7981	7992	8336	8452	9342	10351	14159	15622	21864	22297	24551	29333	36319	45068	57608	65915	73072	95400	112186	167881	201240	295152	526882	
A	14	5	6	7	8	9	10	11	12	13	14	15	16	17	18	19	20	21	22	23	24	25	26	27	28	29	30	31	32	33	34	35	36	37	38	39	40	41	
A	14	7	26	40	866	910	3002	3607	3616	3620	3626	3726	4795	6609	7468	8250	8255	8580	8705	9609	10637	14381	15868	22093	22528	24752	29665	36334	45044	57656	65831	73029	94899	112167	167785	200916	294484	522365	
A	15	5	6	7	8	9	10	11	12	13	14	15	16	17	18	19	20	21	22	23	24	25	26	27	28	29	30	31	32	33	34	35	36	37	38	39	40	41	
A	15	2	15	34	812	891	2878	3489	3498	3506	3512	3625	4606	6387	7196	8002	8012	8342	8462	9370	10445	14197	15652	21826	22235	24509	29681	36400	45157	57761	66043	73416	95644	112965	168772	202192	296146	521792	
A	16	5	6	7	8	9	10	11	12	13	14	15	16	17	18	19	20	21	22	23	24	25	26	27	28	29	30	31	32	33	34	35	36	37	38	39	40	41	
A	16	4	28	54	1220	1413	4280	5162	5176	5186	5194	5376	6435	8362	9280	10175	10189	10590	10732	11729	13020	16819	18349	24616	25041	27406	32764	39562	48108	61117	69462	77125	99304	116896	173043	206325	301878	522448	
A	17	5	6	7	8	9	10	11	12	13	14	15	16	17	18	19	20	21	22	23	24	25	26	27	28	29	30	31	32	33	34	35	36	37	38	39	40	41	
A	17	1	19	43	938	1094	2990	3520	3530	3537	3548	3766	4823	6666	7469	8295	8313	8664	8807	9865	11172	14979	16495	22787	23265	25672	31257	38117	47074	59978	68409	76328	98426	115778	172393	206014	301168	518512	
A	18	5	6	7	8	9	10	11	12	13	14	15	16	17	18	19	20	21	22	23	24	25	26	27	28	29	30	31	32	33	34	35	36	37	38	39	40	41	
A	18	3	30	66	1059	1306	3205	3766	3774	3784	3802	4045	4984	5376	7534	8378	8389	8816	8972	10068	11538	15040	16592	22496	23017	25273	31171	38039	46455	54892	67942	75951	95863	113655	162828	203593	301407	520485	
A	19	5	6	7	8	9	10	11	12	13	14	15	16	17	18	19	20	21	22	23	24	25	26	27	28	29	30	31	32	33	34	35	36	37	38	39	40	41	
A	19	4	33	71	1063	1378	3201	3669	3687	3707	3727	4049	5110	5514	7447	8269	8293	8741	8903	10124	11937	15478	17060	22807	23332	25771	31907	38733	46822	55244	68024	76446	96073	113672	163210	204613	301883	517009	
A	20	5	6	7	8	9	10	11	12	13	14	15	16	17	18	19	20	21	22	23	24	25	26	27	28	29	30	31	32	33	34	35	36	37	38	39	40	41	
A	20	5	48	104	1145	1555	3254	3690	3711	3733	3769	4146	5277	5750	7438	8275	8305	8810	8970	10153	12070	15448	17079	22733	23278	25742	32155	38952	46855	55629	68345	77222	96955	114544	165098	205980	304440	516005	
A	21	5	6	7	8	9	10	11	12	13	14	15	16	17	18	19	20	21	22	23	24	25	26	27	28	29	30	31	32	33	34	35	36	37	38	39	40	41	
A	21	2	51	117	1306	1846	3587	3955	3977	4001	4056	4528	5700	6201	7923	8824	8860	9477	9678	10942	13217	16649	18268	23833	24370	26901	33781	40748	48518	57636	70549	79920	99733	117633	169240	210030	308886	515906	
A	22	5	6	7	8	9	10	11	12	13	14	15	16	17	18	19	20	21	22	23	24	25	26	27	28	29	30	31	32	33	34	35	36	37	38	39	40	41	
A	22	6	62	122	1415	2073	3722	4087	4116	4155	4201	4780	6037	6575	8139	9052	9096	9749	9941	11237	13626	17140	18864	24143	24802	27358	34579	41569	49088	58216	71164	81200	100771	119141	172092	213401	312892	516625	
A	23	5	6	7	8	9	10	11	12	13	14	15	16	17	18	19	20	21	22	23	24	25	26	27	28	29	30	31	32	33	34	35	36	37	38	39	40	41	
A	23	5	70	183	1534	2331	3828	4128	4167	4205	4266	4955	6258	6848	8284	9213	9267	10009	10248	11683	14387	17912	19705	24951	25567	28239	36020	43124	50339	59952	72550	83197	102829	121255	175076	213788	312016	514272	
A	24	5	6	7	8	9	10	11	12	13	14	15	16	17	18	19	20	21	22	23	24	25	26	27	28	29	30	31	32	33	34	35	36	37	38	39	40	41	
A	24	3	91	216	1813	2844	4283	4556	4597	4651	4720	5522	6833	7394	8757	9724	9780	10636	10894	12339	15327	18722	20616	25657	26400	29130	37507	44642	51657	61543	74290	85697	105331	124266	179673	218294	317441	514666	
A	25	5	6	7	8	9	10	11	12	13	14	15	16	17	18	19	20	21	22	23	24	25	26	27	28	29	30	31	32	33	34	35	36	37	38	39	40	41	
A	25	6	115	290	1916	3051	4250	4434	4489	4559	4657	5580	6962	7536	8760	9719	9823	10757	11062	12592	15761	19234	21152	26092	26938	29761	38439	46000	52971	63032	75850	87888	107290	126296	182353	220778	322188	514564	
A	26	5	6	7	8	9	10	11	12	13	14	15	16	17	18	19	20	21	22	23	24	25	26	27	28	29	30	31	32	33	34	35	36	37	38	39	40	41	
A	26	6	138	347	1993	3300	4358	4506	4567	4643	4765	5733	7102	7640	8733	9709	9800	10795	11123	12750	15940	19350	21275	26084	26960	29695	38652	46210	53028	63720	76232	89073	108460	128019	185179	223486	325161	513909	
A	27	5	6	7	8	9	10	11	12	13	14	15	16	17	18	19	20	21	22	23	24	25	26	27	28	29	30	31	32	33	34	35	36	37	38	39	40	41	
A	27	2	158	398	1929	3269	4105	4203	4291	4399	4522	5648	6921	7441	8475	9541	9670	10712	11084	12581	15890	19238	21357	25943	26940	29802	39013	46616	53066	64012	76228	89921	109105	128578	186872	224688	327930	514089	
A	28	5	6	7	8	9	10	11	12	13	14	15	16	17	18	19	20	21	22	23	24	25	26	27	28	29	30	31	32	33	34	35	36	37	38	39	40	41	
A	28	6	181	448	2070	3632	4288	4365	4465	4578	4758	5997	7256	7735	8765	9838	9970	11174	11604	13155	16686	19920	22114	26504	27620	30478	39888	47687	53900	65287	77357	91709	110692	130513	190210	227412	331543	513074	
A	29	5	6	7	8	9	10	11	12	13	14	15	16	17	18	19	20	21	22	23	24	25	26	27	28	29	30	31	32	33	34	35	36	37	38	39	40	41	
A	29	9	249	601	2245	3801	4374	4440	4534	4664	4850	6100	7273	7694	8651	9665	9827	11053	11582	13309	16793	19957	22218	26521	27780	30730	40587	48592	54676	66478	78493	93879	112685	133115	193320	230223	335707	512652	
A	30	5	6	7	8	9	10	11	12	13	14	15	16	17	18	19	20	21	22	23	24	25	26	27	28	29	30	31	32	33	34	35	36	37	38	39	40	41	
A	30	12	306	691	2334	4089	4493	4532	4671	4845	5104	6451	7656	8016	9046	10178	10357	11609	12150	13935	17490	20594	23034	27258	28651	31745	41664	50056	56098	68564	80600	96676	115634	136377	197609	234045	339715	512750	
A	31	5	6	7	8	9	10	11	12	13	14	15	16	17	18	19	20	21	22	23	24	25	26	27	28	29	30	31	32	33	34	35	36	37	38	39	40	41	
A	31	13	321	794	2569	4423	4769	4813	4971	5170	5435	6904	8053	8413	9414	10583	10795	12227	12858	14746	18502	21516	24242	28453	30072	33206	43082	51848	57945	70904	82751	99627	118743	140092	201783	238734	344370	512222	
A	32	5	6	7	8	9	10	11	12	13	14	15	16	17	18	19	20	21	22	23	24	25	26	27	28	29	30	31	32	33	34	35	36	37	38	39	40	41	
A	32	9	396	929	2728	4566	4828	4861	5036	5271	5630	7069	8159	8527	9499	10654	10909	12359	13076	15023	18687	21706	24535	28781	30707	33982	44035	52902	59067	72821	84989	102581	121862	144008	206089	243667	349169	511375	
A	33	5	6	7	8	9	10	11	12	13	14	15	16	17	18	19	20	21	22	23	24	25	26	27	28	29	30	31	32	33	34	35	36	37	38	39	40	41	
A	33	15	420	1032	2756	4726	4867	4905	5107	5394	5788	7324	8353	8651	9674	10880	11223	12767	13517	15578	19485	22467	25603	29834	31947	35423	45271	54460	60949	75133	87390	105867	125341	148035	211439	249130	354467	512488	
A	34	5	6	7	8	9	10	11	12	13	14	15	16	17	18	19	20	21	22	23	24	25	26	27	28	29	30	31	32	33	34	35	36	37	38	39	40	41	
A	34	16	520	1195	2869	4836	4936	4982	5218	5581	6064	7584	8544	8854	9928	11143	11499	13100	13984	16045	19944	22823	26162	30378	32760	36284	46180	55739	62433	77221	89701	109066	128856	152538	216150	253736	358484	512126	
A	35	5	6	7	8	9	10	11	12	13	14	15	16	17	18	19	20	21	22	23	24	25	26	27	28	29	30	31	32	33	34	35	36	37	38	39	40	41	
A	35	27	597	1355	3096	4974	5033	5101	5378	5762	6300	7922	8801	9083	10193	11507	11948	13617	14609	16924	20839	23530	27173	31410	34155	37877	47515	57261	64190	79573	92790	113004	133421	157462	221563	259677	363969	511218	
A	36	5	6	7	8	9	10	11	12	13	14	15	16	17	18	19	20	21	22	23	24	25	26	27	28	29	30	31	32	33	34	35	36	37	38	39	40	41	
A	36	23	539	1308	2825	4434	4477	4558	4860	5303	5850	7398	8188	8473	9406	10455	11022	12573	13675	16044	19568	22101	25744	29271	32180	35376	45051	54496	61270	76221	88260	108883	127989	152425	211821	255111	351924	511667	
A	37	5	6	7	8	9	10	11	12	13	14	15	16	17	18	19	20	21	22	23	24	25	26	27	28	29	30	31	32	33	34	35	36	37	38	39	40	41	
A	37	31	636	1407	2899	4479	4494	4587	4927	5412	6037	7495	8186	8512	9538	10794	11418	13130	14301	16741	20287	22552	26543	30292	33644	37267	46641	56353	63390	78591	90990	112333	131886	156584	214841	257400	351934	511332	
A	38	5	6	7	8	9	10	11	12	13	14	15	16	17	18	19	20	21	22	23	24	25	26	27	28	29	30	31	32	33	34	35	36	37	38	39	40	41	
A	38	56	701	1530	3046	4503	4521	4628	4973	5538	6185	7608	8162	8503	9517	10700	11354	12896	14215	17072	20676	22728	26926	30618	34144	37870	46746	56565	63905	79331	92180	114225	134226	159780	215608	258675	352000	511500	
A	39	5	6	7	8	9	10	11	12	13	14	15	16	17	18	19	20	21	22	23	24	25	26	27	28	29	30	31	32	33	34	35	36	37	38	39	40	41	
A	39	51	764	1700	3154	4605	4636	4769	5177	5757	6448	7704	8221	8578	9645	10898	11635	13097	14483	17375	20737	22701	27086	30807	34813	38759	47217	57376	65126	80879	94423	117915	138484	164736	220260	262998	354716	511500	
A	40	5	6	7	8	9	10	11	12	13	14	15	16	17	18	19	20	21	22	23	24	25	26	27	28	29	30	31	32	33	34	35	36	37	38	39	40	41	
A	40	36	759	1717	3197	4481	4499	4638	5044	5676	6386	7613	8067	8475	9630	10909	11730	13279	14773	17968	21321	23019	27689	31339	35805	39872	48169	58462	66461	82425	96718	121703	143409	170897	225278	269141	358344	511751	
A	41	5	6	7	8	9	10	11	12	13	14	15	16	17	18	19	20	21	22	23	24	25	26	27	28	29	30	31	32	33	34	35	36	37	38	39	40	41	
A	41	47	850	1915	3441	4686	4708	4860	5271	5978	6754	7907	8380	8773	9970	11231	12137	13753	15274	18517	21923	23568	28500	32151	36827	41262	49361	59907	68390	84949	100272	127090	149665	177953	230854	275271	362824	510517	
A	42	5	6	7	8	9	10	11	12	13	14	15	16	17	18	19	20	21	22	23	24	25	26	27	28	29	30	31	32	33	34	35	36	37	38	39	40	41	
A	42	60	862	1996	3567	4694	4723	4905	5353	6102	6958	8055	8513	8964	10188	11468	12445	14063	15794	19121	22535	23955	29375	32991	38018	42563	50457	61509	70329	86890	103095	131872	155953	185680	237490	282761	368392	510909	
A	43	5	6	7	8	9	10	11	12	13	14	15	16	17	18	19	20	21	22	23	24	25	26	27	28	29	30	31	32	33	34	35	36	37	38	39	40	41	
A	43	54	998	2193	3776	4839	4873	5109	5589	6483	7337	8409	8850	9318	10641	11968	13040	14659	16558	20136	23409	24817	30567	34299	39781	44685	52489	63862	73231	90346	107587	138725	164011	195009	246181	293194	375516	512051	
A	44	5	6	7	8	9	10	11	12	13	14	15	16	17	18	19	20	21	22	23	24	25	26	27	28	29	30	31	32	33	34	35	36	37	38	39	40	41	
A	44	91	1061	2398	4049	5082	5125	5371	5907	6767	7645	8567	8922	9419	10845	12154	13569	15179	17235	21010	24288	25842	31897	35636	41384	46511	54229	66001	75762	93347	112020	145227	171653	203701	253117	300267	379808	510018	
A	45	5	6	7	8	9	10	11	12	13	14	15	16	17	18	19	20	21	22	23	24	25	26	27	28	29	30	31	32	33	34	35	36	37	38	39	40	41	
A	45	87	1115	2589	4325	5239	5281	5545	6061	6994	7946	8778	9125	9654	11161	12447	14102	15654	17807	21690	24881	26376	32757	36449	42665	48301	56052	68266	78436	96459	116283	152641	180634	214115	262285	310267	387462	512154	
A	46	5	6	7	8	9	10	11	12	13	14	15	16	17	18	19	20	21	22	23	24	25	26	27	28	29	30	31	32	33	34	35	36	37	38	39	40	41	
A	46	99	1194	2727	4518	5360	5430	5739	6304	7300	8343	9188	9525	10151	11733	13016	14859	16439	18822	22940	26250	27749	34554	38285	44948	50872	58655	71326	81825	100445	122107	161904	190895	225539	272590	320720	394398	511670	
A	47	5	6	7	8	9	10	11	12	13	14	15	16	17	18	19	20	21	22	23	24	25	26	27	28	29	30	31	32	33	34	35	36	37	38	39	40	41	
A	47	142	1283	2885	4712	5432	5520	5894	6434	7490	8534	9300	9645	10197	11906	13165	15129	16720	19147	23397	26647	28122	35350	39105	45950	52402	60497	73602	84623	103785	126480	169777	200464	236373	281285	329694	399590	509453	
A	48	5	6	7	8	9	10	11	12	13	14	15	16	17	18	19	20	21	22	23	24	25	26	27	28	29	30	31	32	33	34	35	36	37	38	39	40	41	
A	48	157	1341	3071	4934	5597	5694	6095	6707	7848	8900	9600	9948	10540	12307	13590	15716	17357	19866	23746	27315	28684	36419	40351	47452	54143	62451	75924	87592	107416	131726	179158	211478	248531	289826	341315	407593	511194	
A	49	5	6	7	8	9	10	11	12	13	14	15	16	17	18	19	20	21	22	23	24	25	26	27	28	29	30	31	32	33	34	35	36	37	38	39	40	41	
A	49	175	1302	3156	5068	5627	5722	6153	6769	7940	8941	9613	9960	10671	12647	13895	16282	17955	20650	24639	28340	29752	37649	41684	48918	56183	64667	78339	90492	111263	137109	188598	222024	260229	299693	350628	413355	511104	
A	50	5	6	7	8	9	10	11	12	13	14	15	16	17	18	19	20	21	22	23	24	25	26	27	28	29	30	31	32	33	34	35	36	37	38	39	40	41	
A	50	160	1273	3228	5135	5682	5864	6627	7551	9791	10845	11694	11985	12613	14815	15877	19601	21709	25814	30865	35975	38142	49906	54368	67443	77011	91843	113130	131229	162082	203096	246794	282339	322447	365635	437100	487401	510210	
A	51	5	6	7	8	9	10	11	12	13	14	15	16	17	18	19	20	21	22	23	24	25	26	27	28	29	30	31	32	33	34	35	36	37	38	39	40	41	
A	51	221	1393	3463	5256	5690	5845	6481	7255	8910	9917	10596	10859	11554	13859	14918	18499	20374	23881	28607	32928	34646	45174	49519	59817	69123	81388	100276	117343	145574	185101	235084	272933	309330	350479	421277	483940	510670	
A	52	5	6	7	8	9	10	11	12	13	14	15	16	17	18	19	20	21	22	23	24	25	26	27	28	29	30	31	32	33	34	35	36	37	38	39	40	41	
A	52	234	1374	3422	5255	5612	5783	6450	7134	8494	9512	10155	10480	11234	13594	14644	17953	19749	22862	27328	31432	33081	42608	46752	55552	64463	75154	92061	107469	132968	168809	230126	268681	306903	343733	400965	460687	511763	
A	53	5	6	7	8	9	10	11	12	13	14	15	16	17	18	19	20	21	22	23	24	25	26	27	28	29	30	31	32	33	34	35	36	37	38	39	40	41	
A	53	277	1295	3316	5026	5329	5486	6111	6785	8056	8989	9590	9909	10641	13049	14011	17405	19080	22086	26421	30434	32066	41570	45669	53781	62955	73054	89033	103613	128189	163114	233194	271799	311673	344442	395479	446224	510757	
A	54	5	6	7	8	9	10	11	12	13	14	15	16	17	18	19	20	21	22	23	24	25	26	27	28	29	30	31	32	33	34	35	36	37	38	39	40	41	
A	54	296	1391	3651	5354	5632	5846	6462	7073	8248	9303	9922	10211	11002	13596	14498	17922	19770	22748	26999	29479	32800	42015	46411	53997	63305	73311	89314	103944	128493	163850	242352	281604	322353	352348	400860	445613	511719	
A	55	5	6	7	8	9	10	11	12	13	14	15	16	17	18	19	20	21	22	23	24	25	26	27	28	29	30	31	32	33	34	35	36	37	38	39	40	41	
A	55	265	1091	2891	4326	4510	4723	5415	5954	7156	7986	8603	8841	9580	12024	12810	16277	18039	21033	25086	27616	30677	39821	43880	51309	60084	69699	85185	99260	123206	157366	247170	287608	329820	353957	404992	443844	511673	
A	56	5	6	7	8	9	10	11	12	13	14	15	16	17	18	19	20	21	22	23	24	25	26	27	28	29	30	31	32	33	34	35	36	37	38	39	40	41	
A	56	240	1054	2895	4218	4371	4580	5176	5647	6679	7446	8031	8276	9013	11383	12105	15561	17220	19945	23930	26304	29403	38008	41857	48711	57597	67163	82184	96077	119712	154320	255226	296275	339625	361874	409982	444875	511170	
A	57	5	6	7	8	9	10	11	12	13	14	15	16	17	18	19	20	21	22	23	24	25	26	27	28	29	30	31	32	33	34	35	36	37	38	39	40	41	
A	57	277	1126	3051	4389	4514	4742	5343	5834	6844	7602	8197	8421	9192	11712	12336	15836	17480	20109	24013	26246	29662	38200	42303	48755	57865	67390	82645	96322	119782	154929	266673	308679	352414	372539	418156	449328	512381	
A	58	5	6	7	8	9	10	11	12	13	14	15	16	17	18	19	20	21	22	23	24	25	26	27	28	29	30	31	32	33	34	35	36	37	38	39	40	41	
A	58	284	1037	3102	4366	4457	4698	5330	5861	6768	7395	8037	8243	9020	11769	12373	15527	16928	20201	23508	25485	28843	38617	42912	49018	58347	68137	83380	97250	121289	157609	278346	320580	363942	382414	426013	454223	512608	
A	59	5	6	7	8	9	10	11	12	13	14	15	16	17	18	19	20	21	22	23	24	25	26	27	28	29	30	31	32	33	34	35	36	37	38	39	40	41	
A	59	329	1098	3215	4455	4534	4774	5441	5972	6903	7552	8215	8434	9260	12193	12706	16023	17399	20707	23834	25903	29480	39448	43780	49768	59425	69328	84992	98904	123386	161261	289505	332307	375169	391862	432702	458060	511166	
A	60	5	6	7	8	9	10	11	12	13	14	15	16	17	18	19	20	21	22	23	24	25	26	27	28	29	30	31	32	33	34	35	36	37	38	39	40	41	
A	60	305	1014	3050	4157	4205	4499	5161	5695	6577	7178	7879	8109	8989	11917	12398	15875	17265	20750	23861	25882	29702	40111	44476	50151	59919	70127	86140	100318	126075	165740	302182	345286	387594	402824	441613	464660	512759	
A	61	2	5	6	7	8	9	10	11	12	13	14	15	16	17	18	19	20	21	22	23	24	25	26	27	28	29	30	31	32	33	34	35	36	37	38	39	40	41	
A	61	473	833	1510	3566	4704	4750	5065	5709	6249	7078	7679	8475	8711	9560	12633	13072	16661	17980	21354	24588	26616	30611	40872	45491	50831	60963	71345	87753	102301	128616	169758	314445	357770	398620	412349	449123	469803	513041	
A	62	2	5	6	7	8	9	10	11	12	13	14	15	16	17	18	19	20	21	22	23	24	25	26	27	28	29	30	31	32	33	34	35	36	37	38	39	40	41	
A	62	941	1339	2036	4248	5361	5395	5737	6418	6944	7696	8243	9129	9306	10268	13441	13842	17550	18843	22347	25543	27648	31797	41857	46757	51842	62285	72799	89229	103957	131192	173652	324391	367468	406963	419407	453499	471856	510678	
A	63	2	5	6	7	8	9	10	11	12	13	14	15	16	17	18	19	20	21	22	23	24	25	26	27	28	29	30	31	32	33	34	35	36	37	38	39	40	41	
A	63	1431	1843	2455	4764	5777	5799	6184	6871	7456	8138	8603	9559	9781	10740	14117	14449	18509	19722	23129	26391	28489	32986	43254	48320	53285	63836	74614	91872	106858	134959	178956	337888	380952	418444	429912	461529	477826	512311	
A	64	2	5	6	7	8	9	10	11	12	13	14	15	16	17	18	19	20	21	22	23	24	25	26	27	28	29	30	31	32	33	34	35	36	37	38	39	40	41	
A	64	1936	2426	3026	5524	6448	6465	6861	7510	8125	8800	9324	10147	10477	11427	14023	15220	19294	20499	23329	27401	29471	34280	44280	48058	52759	65365	76101	93453	108634	137563	182886	348198	390952	426506	436685	466079	480858	511633	
A	65	2	5	6	7	8	9	10	11	12	13	14	15	16	17	18	19	20	21	22	23	24	25	26	27	28	29	30	31	32	33	34	35	36	37	38	39	40	41	
A	65	2497	3027	3588	6089	7025	7036	7473	8123	8737	9395	9834	10776	11092	12193	14850	16112	20382	21525	24264	28407	30589	35495	45372	49207	53646	66609	77612	95326	110597	140176	186900	357938	399897	433711	442974	469851	482873	510210	
A	66	2	5	6	7	8	9	10	11	12	13	14	15	16	17	18	19	20	21	22	23	24	25	26	27	28	29	30	31	32	33	34	35	36	37	38	39	40	41	
A	66	2961	3529	4124	6795	7668	7676	8212	8846	9479	10075	10531	11582	11911	13033	15747	17021	21436	22524	25442	29633	31880	37297	47138	51144	55365	68774	79965	97899	113503	143639	191961	368570	409844	441610	449862	475075	486669	510894	
A	67	2	5	6	7	8	9	10	11	12	13	14	15	16	17	18	19	20	21	22	23	24	25	26	27	28	29	30	31	32	33	34	35	36	37	38	39	40	41	
A	67	3467	4071	4588	7155	7937	7940	8487	9143	9804	10303	10713	11803	12135	13276	16000	17437	22030	23044	25818	30218	32516	37990	47946	52097	56006	69409	80766	99144	115017	146241	196201	379306	419925	449925	457359	480716	490652	511799	
A	68	2	5	6	7	8	9	10	11	12	13	14	15	16	17	18	19	20	21	22	23	24	25	26	27	28	29	30	31	32	33	34	35	36	37	38	39	40	41	
A	68	4002	4610	5066	7687	8455	8458	9006	9669	10408	10887	11245	12346	12701	13851	16610	18066	22906	23893	26796	31269	33392	39209	48683	53012	56590	70838	82250	100735	117196	149002	200115	387277	427328	455476	462136	483643	492392	510740	
A	69	2	5	6	7	8	9	10	11	12	13	14	15	16	17	18	19	20	21	22	23	24	25	26	27	28	29	30	31	32	33	34	35	36	37	38	39	40	41	
A	69	4618	5296	5757	8479	9173	9174	9735	10354	11058	11479	11847	13084	13426	14590	17471	18944	23816	24723	25902	29386	34233	40221	49651	54002	57292	71724	83161	102150	118399	150967	203005	396640	435949	462682	468316	488037	495921	512062	
A	70	2	5	6	7	8	9	10	11	12	13	14	15	16	17	18	19	20	21	22	23	24	25	26	27	28	29	30	31	32	33	34	35	36	37	38	39	40	41	
A	70	5142	5809	6197	9027	9688	9689	10339	10877	11648	12010	12323	13581	13924	15157	18113	19774	24587	25460	26516	30043	35289	41811	51134	55660	58830	73351	84861	104000	120490	153329	206682	403032	441358	466164	471217	489352	496113	510029	
A	71	2	5	6	7	8	9	10	11	12	13	14	15	16	17	18	19	20	21	22	23	24	25	26	27	28	29	30	31	32	33	34	35	36	37	38	39	40	41	
A	71	5745	6500	6888	9782	10433	10437	11126	11699	12470	12805	13106	14410	14794	15999	18979	20755	25706	26490	27438	31009	36398	43105	52208	56835	59787	74852	86357	105829	122492	155641	210217	410715	448458	471527	476004	492341	498173	509901	
A	72	2	5	6	7	8	9	10	11	12	13	14	15	16	17	18	19	20	21	22	23	24	25	26	27	28	29	30	31	32	33	34	35	36	37	38	39	40	41	
A	72	6546	7300	7669	10630	11274	11275	12040	12580	13385	13691	13963	15361	15793	17146	20255	22135	27115	27865	28783	32374	37925	44839	53967	58818	61587	76963	88620	108460	125438	159337	215435	419166	455891	477227	481189	496344	501495	511713	
A	73	2	5	6	7	8	10	11	12	13	14	15	16	17	18	19	20	21	22	23	24	25	26	27	28	29	30	31	32	33	34	35	36	37	38	39	40	41	
A	73	6989	7751	8056	11085	11694	12480	13021	13842	14135	14399	15979	16378	17719	20689	22615	27578	28302	29184	32943	38705	45805	54720	59785	62299	77695	89429	109548	126723	161419	218425	425948	461816	481646	485084	498635	502978	511614	
A	74	2	5	6	7	8	9	10	11	12	13	14	15	16	17	18	19	20	21	22	23	24	25	26	27	28	29	30	31	32	33	34	35	36	37	38	39	40	41	
A	74	7772	8585	8899	11878	12455	12456	13310	13786	14616	14876	15137	16680	17097	18507	21558	23622	28663	29304	30187	33940	39750	47066	52083	60879	63267	78882	90670	110833	128064	163385	221314	431034	465906	484703	487712	500081	503674	511015	
A	75	2	5	6	7	8	10	11	12	13	14	15	16	17	18	19	20	21	22	23	24	25	26	27	28	29	30	31	32	33	34	35	36	37	38	39	40	41	
A	75	8371	9276	9575	12622	13178	14048	14507	15371	15601	15838	17491	17880	19300	22448	24662	29881	30451	31239	35027	41040	48804	53490	62686	64784	80851	92658	112956	130302	165893	224917	436308	470403	487786	490425	501711	504760	510805	
A	76	2	5	6	7	8	9	10	11	12	13	14	15	16	17	18	19	20	21	22	23	24	25	26	27	28	29	30	31	32	33	34	35	36	37	38	39	40	41	
A	76	9139	10026	10251	13263	13829	13831	14750	15246	16112	16333	16508	18198	18585	20040	23231	25435	30675	31211	31959	35879	42033	49987	54342	63836	65759	82120	93656	114400	132219	167888	227710	441555	474995	490961	493140	503397	505842	510755	
A	77	2	5	6	7	8	9	10	11	12	13	14	15	16	17	18	19	20	21	22	23	24	25	26	27	28	29	30	31	32	33	34	35	36	37	38	39	40	41	
A	77	9884	10822	11031	14149	14666	14668	15591	15982	16904	17087	17267	19031	19474	20858	24094	26447	31712	32167	32820	36734	43176	51346	55443	65128	66869	83295	95060	115724	133561	169556	230400	445212	477840	492499	494430	503617	505661	509643	
A	78	2	5	6	7	8	9	10	11	12	13	14	15	16	17	18	19	20	21	22	23	24	25	26	27	28	29	30	31	32	33	34	35	36	37	38	39	40	41	
A	78	10692	11648	11836	15068	15598	15600	16556	16929	17850	18020	18219	20024	20449	21930	25244	27762	33061	33498	34146	38171	44784	53202	56971	67115	68688	85674	97476	118496	136212	172751	234314	452011	483346	496793	498450	506515	508079	511295	
A	79	2	5	6	7	8	10	11	12	13	14	15	16	17	18	19	20	21	22	23	24	25	26	27	28	29	30	31	32	33	34	35	36	37	38	39	40	41	
A	79	11404	12443	12617	15862	16403	17416	17771	18703	18845	18994	20830	21261	22771	26120	28732	33992	34380	35034	39184	45807	54399	57787	68123	69594	86898	98781	120044	138253	174816	237062	454200	485324	497947	499291	506324	507592	510109	
A	80	2	5	6	7	8	9	10	11	12	13	14	15	16	17	18	19	20	21	22	23	24	25	26	27	28	29	30	31	32	33	34	35	36	37	38	39	40	41	
A	80	12082	13095	13258	16303	16757	16758	17867	18180	19066	19186	19307	21169	21601	23190	26549	29365	34667	35016	35599	39538	46410	55057	58287	68752	70021	87434	99209	120534	138769	175976	239251	456761	487264	498750	499874	506114	507096	509027	
A	81	2	5	6	7	8	9	10	11	12	13	14	15	16	17	18	19	20	21	22	23	24	25	26	27	28	29	30	31	32	33	34	35	36	37	38	39	40	41	
A	81	13255	14253	14379	17496	17990	17993	19000	19308	20279	20406	20518	22382	22852	24383	27774	30549	35818	36134	36685	40896	47829	56909	59708	70421	71532	88774	100725	122364	140949	178681	243056	463083	492833	503475	504395	509862	510630	512041	
A	82	2	5	6	7	8	9	10	11	12	13	14	15	16	17	18	19	20	21	22	23	24	25	26	27	28	29	30	31	32	33	34	35	36	37	38	39	40	41	
A	82	14093	15154	15280	18537	19032	19035	20079	20365	21425	21514	21599	23518	23995	25598	29041	31950	37314	37600	38152	42343	49291	58484	61104	72109	73142	90791	102666	124638	143317	180897	246107	465884	494627	504414	505140	509803	510355	511382	
A	83	2	5	6	7	8	10	11	12	13	14	15	16	17	18	19	20	21	22	23	24	25	26	27	28	29	30	31	32	33	34	35	36	37	38	39	40	41	
A	83	14922	15992	16108	19284	19792	20931	21176	22182	22261	22353	24349	24801	26419	29769	32734	37997	38241	38761	43114	50205	59620	62036	73120	74060	91985	103690	125747	144302	182124	247501	466154	494573	503385	504024	507899	508276	508986	
A	84	2	5	6	7	8	9	10	11	12	13	14	15	16	17	18	19	20	21	22	23	24	25	26	27	28	29	30	31	32	33	34	35	36	37	38	39	40	41	
A	84	16005	17049	17158	20300	20787	20788	21905	22153	23203	23279	23368	25449	25891	27487	31038	34028	39195	39420	39924	44210	51383	61030	63289	74587	75381	93525	105386	127511	146410	184530	251161	472058	499730	507597	508058	511404	511661	512154	
A	85	2	5	6	7	8	9	10	11	12	13	14	15	16	17	18	19	20	21	22	23	24	25	26	27	28	29	30	31	32	33	34	35	36	37	38	39	40	41	
A	85	17151	18269	18349	21485	21944	21947	23046	23270	24346	24413	24479	26605	27089	28670	32135	35289	40448	40678	41162	45435	52552	62031	64095	75835	76516	94920	106789	129099	148056	186529	252670	472418	499310	506474	506868	509557	509708	510034	
A	86	2	5	6	7	8	9	10	11	12	13	14	15	16	17	18	19	20	21	22	23	24	25	26	27	28	29	30	31	32	33	34	35	36	37	38	39	40	41	
A	86	18232	19326	19400	22523	22959	22964	24051	24254	25300	25342	25414	27476	27943	29554	32958	36133	41319	41546	42000	46174	53492	63162	64995	76600	77274	95922	107936	130255	149506	187788	254742	473770	500209	506492	506810	508946	509068	509270	
A	87	2	5	6	7	8	10	11	12	13	14	15	16	17	18	19	20	21	22	23	24	25	26	27	28	29	30	31	32	33	34	35	36	37	38	39	40	41	
A	87	19734	20847	20887	23980	24400	25459	25634	26743	26788	26835	28892	29420	31062	34554	37711	42873	43032	43500	47713	55232	65262	66931	78682	79244	97851	110045	132927	152317	191061	259314	477887	503865	509460	509659	511288	511363	511485	
A	88	2	5	6	7	8	10	11	12	13	14	15	16	17	18	19	20	21	22	23	24	25	26	27	28	29	30	31	32	33	34	35	36	37	38	39	40	41	
A	88	20919	22015	22079	25201	25623	26753	26910	27960	27997	28051	30149	30643	32227	35744	38939	44033	44195	44690	49083	56674	66636	68071	80074	80593	99344	111659	134683	154564	193839	262506	479296	504633	509350	509546	510705	510745	510825	
A	89	2	5	6	7	8	9	10	11	12	13	14	15	16	17	18	19	20	21	22	23	24	25	26	27	28	29	30	31	32	33	34	35	36	37	38	39	40	41	
A	89	22651	23697	23736	26929	27338	27340	28442	28588	29611	29636	29676	31800	32281	33947	37553	40654	45641	45769	46234	50620	58058	68306	69688	81925	82385	101185	113330	136768	156241	195232	264439	479084	503571	507774	507883	508762	508789	508843	
A	90	2	5	6	7	8	10	11	12	13	14	15	16	17	18	19	20	21	22	23	24	25	26	27	28	29	30	31	32	33	34	35	36	37	38	39	40	41	
A	90	24311	25369	25403	28248	28658	29685	29813	30882	30903	30931	32991	33501	35143	38801	42051	47027	47146	47610	51949	59650	69688	70937	83192	83585	102750	115179	138707	158705	198533	269540	483280	507186	510694	510786	511393	511408	511418	
A	91	2	5	6	7	8	9	10	11	12	13	14	15	16	17	18	19	20	21	22	23	24	25	26	27	28	29	30	31	32	33	34	35	36	37	38	39	40	41	
A	91	25954	26880	26900	29588	29927	29930	31021	31132	32213	32236	32270	34352	34850	36356	39872	43113	48108	48212	48696	52910	60532	70552	71625	83860	84225	103464	115946	139558	159881	199390	270171	483748	507294	510352	510411	510835	510843	510847	
A	92	2	5	6	7	8	10	11	12	13	14	15	16	17	18	19	20	21	22	23	24	25	26	27	28	29	30	31	32	33	34	35	36	37	38	39	40	41	
A	92	27911	28881	28901	31571	31896	32772	32849	33854	33870	33893	35866	36361	37870	41351	44557	49362	49442	49897	54215	61807	71817	72770	85142	85439	104243	116752	140269	160591	200389	271190	483346	506186	508635	508675	508959	508960	508963	
A	93	2	5	6	7	8	9	10	11	12	13	14	15	16	17	18	19	20	21	22	23	24	25	26	27	28	29	30	31	32	33	34	35	36	37	38	39	
A	93	30279	31233	31255	33804	34110	34111	35004	35080	36087	36102	36129	38096	38581	40084	43696	46875	51426	51486	51948	56282	64045	73995	74788	87013	87271	106246	118897	142910	163460	203838	274943	486927	509513	511551	511578	511754	
A	94	2	5	6	7	8	10	11	12	13	14	15	16	17	18	19	20	21	22	23	24	25	26	27	28	29	30	31	32	33	34	35	36	37	38	39	
A	94	32537	33367	33391	35655	35919	36699	36770	36781	37775	37791	39740	40189	41661	45147	48182	52646	52706	53194	57351	64935	74712	75419	87981	88213	107239	119820	143536	164298	204322	276810	486592	508510	510064	510079	510192	
A	95	2	5	6	7	8	9	10	11	12	13	14	15	16	17	18	19	20	21	22	23	24	25	26	27	28	29	30	31	32	33	34	35	36	37	38	39	
A	95	35688	36424	36437	38374	38594	38595	39241	39294	39304	40199	40208	42079	42527	43854	47170	49961	54403	54459	54908	59020	66606	76493	77104	89394	89601	108492	121097	145291	165796	205932	278109	487205	508692	509975	509986	510048	
A	96	2	5	6	7	8	9	10	11	12	13	14	15	16	17	18	19	20	21	22	23	24	25	26	27	28	29	30	31	32	33	34	35	36	37	38	39	
A	96	39105	39677	39681	41353	41552	41553	42046	42079	42085	42851	42857	44578	45028	46323	49582	52420	56719	56751	57243	61385	68876	78546	79121	91414	91598	110579	123290	147504	168094	208049	280777	488482	509317	510328	510333	510365	
A	97	2	5	6	7	8	9	10	11	12	13	14	15	16	17	18	19	20	21	22	23	24	25	26	27	28	29	30	31	32	33	34	35	36	37	38	39	
A	97	43747	44093	44098	45263	45396	45398	45774	45798	45800	46415	46421	48022	48490	49653	52848	55515	59478	59495	59952	63837	71072	80507	80958	93082	93244	112067	124737	149063	170020	210407	283344	488859	509275	510108	510114	510131	
A	98	2	5	6	7	8	10	11	12	13	14	15	16	17	18	19	20	21	22	23	24	25	26	27	28	29	30	31	32	33	34	35	36	37	38	39	
A	98	48972	49068	49070	49503	49543	49709	49716	49719	50001	50004	51400	51862	52950	56083	58467	62243	62264	62744	66515	73619	82907	83288	95535	95681	114597	127246	151874	172606	212881	286576	489872	509875	510547	510549	510557	
A	99	2	8	13	15	16	17	18	19	20	21	22	23	24	25	26	27	28	29	30	31	32	33	34	35	36	37	39	
A	99	55317	55318	55334	56552	56970	57911	60993	63089	66467	66482	66940	70530	77236	85897	86234	98037	98179	116185	129170	154012	175029	215439	289870	492207	511948	512475	512487	
T	0	10	16	19	22	23	25	26	27	28	30	31	33	34	
T	0	4444	9186	9188	9813	14754	19261	29939	40804	49487	84033	250693	313170	576353	
T	1	10	16	19	22	23	25	26	27	28	30	31	33	34	
T	1	3473	9296	9298	9927	13698	19896	27944	37207	47176	77724	215826	267444	507895	
T	2	10	16	19	22	23	25	26	27	28	30	31	33	34	
T	2	3634	10013	10014	10739	14455	21467	29371	38812	50194	82213	222140	276224	520300	
T	3	10	16	19	22	25	26	27	28	30	31	32	33	35	37	
T	3	3381	4578	9615	10231	14035	17389	17505	26336	35061	35151	51127	75194	209856	537452	
T	4	10	16	19	22	25	26	27	28	30	31	32	33	35	37	
T	4	3459	4802	10069	10701	14578	18083	18205	27167	36066	36175	52471	77459	217292	544871	
T	5	8	10	11	15	16	17	18	19	21	22	23	25	26	27	28	29	30	31	32	33	35	36	37	
T	5	533	2302	3206	4154	4409	8065	8405	9145	9206	9243	10304	13815	16695	17036	23845	25219	33403	36953	52333	71449	186045	198783	502776	
T	6	8	10	11	15	16	17	18	19	21	22	23	25	26	27	28	29	30	31	32	33	35	36	37	
T	6	621	2408	3363	4277	4552	8190	8600	9266	9331	9373	10501	14121	17097	18091	24181	25552	34046	37690	53281	73041	191754	205152	526293	
T	7	8	10	11	15	16	17	18	19	21	22	23	25	26	27	28	29	30	31	32	33	35	36	37	
T	7	567	2332	3203	4095	4380	7899	8246	8868	8947	8978	10135	13836	16698	18862	23758	25132	33597	37293	52745	71722	188432	201407	519012	
T	8	6	7	8	10	11	12	13	15	16	17	18	19	20	21	22	23	24	25	26	27	28	29	30	31	32	33	34	35	37	38	39	
T	8	1	2	644	2559	3509	3510	3513	4447	4801	8453	8870	9630	9631	9742	9794	10967	10970	14784	15587	20948	24656	26193	35096	37867	51466	61425	74286	110388	181621	204477	531800	
T	9	5	6	7	8	9	10	11	12	13	14	15	16	17	18	19	20	21	22	23	24	25	26	27	28	29	30	31	32	33	34	35	36	37	38	39	
T	9	1	2	6	584	586	2307	3202	3205	3208	3209	4131	4422	7978	8344	8994	8995	9083	9137	10307	10315	14033	14812	21354	23782	25297	34132	36740	50369	60030	72437	107639	107640	176822	199694	515816	
T	10	5	6	7	8	9	10	11	12	13	14	15	16	17	18	19	20	21	22	23	24	25	26	27	28	29	30	31	32	33	34	35	36	37	38	39	
T	10	6	9	14	588	594	2298	3217	3221	3226	3227	4151	4471	8127	8477	9181	9190	9303	9370	10591	10606	14311	15101	22839	24043	25549	34489	37029	50579	60686	73120	109141	109144	178975	202203	519466	
T	11	5	6	7	8	9	10	11	12	13	14	15	16	17	18	19	20	21	22	23	24	25	26	27	28	29	30	31	32	33	34	35	36	37	38	39	
T	11	2	10	20	623	641	2420	3340	3349	3357	3358	4257	4614	8098	8523	9226	9237	9358	9422	10685	10738	14612	15384	23960	24333	25860	35022	37478	51306	61407	73864	109720	109724	179860	203714	517755	
T	12	5	6	7	8	9	10	11	12	13	14	15	16	17	18	19	20	21	22	23	24	25	26	27	28	29	30	31	32	33	34	35	36	37	38	39	
T	12	2	10	14	715	736	2472	3367	3379	3386	3387	4296	4678	8239	8642	9293	9304	9453	9506	10797	10912	14681	15520	24172	24382	25893	35267	37675	51355	61603	74117	110519	110533	180573	205007	519447	
T	13	5	6	7	8	9	10	11	12	13	14	15	16	17	18	19	20	21	22	23	24	25	26	27	28	29	30	31	32	33	34	35	36	37	38	39	40	41	
T	13	4	12	25	684	729	2539	3496	3507	3515	3518	3634	4623	8276	8756	9569	9584	9740	9828	10643	11376	15242	16082	24749	24989	26597	31927	38441	49601	60070	73448	80075	104537	129187	183237	229561	313049	518092	
T	14	5	6	7	8	9	10	11	12	13	14	15	16	17	18	19	20	21	22	23	24	25	26	27	28	29	30	31	32	33	34	35	36	37	38	39	40	41	
T	14	2	16	22	752	843	2699	3665	3685	3692	3701	3844	4819	8485	8934	9721	9746	9908	9988	10788	11605	15623	16485	25274	25513	27135	32912	39415	50548	61131	74656	81651	105815	130661	185487	232524	316714	520209	
T	15	5	6	7	8	9	10	11	12	13	14	15	16	17	18	19	20	21	22	23	24	25	26	27	28	29	30	31	32	33	34	35	36	37	38	39	40	41	
T	15	1	19	39	777	892	2784	3706	3724	3734	3741	3893	4931	8718	9138	9872	9894	10051	10144	10977	11921	15923	16830	25556	25797	27469	33231	39907	50985	61607	75061	82142	106341	130971	186136	232805	318500	522343	
T	16	5	6	7	8	9	10	11	12	13	14	15	16	17	18	19	20	21	22	23	24	25	26	27	28	29	30	31	32	33	34	35	36	37	38	39	40	41	
T	16	2	29	53	920	1078	3190	4232	4258	4273	4290	4505	5743	9463	9994	10880	10910	11113	11209	12183	13300	17475	18363	26953	27205	28955	35334	42074	53016	64022	77416	84804	108809	133694	189092	235655	321376	521042	
T	17	5	6	7	8	9	10	11	12	13	14	15	16	17	18	19	20	21	22	23	24	25	26	27	28	29	30	31	32	33	34	35	36	37	38	39	40	41	
T	17	3	32	59	904	1113	2936	3740	3765	3795	3811	4081	5325	8912	9383	10164	10201	10403	10496	11519	12745	16919	17887	26262	26543	28264	35003	41575	52910	63920	77366	85089	108874	133886	189080	235876	321265	519527	
T	18	5	6	7	8	9	10	11	12	13	14	15	16	17	18	19	20	21	22	23	24	25	26	27	28	29	30	31	32	33	34	35	36	37	38	39	40	41	
T	18	6	43	79	960	1251	2922	3744	3780	3814	3834	4186	5348	6096	9279	10059	10123	10391	10520	11645	13047	17089	18139	26038	26306	28064	35433	41969	52530	60397	76901	85153	105171	130197	174338	230998	319144	520033	
T	19	5	6	7	8	9	10	11	12	13	14	15	16	17	18	19	20	21	22	23	24	25	26	27	28	29	30	31	32	33	34	35	36	37	38	39	40	41	
T	19	3	44	85	1037	1435	3198	3921	3975	4021	4056	4504	5855	6737	9539	10391	10435	10738	10875	11998	13707	17936	18936	26459	26789	28518	36306	42877	52965	60914	77274	86021	106092	130900	176076	232726	321223	519877	
T	20	5	6	7	8	9	10	11	12	13	14	15	16	17	18	19	20	21	22	23	24	25	26	27	28	29	30	31	32	33	34	35	36	37	38	39	40	41	
T	20	3	61	124	1148	1697	3420	4135	4195	4239	4264	4792	6213	7148	9561	10453	10524	10893	11052	12302	14408	18658	19801	27177	27540	29332	37985	44713	54210	62373	78655	88193	107998	132727	178548	234770	322969	517647	
T	21	5	6	7	8	9	10	11	12	13	14	15	16	17	18	19	20	21	22	23	24	25	26	27	28	29	30	31	32	33	34	35	36	37	38	39	40	41	
T	21	2	64	147	1257	1960	3676	4296	4357	4426	4465	5129	6737	7821	9948	10821	10881	11253	11464	12856	15233	19503	20711	27638	28085	29936	39339	46343	55589	64010	80515	90775	110353	135663	182855	239147	326909	518941	
T	22	5	6	7	8	9	10	11	12	13	14	15	16	17	18	19	20	21	22	23	24	25	26	27	28	29	30	31	32	33	34	35	36	37	38	39	40	41	
T	22	2	68	163	1347	2212	3770	4254	4330	4402	4473	5268	7124	8244	10110	11092	11172	11675	11961	13381	15981	20395	21634	28294	28708	30620	40890	47861	56607	65570	81759	92676	112143	137891	185662	241866	329675	517634	
T	23	5	6	7	8	9	10	11	12	13	14	15	16	17	18	19	20	21	22	23	24	25	26	27	28	29	30	31	32	33	34	35	36	37	38	39	40	41	
T	23	5	101	218	1649	2628	4024	4455	4528	4629	4702	5695	7653	8785	10437	11384	11488	12035	12356	13828	16836	21452	22797	29313	29849	31845	42808	49957	58337	67642	83257	95069	114529	140272	189490	240536	327118	516232	
T	24	5	6	7	8	9	10	11	12	13	14	15	16	17	18	19	20	21	22	23	24	25	26	27	28	29	30	31	32	33	34	35	36	37	38	39	40	41	
T	24	8	124	269	1704	2949	4315	4718	4830	4964	5045	6185	8227	9403	10841	11811	11954	12596	12906	14523	17712	22320	23766	29634	30256	32187	43926	51268	59207	68773	84641	97265	116292	142401	192900	243268	331935	517528	
T	25	5	6	7	8	9	10	11	12	13	14	15	16	17	18	19	20	21	22	23	24	25	26	27	28	29	30	31	32	33	34	35	36	37	38	39	40	41	
T	25	8	127	309	1782	3175	4296	4591	4726	4889	5003	6328	8539	9528	10710	11732	11895	12604	12991	14574	18024	22935	24476	30136	30806	32905	45410	52780	60145	70316	85525	99412	118047	144147	195655	245301	335783	516057	
T	26	5	6	7	8	9	10	11	12	13	14	15	16	17	18	19	20	21	22	23	24	25	26	27	28	29	30	31	32	33	34	35	36	37	38	39	40	41	
T	26	4	158	375	1930	3469	4427	4667	4828	5008	5174	6662	8844	9803	10763	11732	11928	12736	13189	14868	18457	23151	24799	29997	30797	32836	45806	53508	60464	71192	86290	101179	119600	146067	198555	247305	338004	513545	
T	27	5	6	7	8	9	10	11	12	13	14	15	16	17	18	19	20	21	22	23	24	25	26	27	28	29	30	31	32	33	34	35	36	37	38	39	40	41	
T	27	9	196	472	2040	3698	4525	4685	4876	5100	5260	6890	9016	9861	10708	11698	11920	12861	13376	15172	18917	23784	25641	30349	31284	33374	46892	54768	61244	72577	87469	103136	121234	147618	201409	249898	342546	515460	
T	28	5	6	7	8	9	10	11	12	13	14	15	16	17	18	19	20	21	22	23	24	25	26	27	28	29	30	31	32	33	34	35	36	37	38	39	40	41	
T	28	15	238	534	2168	3935	4647	4770	5008	5279	5496	7295	9391	10088	10908	11981	12251	13278	13879	15653	19600	24319	26331	31014	32167	34407	48252	56437	62641	74691	89150	105971	123742	150523	205689	252205	345743	515051	
T	29	5	6	7	8	9	10	11	12	13	14	15	16	17	18	19	20	21	22	23	24	25	26	27	28	29	30	31	32	33	34	35	36	37	38	39	40	41	
T	29	16	277	640	2353	4356	4906	5015	5258	5537	5788	7661	9680	10291	11081	12167	12481	13541	14234	16265	20390	25076	27269	31647	32961	35278	49419	57942	63902	76634	90712	108495	125841	152533	208428	254149	347729	512980	
T	30	5	6	7	8	9	10	11	12	13	14	15	16	17	18	19	20	21	22	23	24	25	26	27	28	29	30	31	32	33	34	35	36	37	38	39	40	41	
T	30	12	284	682	2417	4439	4859	4941	5274	5603	5913	7946	9892	10444	11152	12274	12687	13852	14723	16837	21252	25843	28265	32390	34003	36354	50827	59857	65766	79109	92779	111561	128611	155610	212081	257268	351515	514053	
T	31	5	6	7	8	9	10	11	12	13	14	15	16	17	18	19	20	21	22	23	24	25	26	27	28	29	30	31	32	33	34	35	36	37	38	39	40	41	
T	31	20	353	841	2625	4869	5186	5275	5639	6084	6453	8685	10532	10946	11706	12872	13376	14616	15517	17758	22298	26838	29525	33640	35546	38211	52707	61891	67720	81908	95353	114690	131675	159251	216347	261080	355733	513038	
T	32	5	6	7	8	9	10	11	12	13	14	15	16	17	18	19	20	21	22	23	24	25	26	27	28	29	30	31	32	33	34	35	36	37	38	39	40	41	
T	32	25	418	1017	2798	5076	5313	5399	5794	6338	6777	9049	10777	11103	11842	13073	13659	15010	16108	18515	23112	27490	30478	34298	36436	39063	53697	63453	69174	84019	97288	117604	134382	162308	219672	264020	358240	511921	
T	33	5	6	7	8	9	10	11	12	13	14	15	16	17	18	19	20	21	22	23	24	25	26	27	28	29	30	31	32	33	34	35	36	37	38	39	40	41	
T	33	29	512	1137	2916	5327	5496	5596	6099	6682	7171	9590	11165	11452	12294	13591	14268	15707	16940	19450	24163	28331	31639	35554	38162	40937	55658	65598	71598	87260	100398	121647	138520	166960	224225	268712	362698	511696	
T	34	5	6	7	8	9	10	11	12	13	14	15	16	17	18	19	20	21	22	23	24	25	26	27	28	29	30	31	32	33	34	35	36	37	38	39	40	41	
T	34	27	521	1253	3106	5420	5529	5674	6224	6977	7581	9989	11309	11561	12454	13783	14523	16046	17480	20184	24906	28803	32435	36220	39282	42081	56453	66687	72932	89149	102733	124188	141204	169973	227827	272326	366324	511323	
T	35	5	6	7	8	9	10	11	12	13	14	15	16	17	18	19	20	21	22	23	24	25	26	27	28	29	30	31	32	33	34	35	36	37	38	39	40	41	
T	35	28	638	1470	3339	5769	5856	6042	6641	7414	8035	10544	11807	12020	12902	14261	15184	16740	18314	21286	26052	29715	33710	37632	41046	44056	58182	68840	75254	92119	105876	128225	145668	174968	232649	277273	370357	509795	
T	36	5	6	7	8	9	10	11	12	13	14	15	16	17	18	19	20	21	22	23	24	25	26	27	28	29	30	31	32	33	34	35	36	37	38	39	40	41	
T	36	38	656	1349	2991	4817	4870	5128	5840	6825	7505	9902	10930	11104	11895	13063	14146	15589	17437	20467	24907	28443	32750	36102	40303	42877	57271	67823	74019	91192	104326	127369	143271	174659	228227	276593	360229	511341	
T	37	5	6	7	8	9	10	11	12	13	14	15	16	17	18	19	20	21	22	23	24	25	26	27	28	29	30	31	32	33	34	35	36	37	38	39	40	41	
T	37	39	709	1540	3275	5232	5271	5538	6325	7369	8151	10593	11528	11703	12650	13910	15231	16812	18826	22044	26471	29677	34362	37811	42467	45436	59368	70507	77302	94939	108767	132210	149008	180605	234105	283641	365942	510160	
T	38	5	6	7	8	9	10	11	12	13	14	15	16	17	18	19	20	21	22	23	24	25	26	27	28	29	30	31	32	33	34	35	36	37	38	39	40	41	
T	38	38	750	1683	3304	5065	5127	5442	6252	7368	8172	10376	11163	11349	12309	13558	14931	16299	18397	22045	26458	29341	34272	37595	42624	45706	58745	69848	77043	94863	109155	132955	150632	182328	234311	285312	366962	509248	
T	39	5	6	7	8	9	10	11	12	13	14	15	16	17	18	19	20	21	22	23	24	25	26	27	28	29	30	31	32	33	34	35	36	37	38	39	40	41	
T	39	56	829	1815	3587	5254	5307	5641	6504	7769	8605	10722	11410	11622	12702	13976	15420	16890	19072	22844	27327	29799	35330	38682	44293	47683	59871	71645	79338	97366	112232	136814	155502	187704	239181	290344	371109	511398	
T	40	5	6	7	8	9	10	11	12	13	14	15	16	17	18	19	20	21	22	23	24	25	26	27	28	29	30	31	32	33	34	35	36	37	38	39	40	41	
T	40	60	810	1870	3695	5243	5304	5679	6615	8022	8961	10982	11560	11794	12898	14186	15790	17214	19700	23601	27794	30085	35802	39164	45391	49068	60871	72656	80757	98788	114503	139823	159210	191947	241736	293417	372313	509336	
T	41	5	6	7	8	9	10	11	12	13	14	15	16	17	18	19	20	21	22	23	24	25	26	27	28	29	30	31	32	33	34	35	36	37	38	39	40	41	
T	41	57	942	2088	3951	5427	5486	5894	6823	8308	9268	11130	11616	11870	13046	14398	16181	17681	20315	24556	28614	30644	36862	40219	46806	50768	62117	74516	83085	101209	117603	144116	164816	198161	246985	298642	375843	509033	
T	42	5	6	7	8	9	10	11	12	13	14	15	16	17	18	19	20	21	22	23	24	25	26	27	28	29	30	31	32	33	34	35	36	37	38	39	40	41	
T	42	64	1020	2210	4143	5454	5541	6051	7069	8650	9597	11319	11725	12021	13288	14616	16592	18152	20987	25373	29558	31441	38237	41545	48712	52905	63986	76920	86096	104776	122488	150171	172090	205438	253789	306206	381651	511297	
T	43	5	6	7	8	9	10	11	12	13	14	15	16	17	18	19	20	21	22	23	24	25	26	27	28	29	30	31	32	33	34	35	36	37	38	39	40	41	
T	43	76	1056	2418	4427	5667	5758	6315	7394	9144	10159	11798	12151	12460	13971	15427	17626	19243	22176	26699	30700	32507	39880	43281	50934	55514	66338	79903	89527	108033	127032	156511	179716	213834	260781	313248	385992	510889	
T	44	5	6	7	8	9	10	11	12	13	14	15	16	17	18	19	20	21	22	23	24	25	26	27	28	29	30	31	32	33	34	35	36	37	38	39	40	41	
T	44	101	1117	2522	4669	5827	5949	6591	7697	9544	10553	11969	12243	12578	14097	15490	18117	19615	22845	27498	31576	33447	41218	44609	52951	58032	68682	82504	92760	111406	131671	162329	187507	222413	267528	320137	390310	509097	
T	45	5	6	7	8	9	10	11	12	13	14	15	16	17	18	19	20	21	22	23	24	25	26	27	28	29	30	31	32	33	34	35	36	37	38	39	40	41	
T	45	132	1218	2770	4952	5992	6136	6824	8026	10061	11108	12438	12700	13079	14681	16053	18954	20442	23869	28637	32628	34399	42672	45916	54755	60286	70841	85041	95875	114832	136425	169093	195861	231326	275002	328166	395784	509179	
T	46	5	6	7	8	9	10	11	12	13	14	15	16	17	18	19	20	21	22	23	24	25	26	27	28	29	30	31	32	33	34	35	36	37	38	39	40	41	
T	46	133	1273	2948	5277	6276	6442	7249	8387	10477	11511	12793	13043	13463	15285	16663	19794	21370	24905	29868	33794	35522	44610	47980	57457	63482	74092	88981	100488	119821	143086	178035	206144	242350	284893	338013	402407	509923	
T	47	5	6	7	8	9	10	11	12	13	14	15	16	17	18	19	20	21	22	23	24	25	26	27	28	29	30	31	32	33	34	35	36	37	38	39	40	41	
T	47	160	1342	3161	5473	6338	6479	7373	8506	10711	11779	12979	13221	13699	15754	17109	20472	22095	25796	31032	34968	36675	46133	49365	58913	65518	76048	91392	103354	122564	147213	184651	214448	251197	292146	345240	407034	508755	
T	48	5	6	7	8	9	10	11	12	13	14	15	16	17	18	19	20	21	22	23	24	25	26	27	28	29	30	31	32	33	34	35	36	37	38	39	40	41	
T	48	180	1386	3371	5848	6611	6800	7811	9041	11384	12371	13499	13697	14197	16362	17727	21409	23042	27015	31668	36111	37744	47582	51074	61085	68127	78850	94792	107564	127123	153820	193971	225856	263420	300630	355195	413939	510382	
T	49	5	6	7	8	9	10	11	12	13	14	15	16	17	18	19	20	21	22	23	24	25	26	27	28	29	30	31	32	33	34	35	36	37	38	39	40	41	
T	49	195	1465	3527	6056	6682	6928	7993	9159	11569	12584	13577	13812	14363	16764	18135	22115	23845	27914	32556	37151	38775	49371	53066	63281	70918	81612	98099	111367	131184	159671	203137	236893	274567	310000	363885	419189	509375	
T	50	5	6	7	8	9	10	11	12	13	14	15	16	17	18	19	20	21	22	23	24	25	26	27	28	29	30	31	32	33	34	35	36	37	38	39	40	41	
T	50	166	1288	3306	5664	6184	6462	7526	8617	11459	12580	13618	13809	14340	16659	17706	22254	24243	29336	34641	39647	41602	54204	58061	71906	81893	97567	119513	137520	164974	208379	249830	285548	328345	371014	441175	484869	508526	
T	51	5	6	7	8	9	10	11	12	13	14	15	16	17	18	19	20	21	22	23	24	25	26	27	28	29	30	31	32	33	34	35	36	37	38	39	40	41	
T	51	223	1324	3602	6084	6578	6938	8313	9549	12321	13278	14244	14418	15017	17646	18780	23584	25450	30101	35103	40087	41903	54265	58000	70371	80020	93551	114177	131361	156468	198387	243162	280435	317741	353989	429967	488504	510464	
T	52	5	6	7	8	9	10	11	12	13	14	15	16	17	18	19	20	21	22	23	24	25	26	27	28	29	30	31	32	33	34	35	36	37	38	39	40	41	
T	52	242	1457	3815	6152	6512	6894	8319	9457	12040	12937	13863	14054	14674	17471	18504	23484	25319	29860	34685	39623	41401	53472	57398	68621	78260	90649	109535	125897	148881	186620	238372	276258	313973	346020	407557	464066	509114	
T	53	5	6	7	8	9	10	11	12	13	14	15	16	17	18	19	20	21	22	23	24	25	26	27	28	29	30	31	32	33	34	35	36	37	38	39	40	41	
T	53	313	1474	3792	5901	6243	6643	8104	9187	11573	12399	13361	13540	14223	17276	18220	23206	25037	29487	34147	39041	40895	52781	56631	66940	76694	88597	106901	122834	144980	182377	240426	279721	318669	346919	401727	448004	508014	
T	54	5	6	7	8	9	10	11	12	13	14	15	16	17	18	19	20	21	22	23	24	25	26	27	28	29	30	31	32	33	34	35	36	37	38	39	40	41	
T	54	307	1486	4054	6273	6536	6931	8494	9484	11908	12720	13717	13896	14700	17755	18698	23763	25826	30254	34950	38206	42060	54093	58163	68329	78716	90388	109043	124958	146758	184960	248744	289581	328146	354113	405741	445924	509411	
T	55	5	6	7	8	9	10	11	12	13	14	15	16	17	18	19	20	21	22	23	24	25	26	27	28	29	30	31	32	33	34	35	36	37	38	39	40	41	
T	55	263	1050	2995	4800	4985	5469	7082	8035	10365	10950	11899	12047	12677	15650	16348	21420	23335	27508	31791	34929	38660	50202	53934	63592	73277	84886	102695	118267	140165	177919	250993	293571	334179	354922	408052	442403	509786	
T	56	5	6	7	8	9	10	11	12	13	14	15	16	17	18	19	20	21	22	23	24	25	26	27	28	29	30	31	32	33	34	35	36	37	38	39	40	41	
T	56	274	1060	3064	4831	4987	5462	6963	7811	9984	10549	11459	11619	12323	15337	16010	21027	22790	26829	30931	33860	37629	48679	52393	61252	71498	82703	100067	115175	137006	174717	257660	301637	342571	361838	412527	444041	509235	
T	57	5	6	7	8	9	10	11	12	13	14	15	16	17	18	19	20	21	22	23	24	25	26	27	28	29	30	31	32	33	34	35	36	37	38	39	40	41	
T	57	267	1014	3137	4756	4864	5322	6782	7542	9462	9990	10866	11009	11721	14721	15335	20419	22158	26028	30092	32930	36951	47687	51626	59598	70008	81318	99098	114152	136230	175328	266395	312008	353983	371730	420445	448768	510885	
T	58	5	6	7	8	9	10	11	12	13	14	15	16	17	18	19	20	21	22	23	24	25	26	27	28	29	30	31	32	33	34	35	36	37	38	39	40	41	
T	58	331	1083	3305	4882	4973	5566	7013	7797	9662	10136	11002	11152	11942	15129	15622	20486	22074	26315	29898	32349	36264	48277	52243	60176	70698	81734	99397	114728	137049	177317	275498	322298	363955	380138	426169	451698	509635	
T	59	5	6	7	8	9	10	11	12	13	14	15	16	17	18	19	20	21	22	23	24	25	26	27	28	29	30	31	32	33	34	35	36	37	38	39	40	41	
T	59	326	1034	3312	4855	4926	5543	7049	7812	9620	10091	11038	11187	11969	15382	15887	20973	22454	26692	30242	32670	36873	49041	53205	60374	71400	82612	100877	116351	139176	180853	286187	333371	374106	388828	432644	455929	508746	
T	60	5	6	7	8	9	10	11	12	13	14	15	16	17	18	19	20	21	22	23	24	25	26	27	28	29	30	31	32	33	34	35	36	37	38	39	40	41	
T	60	397	1017	3368	4855	4919	5585	7130	7827	9456	9844	10864	11000	11915	15552	15952	21103	22588	26740	30346	32693	37131	49515	53934	60923	72520	83857	102404	118171	141509	184860	296488	345324	385549	398754	439943	460604	508691	
T	61	2	5	6	7	8	9	10	11	12	13	14	15	16	17	18	19	20	21	22	23	24	25	26	27	28	29	30	31	32	33	34	35	36	37	38	39	40	41	
T	61	441	878	1528	3979	5392	5435	6126	7680	8335	9922	10318	11437	11582	12525	16219	16600	22029	23491	27623	31356	33659	38412	50618	55177	61933	73889	85289	104030	120181	143885	188631	307532	356569	395871	408165	446784	465491	508757	
T	62	2	5	6	7	8	9	10	11	12	13	14	15	16	17	18	19	20	21	22	23	24	25	26	27	28	29	30	31	32	33	34	35	36	37	38	39	40	41	
T	62	899	1344	1961	4620	6090	6116	6936	8493	9181	10676	11054	12229	12367	13370	17434	17791	23361	24849	28985	32778	35159	40183	52432	57302	63615	75889	87431	106835	123405	147735	193864	318596	367889	405923	416868	453285	469654	508331	
T	63	2	5	6	7	8	9	10	11	12	13	14	15	16	17	18	19	20	21	22	23	24	25	26	27	28	29	30	31	32	33	34	35	36	37	38	39	40	41	
T	63	1410	1899	2458	5124	6534	6557	7465	9066	9741	11138	11482	12777	12895	13935	18096	18414	24278	25648	29846	33694	36080	41442	53833	59033	64924	77543	89337	108836	125327	150196	198262	328562	377802	414284	424040	458292	472992	508255	
T	64	2	5	6	7	8	9	10	11	12	13	14	15	16	17	18	19	20	21	22	23	24	25	26	27	28	29	30	31	32	33	34	35	36	37	38	39	40	41	
T	64	1836	2358	2940	5789	7143	7167	8201	9771	10471	11734	12046	13353	13531	14654	17427	19248	25098	26440	29338	34405	36703	42474	54828	58683	64257	79071	90872	110821	127715	153134	202962	339343	388607	423516	432404	464375	477740	508561	
T	65	2	5	6	7	8	9	10	11	12	13	14	15	16	17	18	19	20	21	22	23	24	25	26	27	28	29	30	31	32	33	34	35	36	37	38	39	40	41	
T	65	2228	2798	3330	6291	7573	7580	8653	10264	10967	12132	12401	13777	13965	15197	18021	19991	26154	27412	30239	35657	37981	44174	56096	60109	65319	80406	92320	112697	129841	156066	207452	349592	398999	432539	440636	469756	481467	509122	
T	66	2	5	6	7	8	9	10	11	12	13	14	15	16	17	18	19	20	21	22	23	24	25	26	27	28	29	30	31	32	33	34	35	36	37	38	39	40	41	
T	66	2830	3464	3960	7130	8453	8457	9615	11195	11913	13032	13301	14850	15037	16361	19288	21390	27814	29048	31830	37370	39725	46192	58167	62418	67434	83313	95396	116239	133839	160442	212973	360061	409610	441401	448502	475151	485455	510085	
T	67	2	5	6	7	8	9	10	11	12	13	14	15	16	17	18	19	20	21	22	23	24	25	26	27	28	29	30	31	32	33	34	35	36	37	38	39	40	41	
T	67	3358	4044	4503	7590	8826	8828	10096	11695	12360	13349	13636	15241	15418	16833	19793	22093	28592	29819	32549	38014	40377	47316	59201	63547	68208	84136	96194	117687	135326	162330	216444	367803	417011	447295	453574	478483	487685	509575	
T	68	2	5	6	7	8	9	10	11	12	13	14	15	16	17	18	19	20	21	22	23	24	25	26	27	28	29	30	31	32	33	34	35	36	37	38	39	40	41	
T	68	3948	4638	5090	8245	9452	9456	10805	12306	12972	13867	14071	15854	16070	17522	20500	22959	29614	30691	33407	39213	41628	49074	60651	65063	69332	85915	97964	119311	137297	164590	219802	375438	424126	452794	458364	481216	489231	508358	
T	69	2	5	6	7	8	9	10	11	12	13	14	15	16	17	18	19	20	21	22	23	24	25	26	27	28	29	30	31	32	33	34	35	36	37	38	39	40	41	
T	69	4356	5087	5465	8653	9842	9850	11272	12720	13392	14264	14476	16226	16442	17975	20808	23371	30098	31106	32502	36701	42027	49698	61176	65812	69846	86735	98763	120557	138571	166427	223076	383536	432200	459252	464114	485266	492198	508853	
T	70	2	5	6	7	8	9	10	11	12	13	14	15	16	17	18	19	20	21	22	23	24	25	26	27	28	29	30	31	32	33	34	35	36	37	38	39	40	41	
T	70	5101	5915	6288	9553	10754	10763	12395	13805	14497	15263	15443	17376	17594	19166	22094	24731	31454	32433	33732	37866	43447	51652	62745	67513	71164	88497	100541	122497	140815	169054	226872	390881	438649	464103	468537	487982	494004	508524	
T	71	2	5	6	7	8	9	10	11	12	13	14	15	16	17	18	19	20	21	22	23	24	25	26	27	28	29	30	31	32	33	34	35	36	37	38	39	40	41	
T	71	5500	6363	6744	10203	11394	11395	13039	14379	15057	15763	15938	18045	18250	19904	22978	25810	32677	33529	34748	39133	44910	53312	64075	69046	72487	90085	102110	124360	142896	171055	230202	396835	444032	467876	471644	489338	494527	507071	
T	72	2	5	6	7	8	9	10	11	12	13	14	15	16	17	18	19	20	21	22	23	24	25	26	27	28	29	30	31	32	33	34	35	36	37	38	39	40	41	
T	72	6264	7061	7393	11005	12158	12165	13943	15200	15891	16526	16686	18841	19035	20766	23753	26769	33760	34563	35652	40083	46027	54933	65552	70738	73867	91904	103697	126233	145092	173772	234093	405217	452256	474609	477944	494111	498643	509403	
T	73	2	5	6	7	8	9	10	11	12	13	14	15	16	17	18	19	20	21	22	23	24	25	26	27	28	29	30	31	32	33	34	35	36	37	38	39	40	41	
T	73	7008	7952	8273	11840	12940	12943	14863	16088	16767	17345	17496	19691	19886	21682	24758	28020	34937	35707	36691	41153	47343	56670	66829	72158	74994	93499	105320	128378	147447	176244	237316	409732	456035	476930	479871	494735	498549	507729	
T	74	2	5	6	7	8	9	10	11	12	13	14	15	16	17	18	19	20	21	22	23	24	25	26	27	28	29	30	31	32	33	34	35	36	37	38	39	40	41	
T	74	7635	8554	8842	12353	13461	13466	15419	16547	17231	17710	17840	20121	20340	22234	25311	28713	35680	36384	37257	41668	47858	57390	63821	72996	75521	94064	105865	128712	147660	176776	239203	414318	459994	479849	482274	495553	498807	506559	
T	75	2	5	6	7	8	9	10	11	12	13	14	15	16	17	18	19	20	21	22	23	24	25	26	27	28	29	30	31	32	33	34	35	36	37	38	39	40	41	
T	75	8274	9254	9512	13254	14451	14456	16513	17613	18222	18649	18777	21179	21386	23328	26441	30068	37055	37704	38503	43118	49545	59529	65555	74945	77229	96471	108405	131693	150609	179969	243159	421869	467210	485911	488118	500148	502779	509215	
T	76	2	5	6	7	8	9	10	11	12	13	14	15	16	17	18	19	20	21	22	23	24	25	26	27	28	29	30	31	32	33	34	35	36	37	38	39	40	41	
T	76	9057	10059	10266	13900	15049	15052	17191	18267	18900	19292	19400	21939	22162	24233	27372	31250	38191	38757	39505	44102	50736	60996	66560	76124	78185	97766	109673	133261	152351	182123	246302	425990	470559	487869	489701	500580	502793	508114	
T	77	2	5	6	7	8	9	10	11	12	13	14	15	16	17	18	19	20	21	22	23	24	25	26	27	28	29	30	31	32	33	34	35	36	37	38	39	40	41	
T	77	9554	10632	10845	14557	15707	15718	17979	18964	19657	19976	20089	22741	22965	24949	28127	31987	39006	39516	40188	44867	51680	62375	67582	77505	79435	99239	111066	134676	153999	183949	248607	430325	474723	491142	492741	502583	504348	508719	
T	78	2	5	6	7	8	9	10	11	12	13	14	15	16	17	18	19	20	21	22	23	24	25	26	27	28	29	30	31	32	33	34	35	36	37	38	39	40	41	
T	78	10447	11491	11664	15530	16667	16677	19106	20031	20712	21021	21111	23877	24114	26214	29491	33641	40695	41225	41859	46529	53558	64532	69492	79684	81442	101187	113001	136957	156541	186515	252444	435357	479151	494398	495734	504515	506014	509604	
T	79	2	5	6	7	8	9	10	11	12	13	14	15	16	17	18	19	20	21	22	23	24	25	26	27	28	29	30	31	32	33	34	35	36	37	38	39	40	41	
T	79	11242	12361	12521	16541	17669	17675	20207	21031	21734	22012	22092	24723	24975	27106	30394	34801	41783	42226	42736	47486	54604	66021	70382	80927	82488	102517	114132	138664	158451	188845	255169	438989	482043	496056	497163	504887	506031	508910	
T	80	2	5	6	7	8	9	10	11	12	13	14	15	16	17	18	19	20	21	22	23	24	25	26	27	28	29	30	31	32	33	34	35	36	37	38	39	40	41	
T	80	12200	13300	13438	17305	18434	18441	20999	21796	22482	22714	22791	25648	25892	28115	31414	35888	42918	43317	43826	48549	55865	67352	71456	82143	83468	103450	115213	139470	159524	189929	257307	440681	483435	496386	497269	504042	504933	507116	
T	81	2	5	6	7	8	9	10	11	12	13	14	15	16	17	18	19	20	21	22	23	24	25	26	27	28	29	30	31	32	33	34	35	36	37	38	39	40	41	
T	81	12821	13978	14101	17949	19057	19065	21766	22492	23213	23404	23453	26390	26632	28879	32154	36813	43638	44042	44488	49421	56779	68640	72420	83322	84465	104779	116613	141171	161270	191933	259819	445467	487708	499825	500522	506518	507172	508810	
T	82	2	5	6	7	8	9	10	11	12	13	14	15	16	17	18	19	20	21	22	23	24	25	26	27	28	29	30	31	32	33	34	35	36	37	38	39	40	41	
T	82	13926	15079	15191	19194	20321	20329	23024	23711	24399	24573	24632	27561	27802	30160	33570	38446	45346	45665	46090	51031	58407	70616	74016	85298	86317	107143	118757	143294	163546	194075	262546	448659	490358	501504	502082	507326	507834	509025	
T	83	2	5	6	7	8	9	10	11	12	13	14	15	16	17	18	19	20	21	22	23	24	25	26	27	28	29	30	31	32	33	34	35	36	37	38	39	40	41	
T	83	14892	16095	16177	20144	21218	21228	23853	24453	25180	25350	25402	28469	28707	31121	34545	39385	46207	46477	46868	51775	59291	71670	74920	85963	86895	107904	119441	144292	164463	195031	264080	451349	492182	502272	502749	507077	507431	508310	
T	84	2	5	6	7	8	9	10	11	12	13	14	15	16	17	18	19	20	21	22	23	24	25	26	27	28	29	30	31	32	33	34	35	36	37	38	39	40	41	
T	84	15793	17021	17103	20920	22011	22013	24740	25348	26100	26228	26265	29408	29670	32062	35396	40415	47238	47480	47789	52689	60338	73064	76006	87476	88286	109463	121166	145869	166230	196645	266417	453693	494410	503744	504090	507844	508100	508693	
T	85	2	5	6	7	8	9	10	11	12	13	14	15	16	17	18	19	20	21	22	23	24	25	26	27	28	29	30	31	32	33	34	35	36	37	38	39	40	41	
T	85	17092	18367	18439	22507	23621	23628	26427	26945	27659	27757	27794	30932	31214	33598	36991	42181	48958	49199	49510	54529	62251	75096	77733	89237	89925	111222	122996	148023	168786	199579	269580	456334	496150	504518	504824	507870	508039	508438	
T	86	2	5	6	7	8	9	10	11	12	13	14	15	16	17	18	19	20	21	22	23	24	25	26	27	28	29	30	31	32	33	34	35	36	37	38	39	40	41	
T	86	18169	19388	19459	23489	24565	24572	27323	27780	28539	28639	28673	31821	32107	34558	37964	43315	49976	50198	50472	55392	63048	76080	78462	90243	90842	112410	124037	149437	170015	200737	271259	457003	496759	504383	504585	507013	507137	507423	
T	87	2	5	6	7	8	9	10	11	12	13	14	15	16	17	18	19	20	21	22	23	24	25	26	27	28	29	30	31	32	33	34	35	36	37	38	39	40	41	
T	87	19566	20842	20892	24839	25938	25944	28781	29207	29902	29987	30018	33197	33472	35935	39340	44707	51325	51513	51774	56811	64668	77968	80202	92019	92550	114292	125788	150960	171955	203079	274695	459827	499050	505905	506049	507926	507995	508173	
T	88	2	5	6	7	8	9	10	11	12	13	14	15	16	17	18	19	20	21	22	23	24	25	26	27	28	29	30	31	32	33	34	35	36	37	38	39	40	41	
T	88	20966	22273	22318	26191	27282	27291	30088	30462	31201	31280	31303	34617	34887	37434	40989	46412	52850	53016	53234	58276	66312	79854	81816	93941	94420	116430	128068	153795	174878	205352	277285	462041	500491	506620	506736	508116	508164	508266	
T	89	2	5	6	7	8	9	10	11	12	13	14	15	16	17	18	19	20	21	22	23	24	25	26	27	28	29	30	31	32	33	34	35	36	37	38	39	40	41	
T	89	22230	23492	23539	27547	28622	28632	31442	31786	32561	32624	32640	35906	36162	38722	42271	47821	54306	54433	54636	59753	67903	81753	83597	95782	96203	118080	129684	155326	176377	207159	279626	462420	500069	505494	505592	506574	506600	506640	
T	90	2	5	6	7	8	9	10	11	12	13	14	15	16	17	18	19	20	21	22	23	24	25	26	27	28	29	30	31	32	33	34	35	36	37	38	39	40	41	
T	90	23898	25169	25200	28987	30058	30064	32908	33247	33958	34010	34028	37414	37656	40153	43617	49122	55645	55768	55972	61142	69208	83141	84779	97123	97496	119715	131552	157452	178930	210155	283322	464836	502319	507207	507254	507914	507926	507950	
T	91	2	5	6	7	8	9	10	11	12	13	14	15	16	17	18	19	20	21	22	23	24	25	26	27	28	29	30	31	32	33	34	35	36	37	38	39	40	41	
T	91	26012	27266	27290	30806	31802	31808	34397	34648	35383	35417	35433	38654	38946	41419	44777	50313	56724	56835	57005	62010	70004	83747	85150	97603	97926	120113	131913	158000	179758	210941	284898	466990	503712	507919	507962	508485	508495	508501	
T	92	2	5	6	7	8	9	10	11	12	13	14	15	16	17	18	19	20	21	22	23	24	25	26	27	28	29	30	31	32	33	34	35	36	37	38	39	40	41	
T	92	27481	28616	28648	32260	33167	33173	35678	35890	36580	36607	36616	39899	40190	42658	46070	51550	57905	57995	58200	63339	71421	85176	86455	98740	98996	121215	132756	158736	180217	211173	284895	465975	502095	505620	505645	506012	506015	506023	
T	93	2	5	6	7	8	9	10	11	12	13	14	15	16	17	18	19	20	21	22	23	24	25	26	27	28	29	30	31	32	33	34	35	36	37	38	39	40	41	
T	93	30244	31369	31385	34759	35638	35648	38000	38195	38929	38950	38963	42181	42446	44914	48397	53888	60143	60205	60403	65563	73730	87635	88745	101155	101391	123226	134948	161232	183013	213845	288489	469064	504905	507872	507896	508135	508137	508138	
T	94	2	5	6	7	8	9	10	11	12	13	14	15	16	17	18	19	20	21	22	23	24	25	26	27	28	29	30	31	32	33	34	35	36	37	38	39	
T	94	32844	33848	33870	36766	37571	37575	39840	40005	40031	40654	40663	43710	43975	46424	49795	55272	61311	61370	61589	66643	74658	88333	89309	101944	102157	124364	136158	163107	184933	216120	291121	471338	506786	509388	509397	509545	
T	95	2	5	6	7	8	9	10	11	12	13	14	15	16	17	18	19	20	21	22	23	24	25	26	27	28	29	30	31	32	33	34	35	36	37	38	39	
T	95	35652	36591	36597	39374	40069	40074	42128	42254	42273	42895	42905	45994	46284	48695	52034	57228	63216	63256	63419	68362	76278	89933	90750	103277	103455	125378	137114	163822	185530	216445	291834	470108	504905	507139	507143	507224	
T	96	2	5	6	7	8	9	10	11	12	13	14	15	16	17	18	19	20	21	22	23	24	25	26	27	28	29	30	31	32	33	34	35	36	37	38	39	
T	96	39425	40179	40186	42468	43077	43086	44731	44816	44828	45416	45420	48291	48566	50808	54091	59124	64887	64935	65116	70050	77925	91427	92165	104823	104974	126924	138888	165588	187598	218499	294061	471929	506238	508110	508112	508155	
T	97	2	5	6	7	8	10	11	12	13	14	15	16	17	18	19	20	21	22	23	24	25	26	27	28	29	30	31	32	33	34	35	36	37	39	
T	97	44657	45150	45151	46661	47037	48238	48307	48322	48796	48801	51561	51839	53949	57159	61892	67467	67501	67691	72469	80381	93911	94528	107002	107154	128950	140857	167365	189424	220578	296455	472188	505595	507125	507148	
T	98	2	5	7	8	9	10	11	12	13	15	16	17	18	19	20	21	22	23	24	25	26	27	28	29	30	31	32	33	34	35	36	37	38	39	
T	98	50699	50849	51477	51600	51601	52065	52086	52089	52330	54959	55191	57180	60212	64604	69869	69888	70056	74895	82672	95597	96142	108418	108545	130206	141990	168602	190707	221561	297445	471060	504130	505477	505478	505492	
T	99	2	13	15	16	17	18	19	20	21	22	23	24	25	26	27	28	29	30	31	32	33	34	35	36	37	39	
T	99	58057	58068	60461	60699	62435	65470	69441	74359	74376	74552	78877	86172	98042	98486	110561	110672	131305	143124	170064	192029	222683	299410	472876	505192	506319	506321	
G	0	10	16	19	22	23	25	26	27	28	30	31	33	34	
G	0	3531	7655	7656	8172	12294	16198	25028	34132	41512	70222	207408	261679	421222	
G	1	10	16	22	23	25	26	27	28	30	31	33	34	
G	1	4202	9489	10686	14984	19227	28981	41726	48929	76909	218826	249584	504924	
G	2	10	16	22	23	25	26	27	28	30	31	33	34	
G	2	3972	9072	10627	14491	18423	27802	41291	48418	73916	207484	234365	494736	
G	3	10	16	19	22	25	26	27	28	30	31	32	33	35	37	
G	3	3171	5154	7685	8858	12408	16755	17048	23598	33769	33986	46962	66717	168274	503728	
G	4	10	16	19	22	25	26	27	28	30	31	32	33	35	37	
G	4	3406	5519	7974	9216	12754	17344	17666	24352	34723	34946	48199	68583	175384	532224	
G	5	6	8	10	11	15	16	17	18	19	21	22	23	24	25	26	27	28	29	30	31	32	33	35	36	37	
G	5	2	1237	2893	3115	3960	4964	6372	7009	7383	7895	8023	10062	10064	13819	16468	17849	21790	23594	33042	38423	53706	66237	164623	170771	516272	
G	6	6	8	10	11	12	14	15	16	17	18	19	21	22	23	24	25	26	27	28	29	30	31	32	33	35	36	37	
G	6	2	1278	3064	3304	3305	3306	4230	5362	6944	7587	7928	8439	8595	10749	10750	14639	17350	19211	22874	24693	34337	40108	55882	68481	170292	176404	540159	
G	7	5	6	8	10	11	12	15	16	17	18	19	20	21	22	23	24	25	26	27	28	29	30	31	32	33	35	36	37	
G	7	1	4	1172	2780	3025	3026	3847	4799	6173	6778	7139	7140	7706	7856	9910	9911	13615	16175	18480	21500	23252	32631	38034	53238	65311	162552	168331	514730	
G	8	5	6	7	8	10	11	12	13	15	16	17	18	19	20	21	22	23	24	25	26	27	28	29	30	31	32	33	34	35	37	38	39	
G	8	3	8	11	1357	3153	3366	3368	3369	4243	5281	6626	7268	7632	7634	8176	8323	10368	10369	14139	15481	19732	21982	23784	33190	37204	50560	58395	65778	99621	155772	188043	506645	
G	9	6	7	8	10	11	12	14	15	16	17	18	19	20	21	22	23	24	25	26	27	28	29	30	31	32	33	34	35	37	38	39	
G	9	5	6	1221	2849	3070	3073	3075	3950	4976	6442	7048	7412	7416	7941	8084	10208	10213	14114	15423	20499	22112	23808	33333	37257	50659	58534	66260	100642	158642	191784	515499	
G	10	5	6	7	8	9	10	11	12	15	16	17	18	19	20	21	22	23	24	25	26	27	28	29	30	31	32	33	34	35	36	37	38	39	
G	10	2	14	18	1234	1235	2917	3108	3113	3976	5034	6363	6979	7380	7385	7904	8053	10123	10131	13870	15195	20806	21747	23532	32937	36924	50429	58271	65743	100296	100297	157662	191111	512211	
G	11	5	6	7	8	9	10	11	12	13	14	15	16	17	18	19	20	21	22	23	24	25	26	27	28	29	30	31	32	33	34	35	36	37	38	39	
G	11	4	15	23	1241	1245	2896	3120	3127	3129	3132	4021	5037	6431	7098	7441	7452	7946	8129	10240	10263	14082	15418	21506	22046	23953	33651	37423	50765	58858	66405	101281	101283	158942	193261	512763	
G	12	5	6	7	8	9	10	11	12	13	14	15	16	17	18	19	20	21	22	23	24	25	26	27	28	29	30	31	32	33	34	35	36	37	38	39	
G	12	3	9	16	1229	1242	2867	3062	3066	3069	3070	3941	4996	6291	6844	7210	7219	7754	7911	10045	10097	14058	15431	21523	22029	23957	33648	37351	51135	59151	66714	101184	101187	159257	193788	509380	
G	13	5	6	7	8	9	10	11	12	13	14	15	16	17	18	19	20	21	22	23	24	25	26	27	28	29	30	31	32	33	34	35	36	37	38	39	40	41	
G	13	5	15	26	1287	1317	2962	3193	3201	3204	3211	3298	4944	6440	7121	7530	7544	8153	8313	9844	10657	14677	16040	22289	22871	24807	29642	37675	45902	57366	65469	72711	93724	110426	161101	192048	276146	508841	
G	14	5	6	7	8	9	10	11	12	13	14	15	16	17	18	19	20	21	22	23	24	25	26	27	28	29	30	31	32	33	34	35	36	37	38	39	40	41	
G	14	5	24	41	1349	1382	3058	3298	3310	3313	3314	3423	5071	6569	7284	7730	7736	8306	8501	10037	10817	14768	16182	22241	22749	24691	29628	37774	45980	57242	65422	72792	94124	110841	161731	192950	277200	507421	
G	15	5	6	7	8	9	10	11	12	13	14	15	16	17	18	19	20	21	22	23	24	25	26	27	28	29	30	31	32	33	34	35	36	37	38	39	40	41	
G	15	6	29	45	1337	1373	3023	3234	3242	3245	3254	3416	5115	6694	7348	7749	7764	8369	8554	10207	11024	14880	16323	22323	22803	24678	29801	37815	46030	57432	65469	72940	94279	111163	162312	193821	278647	506857	
G	16	5	6	7	8	9	10	11	12	13	14	15	16	17	18	19	20	21	22	23	24	25	26	27	28	29	30	31	32	33	34	35	36	37	38	39	40	41	
G	16	7	36	59	2058	2148	4505	4835	4850	4859	4864	5089	6914	8684	9480	9972	9987	10651	10875	12522	13473	17565	19063	25265	25792	27751	33143	41304	49540	61243	69433	77080	98544	115521	167600	199420	285214	510668	
G	17	5	6	7	8	9	10	11	12	13	14	15	16	17	18	19	20	21	22	23	24	25	26	27	28	29	30	31	32	33	34	35	36	37	38	39	40	41	
G	17	4	35	53	1396	1491	3105	3295	3308	3319	3330	3615	5344	6921	7650	8107	8123	8794	8989	10694	11741	15851	17330	23446	23974	26000	31738	39819	48373	60064	68636	76613	97960	115314	167685	200048	286411	509946	
G	18	5	6	7	8	9	10	11	12	13	14	15	16	17	18	19	20	21	22	23	24	25	26	27	28	29	30	31	32	33	34	35	36	37	38	39	40	41	
G	18	10	44	75	1517	1664	3331	3530	3561	3575	3592	3900	5337	5685	7708	8152	8182	8900	9113	10867	11978	15961	17403	23002	23602	25659	31762	39917	48124	56485	68007	76405	95642	114233	163077	199139	287623	508816	
G	19	5	6	7	8	9	10	11	12	13	14	15	16	17	18	19	20	21	22	23	24	25	26	27	28	29	30	31	32	33	34	35	36	37	38	39	40	41	
G	19	8	58	92	1530	1689	3193	3346	3376	3396	3415	3804	5342	5745	7586	8063	8095	8844	9083	10918	12214	16351	17783	23367	23956	26039	32271	40431	48497	57159	68695	77538	96449	114747	164900	201873	292261	512579	
G	20	5	6	7	8	9	10	11	12	13	14	15	16	17	18	19	20	21	22	23	24	25	26	27	28	29	30	31	32	33	34	35	36	37	38	39	40	41	
G	20	6	75	132	1690	1923	3337	3465	3497	3523	3545	4049	5614	6070	7682	8155	8194	9027	9243	11141	12485	16538	18147	23439	24052	25980	32646	40706	48532	57265	68747	78155	97128	115876	166205	203347	294366	511407	
G	21	5	6	7	8	9	10	11	12	13	14	15	16	17	18	19	20	21	22	23	24	25	26	27	28	29	30	31	32	33	34	35	36	37	38	39	40	41	
G	21	13	74	149	1803	2133	3592	3731	3774	3813	3837	4468	6153	6652	8185	8676	8736	9658	9937	11874	13439	17603	19272	24519	25164	27328	34681	42793	50607	59579	70958	80749	99675	118227	169243	205558	297113	511400	
G	22	5	6	7	8	9	10	11	12	13	14	15	16	17	18	19	20	21	22	23	24	25	26	27	28	29	30	31	32	33	34	35	36	37	38	39	40	41	
G	22	7	85	190	1961	2383	3662	3778	3829	3869	3918	4633	6326	6813	8203	8717	8782	9834	10124	12093	13821	18107	19785	24812	25498	27719	35481	43563	51202	60498	72029	82609	101585	120541	172377	209610	302110	513115	
G	23	5	6	7	8	9	10	11	12	13	14	15	16	17	18	19	20	21	22	23	24	25	26	27	28	29	30	31	32	33	34	35	36	37	38	39	40	41	
G	23	6	114	227	2031	2543	3772	3894	3947	4000	4064	4919	6595	7120	8361	8900	8970	10110	10439	12459	14294	18593	20468	25490	26201	28460	36896	45233	52561	62071	73304	84539	103623	122703	175326	212240	303804	513949	
G	24	5	6	7	8	9	10	11	12	13	14	15	16	17	18	19	20	21	22	23	24	25	26	27	28	29	30	31	32	33	34	35	36	37	38	39	40	41	
G	24	16	131	303	2416	3022	4092	4208	4283	4345	4401	5443	7237	7806	8942	9495	9604	10870	11247	13286	15215	19565	21373	26014	26799	29078	37998	46276	53489	63172	74188	86186	104842	124208	177394	214506	307698	512662	
G	25	5	6	7	8	9	10	11	12	13	14	15	16	17	18	19	20	21	22	23	24	25	26	27	28	29	30	31	32	33	34	35	36	37	38	39	40	41	
G	25	8	171	319	2324	3037	3936	4018	4099	4173	4250	5397	7087	7598	8592	9192	9308	10691	11087	13154	15379	19818	21670	26211	27073	29423	38596	47072	54134	64468	75397	88549	107165	127174	181621	219158	313259	516067	
G	26	5	6	7	8	9	10	11	12	13	14	15	16	17	18	19	20	21	22	23	24	25	26	27	28	29	30	31	32	33	34	35	36	37	38	39	40	41	
G	26	11	188	399	2430	3238	4026	4085	4196	4273	4382	5762	7532	7973	8945	9514	9666	11150	11662	13725	15967	20467	22541	26913	27823	30126	39908	48571	55364	65937	76674	90404	108433	128401	183501	221399	317211	515517	
G	27	5	6	7	8	9	10	11	12	13	14	15	16	17	18	19	20	21	22	23	24	25	26	27	28	29	30	31	32	33	34	35	36	37	38	39	40	41	
G	27	13	230	437	2398	3210	3798	3852	3968	4067	4165	5567	7152	7547	8409	9061	9218	10868	11375	13333	15632	20108	22276	26399	27372	29754	39757	48576	55409	66427	76875	91657	109244	130066	185907	224069	320704	514750	
G	28	5	6	7	8	9	10	11	12	13	14	15	16	17	18	19	20	21	22	23	24	25	26	27	28	29	30	31	32	33	34	35	36	37	38	39	40	41	
G	28	23	282	574	2665	3648	4162	4214	4373	4479	4644	6230	7719	8067	8938	9596	9826	11688	12227	14339	16684	21073	23350	27356	28467	30975	40923	50021	56919	68611	78929	94657	112463	133178	189908	228497	326910	517520	
G	29	5	6	7	8	9	10	11	12	13	14	15	16	17	18	19	20	21	22	23	24	25	26	27	28	29	30	31	32	33	34	35	36	37	38	39	40	41	
G	29	18	317	652	2601	3592	3971	4012	4177	4340	4519	6208	7537	7869	8678	9335	9599	11470	12136	14297	16787	20926	23433	27319	28524	31047	41350	50702	57367	69366	79303	95751	113200	134484	192136	230638	329571	516690	
G	30	5	6	7	8	9	10	11	12	13	14	15	16	17	18	19	20	21	22	23	24	25	26	27	28	29	30	31	32	33	34	35	36	37	38	39	40	41	
G	30	22	356	735	2849	3931	4222	4259	4459	4649	4831	6648	8013	8308	9133	9806	10111	12120	12863	15112	17657	21873	24555	28448	29797	32388	42817	52385	59266	71957	81724	99341	116689	138681	196084	234643	334571	515755	
G	31	5	6	7	8	9	10	11	12	13	14	15	16	17	18	19	20	21	22	23	24	25	26	27	28	29	30	31	32	33	34	35	36	37	38	39	40	41	
G	31	26	476	980	3029	4134	4351	4389	4632	4859	5104	7012	8260	8507	9352	10127	10478	12576	13414	15769	18453	22724	25685	29570	31082	33799	44318	54172	61137	74345	84212	102502	120219	142801	201740	240716	341708	518619	
G	32	5	6	7	8	9	10	11	12	13	14	15	16	17	18	19	20	21	22	23	24	25	26	27	28	29	30	31	32	33	34	35	36	37	38	39	40	41	
G	32	25	574	1128	3188	4269	4413	4462	4768	5036	5335	7272	8401	8625	9494	10261	10696	12932	13899	16345	19072	23172	26388	30227	32001	34881	45394	55609	62760	76670	86432	105909	123236	146464	205423	245346	346083	518336	
G	33	5	6	7	8	9	10	11	12	13	14	15	16	17	18	19	20	21	22	23	24	25	26	27	28	29	30	31	32	33	34	35	36	37	38	39	40	41	
G	33	25	588	1283	3373	4530	4612	4682	4992	5286	5655	7594	8673	8896	9778	10666	11190	13637	14671	17075	19858	23777	27243	31197	33131	36071	46571	57003	64391	79101	88702	108968	126567	150637	209576	250008	350889	517689	
G	34	5	6	7	8	9	10	11	12	13	14	15	16	17	18	19	20	21	22	23	24	25	26	27	28	29	30	31	32	33	34	35	36	37	38	39	40	41	
G	34	33	703	1382	3281	4428	4500	4578	4946	5268	5651	7652	8594	8812	9686	10580	11167	13563	14722	17195	20101	23889	27765	31588	33900	36956	47421	58343	65853	81216	90818	112147	130629	155573	215426	257163	357650	519542	
G	35	5	6	7	8	9	10	11	12	13	14	15	16	17	18	19	20	21	22	23	24	25	26	27	28	29	30	31	32	33	34	35	36	37	38	39	40	41	
G	35	47	881	1666	3494	4638	4680	4781	5215	5598	6072	8064	8910	9147	10074	11036	11671	14265	15552	18077	20952	24458	28575	32631	35096	38212	48167	59364	67442	83678	93746	116093	134582	160645	220262	262541	363430	520001	
G	36	5	6	7	8	9	10	11	12	13	14	15	16	17	18	19	20	21	22	23	24	25	26	27	28	29	30	31	32	33	34	35	36	37	38	39	40	41	
G	36	41	718	1469	3030	4041	4058	4146	4673	5064	5547	7333	8044	8246	9177	10122	11010	13421	14790	17311	20043	23233	27624	31221	33894	36718	46519	57484	65559	81173	90609	114028	130987	157380	211922	257732	349052	518355	
G	37	5	6	7	8	9	10	11	12	13	14	15	16	17	18	19	20	21	22	23	24	25	26	27	28	29	30	31	32	33	34	35	36	37	38	39	40	41	
G	37	49	861	1764	3359	4380	4394	4515	5100	5559	6105	7921	8593	8825	9790	10820	11714	14213	15608	18180	20882	23920	28586	32371	35289	38481	47605	58789	67086	83373	92929	117323	135182	161484	214402	258315	347664	521236	
G	38	5	6	7	8	9	10	11	12	13	14	15	16	17	18	19	20	21	22	23	24	25	26	27	28	29	30	31	32	33	34	35	36	37	38	39	40	41	
G	38	65	986	1821	3333	4286	4304	4452	4989	5440	6032	7712	8244	8457	9425	10439	11454	13634	15063	17924	20672	23484	28438	32108	35362	38684	47396	58710	67274	83673	93723	119608	137963	165161	216631	261315	348771	519468	
G	39	5	6	7	8	9	10	11	12	13	14	15	16	17	18	19	20	21	22	23	24	25	26	27	28	29	30	31	32	33	34	35	36	37	38	39	40	41	
G	39	72	1016	2018	3472	4367	4386	4541	5156	5704	6361	7848	8371	8637	9718	10827	11923	14158	15726	18764	21557	24047	29270	32990	36587	40033	48488	59809	68599	85609	96101	124147	143391	171518	222234	267401	353304	518973	
G	40	5	6	7	8	9	10	11	12	13	14	15	16	17	18	19	20	21	22	23	24	25	26	27	28	29	30	31	32	33	34	35	36	37	38	39	40	41	
G	40	55	1065	2033	3389	4177	4194	4407	5021	5586	6296	7688	8182	8481	9590	10817	12056	14453	16052	19389	22228	24631	30260	34112	38062	41733	49908	61479	70833	88527	99631	129995	149681	179219	228935	275699	359610	521383	
G	41	5	6	7	8	9	10	11	12	13	14	15	16	17	18	19	20	21	22	23	24	25	26	27	28	29	30	31	32	33	34	35	36	37	38	39	40	41	
G	41	77	1230	2330	3786	4582	4609	4832	5520	6182	7023	8356	8825	9153	10329	11599	12973	15178	16916	20272	23095	25271	31245	35017	39255	43205	51141	62849	72506	90749	102931	135814	156484	187236	236039	283702	365285	521271	
G	42	5	6	7	8	9	10	11	12	13	14	15	16	17	18	19	20	21	22	23	24	25	26	27	28	29	30	31	32	33	34	35	36	37	38	39	40	41	
G	42	101	1422	2544	3889	4579	4604	4866	5644	6305	7104	8397	8836	9154	10416	11676	13168	15426	17238	20938	23867	25993	32322	36334	40925	45087	52872	64776	74800	93826	106291	141697	162945	194818	242074	290294	369560	518048	
G	43	5	6	7	8	9	10	11	12	13	14	15	16	17	18	19	20	21	22	23	24	25	26	27	28	29	30	31	32	33	34	35	36	37	38	39	40	41	
G	43	84	1376	2597	3925	4565	4601	4879	5701	6411	7250	8448	8912	9282	10645	11990	13645	15919	17934	21712	24512	26493	33149	37278	42374	46802	54511	66911	77386	97207	110583	149456	171741	205250	251561	301145	377779	520035	
G	44	5	6	7	8	9	10	11	12	13	14	15	16	17	18	19	20	21	22	23	24	25	26	27	28	29	30	31	32	33	34	35	36	37	38	39	40	41	
G	44	114	1548	2816	4239	4860	4890	5208	6016	6767	7663	8725	9082	9477	10770	12053	14287	16203	18219	22315	25327	27569	34637	38825	44232	49003	56752	69316	80323	100973	115607	158219	181676	217021	261696	312364	386442	520931	
G	45	5	6	7	8	9	10	11	12	13	14	15	16	17	18	19	20	21	22	23	24	25	26	27	28	29	30	31	32	33	34	35	36	37	38	39	40	41	
G	45	123	1620	3053	4394	4947	4989	5368	6244	7022	8010	8992	9322	9769	11253	12716	14968	16972	19075	23414	26519	28737	35996	40159	45923	50963	58652	71091	82502	104298	119938	167079	191065	227565	270938	322236	393332	519969	
G	46	5	6	7	8	9	10	11	12	13	14	15	16	17	18	19	20	21	22	23	24	25	26	27	28	29	30	31	32	33	34	35	36	37	38	39	40	41	
G	46	138	1820	3201	4582	5103	5142	5575	6483	7304	8323	9240	9636	10120	11666	13122	15838	17759	19823	24222	27315	29473	37436	41650	47819	53235	61097	74239	85908	108350	125045	177070	202453	240433	281789	333539	401054	520550	
G	47	5	6	7	8	9	10	11	12	13	14	15	16	17	18	19	20	21	22	23	24	25	26	27	28	29	30	31	32	33	34	35	36	37	38	39	40	41	
G	47	175	1904	3422	4790	5198	5249	5792	6713	7553	8658	9510	9868	10367	12057	13549	16439	18363	20572	25246	28468	30708	38875	43196	49684	55566	63783	77314	89495	112898	130948	187989	214115	253523	293345	346309	410577	521524	
G	48	5	6	7	8	9	10	11	12	13	14	15	16	17	18	19	20	21	22	23	24	25	26	27	28	29	30	31	32	33	34	35	36	37	38	39	40	41	
G	48	214	1912	3540	4873	5279	5339	5896	6852	7675	8762	9623	9965	10501	12332	13712	16784	18653	20990	25420	28952	30943	39485	44176	50931	57036	65315	78898	91286	115926	134804	197248	224444	265218	301787	355465	415954	519402	
G	49	5	6	7	8	9	10	11	12	13	14	15	16	17	18	19	20	21	22	23	24	25	26	27	28	29	30	31	32	33	34	35	36	37	38	39	40	41	
G	49	264	2055	3645	5031	5397	5483	6126	6975	7847	8931	9701	10066	10646	12621	13979	17422	19246	21681	26277	29900	31940	40781	45742	52736	59153	67768	81760	94584	120816	141006	209835	237732	279726	314925	368526	425387	521598	
G	50	5	6	7	8	9	10	11	12	13	14	15	16	17	18	19	20	21	22	23	24	25	26	27	28	29	30	31	32	33	34	35	36	37	38	39	40	41	
G	50	251	2355	4314	5994	6324	6494	7886	9609	11282	12388	13611	13928	14626	17729	19196	25744	28000	32346	38707	45314	48843	64278	70935	85515	95286	112679	137895	161393	207452	241286	283456	319262	357538	397015	471467	508901	521290	
G	51	5	6	7	8	9	10	11	12	13	14	15	16	17	18	19	20	21	22	23	24	25	26	27	28	29	30	31	32	33	34	35	36	37	38	39	40	41	
G	51	289	2194	4090	5647	5898	6061	7142	8287	9582	10654	11572	11905	12643	15391	16866	22110	24123	27438	33349	38584	41132	53249	59520	69880	78425	91554	111514	130433	171853	202824	261941	296625	333480	369666	442991	497557	519856	
G	52	5	6	7	8	9	10	11	12	13	14	15	16	17	18	19	20	21	22	23	24	25	26	27	28	29	30	31	32	33	34	35	36	37	38	39	40	41	
G	52	376	2157	3949	5468	5683	5818	6710	7765	8830	9852	10710	11063	11751	14321	15729	20474	22349	25221	30971	35674	37870	48664	54492	63093	71512	82648	100153	115966	151405	179067	257808	290164	330853	362709	420357	473861	520421	
G	53	5	6	7	8	9	10	11	12	13	14	15	16	17	18	19	20	21	22	23	24	25	26	27	28	29	30	31	32	33	34	35	36	37	38	39	40	41	
G	53	355	2037	3881	5186	5361	5506	6439	7381	8387	9481	10322	10658	11471	14194	15410	19958	21727	24444	30003	34539	36755	46930	52826	60900	69249	80353	96678	111651	145173	171938	264748	296023	338883	367075	419239	462649	521327	
G	54	5	6	7	8	9	10	11	12	13	14	15	16	17	18	19	20	21	22	23	24	25	26	27	28	29	30	31	32	33	34	35	36	37	38	39	40	41	
G	54	423	2236	4301	5762	5920	6055	7014	7880	8795	9970	10809	11155	12004	14698	15894	20494	22452	25146	31042	34506	38044	48135	54007	61841	70398	81513	97596	111929	145148	172142	275630	306147	349437	374442	423256	460932	520672	
G	55	5	6	7	8	9	10	11	12	13	14	15	16	17	18	19	20	21	22	23	24	25	26	27	28	29	30	31	32	33	34	35	36	37	38	39	40	41	
G	55	317	1699	3195	4187	4287	4440	5370	6138	6991	7971	8776	9087	9866	12503	13455	18044	20026	22671	28091	31634	34850	44521	49990	57637	65682	76447	91666	105222	137122	162846	281668	311824	356930	376785	427598	458479	520535	
G	56	5	6	7	8	9	10	11	12	13	14	15	16	17	18	19	20	21	22	23	24	25	26	27	28	29	30	31	32	33	34	35	36	37	38	39	40	41	
G	56	291	1548	3073	4122	4196	4347	5203	5889	6701	7743	8636	8946	9787	12427	13316	17926	19768	22262	27693	30990	34263	43588	49282	56372	64395	75366	90484	103575	135795	161440	293345	323447	369007	386929	434466	461736	520293	
G	57	5	6	7	8	9	10	11	12	13	14	15	16	17	18	19	20	21	22	23	24	25	26	27	28	29	30	31	32	33	34	35	36	37	38	39	40	41	
G	57	370	1642	3242	4160	4230	4396	5238	5917	6640	7678	8512	8814	9701	12304	13087	17850	19632	22018	27679	30778	34146	43135	48820	55759	63892	74703	89991	102778	135715	162202	305855	335654	380773	396833	441697	465542	518846	
G	58	5	6	7	8	9	10	11	12	13	14	15	16	17	18	19	20	21	22	23	24	25	26	27	28	29	30	31	32	33	34	35	36	37	38	39	40	41	
G	58	409	1650	3305	4260	4309	4494	5375	6012	6681	7629	8558	8877	9723	12635	13375	17485	18936	22562	27008	29708	32863	43944	49847	56529	64848	76129	91294	104034	137482	165021	319859	349231	393910	408305	450677	471822	520343	
G	59	5	6	7	8	9	10	11	12	13	14	15	16	17	18	19	20	21	22	23	24	25	26	27	28	29	30	31	32	33	34	35	36	37	38	39	40	41	
G	59	431	1696	3452	4407	4452	4666	5585	6205	6884	7811	8783	9100	9988	12911	13605	17869	19327	22997	27628	30373	33677	45047	51040	57433	66031	77337	93109	105731	140545	168908	333710	362464	406029	418832	458300	477062	520192	
G	60	5	6	7	8	9	10	11	12	13	14	15	16	17	18	19	20	21	22	23	24	25	26	27	28	29	30	31	32	33	34	35	36	37	38	39	40	41	
G	60	459	1568	3238	4122	4155	4386	5273	5921	6563	7459	8488	8823	9785	12835	13425	17865	19241	22891	27380	30107	33527	44901	51139	57474	66081	78080	94111	106754	142990	171909	346352	374546	416697	428327	465145	481545	519178	
G	61	2	5	6	7	8	9	10	11	12	13	14	15	16	17	18	19	20	21	22	23	24	25	26	27	28	29	30	31	32	33	34	35	36	37	38	39	40	41	
G	61	840	1351	2460	4220	5038	5057	5301	6169	6814	7365	8183	9329	9619	10704	13922	14471	19048	20366	24404	28936	31552	35027	46591	53113	59168	67917	80201	96815	109687	147184	177078	359907	387809	428025	438243	472271	486872	520355	
G	62	2	5	6	7	8	9	10	11	12	13	14	15	16	17	18	19	20	21	22	23	24	25	26	27	28	29	30	31	32	33	34	35	36	37	38	39	40	41	
G	62	1620	2188	3297	5106	5930	5952	6226	7146	7765	8295	9137	10391	10673	11791	15147	15615	20351	21718	25927	30726	33379	37054	48891	55668	61636	70509	82849	99710	112253	151049	182103	372429	399696	437771	446753	477726	490237	519423	
G	63	2	5	6	7	8	9	10	11	12	13	14	15	16	17	18	19	20	21	22	23	24	25	26	27	28	29	30	31	32	33	34	35	36	37	38	39	40	41	
G	63	2334	2908	3923	5759	6581	6593	6891	7785	8449	8890	9712	11035	11313	12444	15809	16255	21238	22431	26896	31746	34391	38248	50352	57372	63243	72130	84789	102006	114473	154574	186172	385477	411612	447650	455637	483839	494962	520306	
G	64	2	5	6	7	8	9	10	11	12	13	14	15	16	17	18	19	20	21	22	23	24	25	26	27	28	29	30	31	32	33	34	35	36	37	38	39	40	41	
G	64	3082	3706	4689	6670	7442	7450	7750	8657	9337	9808	10552	11905	12279	13411	16286	17267	22550	23710	26779	33145	35855	39818	51217	55794	61467	73547	86528	104079	116594	157855	190484	397637	423112	456826	463945	489669	499352	521423	
G	65	2	5	6	7	8	9	10	11	12	13	14	15	16	17	18	19	20	21	22	23	24	25	26	27	28	29	30	31	32	33	34	35	36	37	38	39	40	41	
G	65	3874	4557	5529	7477	8258	8263	8607	9449	10121	10545	11304	12871	13242	14415	17308	18282	23786	24870	28128	34569	37240	41341	52836	57494	62983	75630	88633	107037	119396	162237	195653	408427	432999	463940	470145	493357	501738	520665	
G	66	2	5	6	7	8	9	10	11	12	13	14	15	16	17	18	19	20	21	22	23	24	25	26	27	28	29	30	31	32	33	34	35	36	37	38	39	40	41	
G	66	4583	5312	6223	8305	9130	9131	9537	10358	11061	11417	12113	13711	14116	15356	18175	19163	24873	25984	29404	36121	38660	42999	54627	59551	64715	77451	90650	109281	121633	165475	199781	418518	442082	470691	476158	496774	503899	520055	
G	67	2	5	6	7	8	9	10	11	12	13	14	15	16	17	18	19	20	21	22	23	24	25	26	27	28	29	30	31	32	33	34	35	36	37	38	39	40	41	
G	67	5424	6194	7013	9053	9808	9809	10263	11100	11772	12129	12784	14507	14883	16143	19078	20085	25911	26925	30454	37150	39728	44176	55873	60696	65680	79013	92212	111185	123880	169188	204020	429372	451877	478316	482985	501703	507929	521786	
G	68	2	5	6	7	8	9	10	11	12	13	14	15	16	17	18	19	20	21	22	23	24	25	26	27	28	29	30	31	32	33	34	35	36	37	38	39	40	41	
G	68	6278	7101	7927	10001	10758	10759	11233	12053	12805	13128	13758	15536	15939	17298	20192	21236	27388	28368	31953	39149	41620	46153	57690	62649	67320	80657	94265	113642	126088	172486	208173	438644	459461	483728	487825	504578	509956	521744	
G	69	2	5	6	7	8	9	10	11	12	13	14	15	16	17	18	19	20	21	22	23	24	25	26	27	28	29	30	31	32	33	34	35	36	37	38	39	40	41	
G	69	7104	7955	8626	10678	11372	11375	11851	12611	13281	13532	14121	16100	16461	17843	20665	21743	27749	28626	29479	34562	41857	46591	58067	63126	67470	81060	94309	114096	126391	173240	209160	444038	464222	486417	489986	504936	509378	519386	
G	70	2	5	6	7	8	10	11	12	13	14	15	16	17	18	19	20	21	22	23	24	25	26	27	28	29	30	31	32	33	34	35	36	37	38	39	40	41	
G	70	7911	8812	9515	11608	12315	12817	13579	14357	14592	15164	17222	17581	18963	21878	23029	29378	30210	31042	36061	43721	48741	60301	65498	69714	83718	97122	117290	129578	178014	214993	454803	474028	494089	497165	510308	514172	522689	
G	71	2	5	6	7	8	9	10	11	12	13	14	15	16	17	18	19	20	21	22	23	24	25	26	27	28	29	30	31	32	33	34	35	36	37	38	39	40	41	
G	71	8829	9798	10447	12722	13428	13430	13992	14670	15476	15692	16240	18322	18651	20086	23138	24358	31022	31811	32619	37761	45626	50784	62377	67810	71763	85937	99535	120098	132544	181373	218796	460718	478847	497155	499906	511696	515047	522100	
G	72	2	5	6	7	8	9	10	11	12	13	14	15	16	17	18	19	20	21	22	23	24	25	26	27	28	29	30	31	32	33	34	35	36	37	38	39	40	41	
G	72	9455	10509	11104	13281	13983	13985	14562	15247	16036	16230	16735	19045	19392	20926	23869	25090	32024	32755	33466	38567	46884	52059	63458	68854	72527	86992	100347	121321	133656	183711	221495	465941	482734	499344	501698	512068	514774	520642	
G	73	2	5	6	7	8	9	10	11	12	13	14	15	16	17	18	19	20	21	22	23	24	25	26	27	28	29	30	31	32	33	34	35	36	37	38	39	40	41	
G	73	10534	11578	12114	14254	14944	14945	15586	16223	17107	17259	17651	19958	20354	21885	24898	26175	32981	33646	34374	39720	48098	53485	64978	70528	73899	88786	102351	123737	136144	187053	225714	473128	489232	504041	505998	515003	517267	522159	
G	74	2	5	6	7	8	9	10	11	12	13	14	15	16	17	18	19	20	21	22	23	24	25	26	27	28	29	30	31	32	33	34	35	36	37	38	39	40	41	
G	74	11296	12433	12912	15144	15831	15832	16491	17046	17922	18058	18464	20937	21299	22865	25770	27084	34123	34711	35371	40261	48834	54225	58959	71391	74533	89263	102838	124449	136744	188281	227459	477458	492581	505893	507624	515680	517533	521593	
G	75	2	5	6	7	8	9	10	11	12	13	14	15	16	17	18	19	20	21	22	23	24	25	26	27	28	29	30	31	32	33	34	35	36	37	38	39	40	41	
G	75	12299	13445	13882	16108	16824	16826	17472	18012	18914	19028	19430	21983	22392	23934	26916	28348	35450	35933	36562	41627	50527	55964	60280	72908	75823	90922	104050	125652	137999	190445	229872	481260	495754	507706	509143	516179	517689	521068	
G	76	2	5	6	7	8	9	10	11	12	13	14	15	16	17	18	19	20	21	22	23	24	25	26	27	28	29	30	31	32	33	34	35	36	37	38	39	40	41	
G	76	13297	14453	14866	17091	17785	17787	18454	18934	19820	19965	20301	22940	23311	24996	27842	29312	36550	37060	37708	42908	52011	57739	61808	74899	77618	93015	106338	128321	140775	193733	233772	487781	501527	512230	513435	519582	520822	523573	
G	77	2	5	6	7	8	10	11	12	13	14	15	16	17	18	19	20	21	22	23	24	25	26	27	28	29	30	31	32	33	34	35	36	37	38	39	40	41	
G	77	14501	15691	16054	18268	18959	19677	20114	21100	21212	21553	24254	24642	26194	29106	30637	37993	38421	38997	43909	53301	58942	62548	75941	78505	94300	107451	129695	142181	195678	236247	490180	502744	512188	513158	518580	519565	521636	
G	78	2	5	6	7	8	10	11	12	13	14	15	16	17	18	19	20	21	22	23	24	25	26	27	28	29	30	31	32	33	34	35	36	37	38	39	40	41	
G	78	15174	16408	16731	19052	19722	20523	20958	21988	22065	22359	25265	25656	27340	30230	31812	39315	39696	40339	45371	54967	60889	64265	78133	80383	96112	109278	131711	144185	198696	239406	491756	503788	512391	513220	517804	518583	520339	
G	79	2	5	6	7	8	9	10	11	12	13	14	15	16	17	18	19	20	21	22	23	24	25	26	27	28	29	30	31	32	33	34	35	36	37	38	39	40	41	
G	79	16345	17643	17946	20282	20932	20934	21729	22147	23087	23157	23424	26316	26667	28366	31373	33034	40687	41071	41649	46633	56407	62410	65442	79685	81794	98021	111159	133766	146439	201574	242938	497646	508866	516598	517317	521402	522007	523323	
G	80	2	5	6	7	8	10	11	12	13	14	15	16	17	18	19	20	21	22	23	24	25	26	27	28	29	30	31	32	33	34	35	36	37	38	39	40	41	
G	80	17426	18811	19085	21306	21989	22804	23178	24181	24245	24493	27488	27830	29481	32520	34339	42037	42337	42889	47876	57976	64036	66789	81621	83475	99913	113148	136093	148925	204739	246511	500511	511138	518161	518720	522223	522689	523629	
G	81	2	5	6	7	8	9	10	11	12	13	14	15	16	17	18	19	20	21	22	23	24	25	26	27	28	29	30	31	32	33	34	35	36	37	38	39	40	41	
G	81	18623	19967	20196	22381	23037	23040	23817	24110	25119	25162	25364	28409	28770	30502	33456	35157	42911	43205	43738	48727	58871	64989	67478	82443	84037	100603	113798	136984	149573	205385	247209	500006	510060	516055	516499	519425	519763	520468	
G	82	2	5	6	7	8	10	11	12	13	14	15	16	17	18	19	20	21	22	23	24	25	26	27	28	29	30	31	32	33	34	35	36	37	38	39	40	41	
G	82	19829	21254	21474	23735	24377	25203	25495	26598	26642	26840	29973	30354	32032	34939	36727	44382	44651	45241	50200	60517	66726	68921	83982	85490	102299	115256	138485	151229	207992	250577	504428	513962	519397	519763	522273	522503	522973	
G	83	2	5	6	7	8	10	11	12	13	14	15	16	17	18	19	20	21	22	23	24	25	26	27	28	29	30	31	32	33	34	35	36	37	38	39	40	41	
G	83	21273	22582	22752	24940	25588	26433	26670	27712	27749	27924	31008	31382	33076	36032	37888	45751	45956	46510	51474	61729	67822	69825	85227	86580	103529	116630	140135	152984	210324	253357	505115	514268	519120	519431	521469	521633	522001	
G	84	2	5	6	7	8	9	10	11	12	13	14	15	16	17	18	19	20	21	22	23	24	25	26	27	28	29	30	31	32	33	34	35	36	37	38	39	40	41	
G	84	22400	23794	23956	26181	26804	26805	27623	27856	28961	28995	29162	32272	32595	34290	37301	39242	46864	47048	47552	52384	63191	69496	71313	86837	88064	104971	118044	141529	154398	212201	254784	506375	515035	519260	519479	521099	521217	521450	
G	85	2	5	6	7	8	10	11	12	13	14	15	16	17	18	19	20	21	22	23	24	25	26	27	28	29	30	31	32	33	34	35	36	37	38	39	40	41	
G	85	23986	25356	25508	27689	28297	29079	29285	30382	30412	30549	33717	34097	35757	38697	40562	48177	48363	48876	53604	64233	70488	72129	87973	89078	106317	119163	143382	156286	214181	258097	508881	517060	520625	520798	522091	522177	522328	
G	86	2	5	6	7	8	9	10	11	12	13	14	15	16	17	18	19	20	21	22	23	24	25	26	27	28	29	30	31	32	33	34	35	36	37	38	39	40	41	
G	86	25535	26966	27088	29162	29815	29816	30650	30825	31881	31913	32039	35231	35569	37261	40088	42023	49766	49969	50451	55146	65868	72140	73537	89367	90303	107658	120357	144532	157637	215842	259841	510391	518322	521388	521515	522459	522510	522608	
G	87	2	5	6	7	8	9	10	11	12	13	14	15	16	17	18	19	20	21	22	23	24	25	26	27	28	29	30	31	32	33	34	35	36	37	38	39	40	41	
G	87	27345	28657	28759	30879	31493	31494	32277	32422	33482	33507	33597	36732	37069	38740	41636	43642	51272	51412	51932	56579	67453	73727	74992	91024	91901	109404	122472	146614	159577	218792	262814	511089	518608	521298	521385	522118	522145	522193	
G	88	2	5	6	7	8	9	10	11	12	13	14	15	16	17	18	19	20	21	22	23	24	25	26	27	28	29	30	31	32	33	34	35	36	37	38	39	40	41	
G	88	29363	30724	30817	32940	33501	33502	34338	34482	35573	35589	35677	38794	39176	40881	43795	45747	53388	53495	54026	58817	69863	76348	77490	94072	94803	112473	125255	149702	162868	222275	266724	512248	519298	521476	521547	522112	522132	522159	
G	89	2	5	6	7	8	10	11	12	13	14	15	16	17	18	19	20	21	22	23	24	25	26	27	28	29	30	31	32	33	34	35	36	37	38	39	40	41	
G	89	31178	32476	32554	34530	35074	35847	35973	37069	37088	37162	40153	40507	42115	44926	46819	54516	54618	55124	59805	70804	77361	78330	94860	95513	113427	126493	151307	164805	225485	270904	515339	522175	524052	524110	524513	524515	524531	
G	90	2	5	6	7	8	9	10	11	12	13	14	15	16	17	18	19	20	21	22	23	24	25	26	27	28	29	30	31	32	33	34	35	36	37	38	39	40	41	
G	90	33498	34721	34777	36644	37128	37130	37859	37952	38906	38919	38975	41948	42276	43831	46609	48630	56091	56186	56665	61178	72043	78397	79256	95846	96443	114446	127481	152530	165771	226762	271624	513508	520000	521563	521589	521854	521861	521870	
G	91	2	5	6	7	8	10	11	12	13	14	15	16	17	18	19	20	21	22	23	24	25	26	27	28	29	30	31	32	33	34	35	36	37	38	39	40	41	
G	91	35656	36769	36827	38658	39142	39830	39927	40872	40879	40923	44028	44361	45945	48736	50674	57915	57981	58459	62874	73646	80099	80819	97323	97828	115961	128907	154074	167666	228915	274816	515959	522005	523204	523232	523418	523420	523421	
G	92	2	5	6	7	8	10	11	12	13	14	15	16	17	18	19	20	21	22	23	24	25	26	27	28	29	30	31	32	33	34	35	36	37	38	39	40	41	
G	92	38635	39628	39666	41325	41693	42352	42410	43349	43356	43412	46192	46512	48030	50727	52611	59414	59478	59981	64367	75195	81522	82135	99046	99494	117424	130420	155850	169302	230773	276918	517344	523198	524200	524228	524358	524359	524361	
G	93	2	5	6	7	8	9	10	11	12	13	14	15	16	17	18	19	20	21	22	23	24	25	26	27	28	29	30	31	32	33	34	35	36	37	38	39	
G	93	41889	42820	42854	44412	44769	44770	45372	45427	46317	46320	46355	48945	49257	50665	53180	55036	61759	61819	62248	66695	77000	83207	83739	99863	100243	118065	131278	156660	170393	231744	277843	515194	520690	521433	521448	521539	
G	94	2	5	6	7	8	9	10	11	12	13	14	15	16	17	18	19	20	21	22	23	24	25	26	27	28	29	30	31	32	33	34	35	36	37	38	39	
G	94	45648	46468	46486	47838	48115	48117	48618	48654	48659	49434	49465	51796	52100	53435	55952	57639	64001	64039	64507	68622	78883	84938	85374	101673	102021	119857	132983	158686	172442	234181	280777	516198	521569	522107	522111	522163	
G	95	2	5	6	7	8	9	10	11	12	13	14	15	16	17	18	19	20	21	22	23	24	25	26	27	28	29	30	31	32	33	34	35	36	37	38	39	
G	95	50216	50880	50900	51986	52222	52223	52682	52714	52719	53370	53392	55530	55824	57038	59427	61058	66918	66955	67384	71248	81293	87264	87662	103540	103872	121432	134583	160492	174188	236587	283581	517881	522953	523341	523344	523364	
G	96	2	5	6	7	8	9	10	11	12	13	14	15	16	17	18	19	20	21	22	23	24	25	26	27	28	29	30	31	32	33	34	35	36	37	38	39	
G	96	55197	55699	55713	56559	56692	56693	56980	56999	57001	57514	57530	59472	59719	60820	63120	64651	70006	70035	70491	74263	83542	89332	89613	105217	105476	122744	136166	162042	175927	238968	285688	516538	521305	521616	521617	521636	
G	97	2	5	6	7	8	10	11	13	14	15	16	17	18	19	20	21	22	23	24	25	26	27	28	29	30	31	32	33	34	35	36	37	38	39	
G	97	60305	60522	60526	61040	61117	61313	61323	61698	61706	63374	63622	64590	66803	68220	73184	73209	73630	77256	86402	92025	92322	107738	107983	125310	138626	164911	178915	242353	289827	519323	524046	524251	524252	524254	
G	98	2	5	6	7	8	10	11	12	13	14	15	16	17	18	19	20	21	22	23	24	25	26	27	28	29	30	31	32	33	34	35	36	37	38	39	
G	98	65725	65784	65786	65969	65997	66069	66076	66078	66225	66228	67751	67987	68839	70935	72147	76689	76706	77122	80499	89332	94658	94859	109858	110046	126719	139910	166371	180450	244346	292277	519023	523456	523612	523613	523619	
G	99	2	13	15	16	17	18	19	20	21	22	23	24	25	26	27	28	29	30	31	32	33	34	35	36	37	39	
G	99	69395	69408	70891	71151	71930	74108	75207	79716	79733	80178	83309	91961	96916	97089	111888	112070	128541	141953	168481	182661	246163	293519	517934	522246	522367	522371	
C	0	10	16	19	22	23	25	26	27	28	30	31	33	34	
C	0	3870	8458	8461	8886	13358	18175	27762	36495	45505	81149	239208	305466	540452	
C	1	10	16	19	22	23	25	26	27	28	30	31	33	34	
C	1	3915	8714	8725	9727	13579	17380	26344	37512	44042	69888	199362	225086	480559	
C	2	10	16	19	22	23	25	26	27	28	30	31	33	34	
C	2	3570	8295	8296	9463	13277	17336	26210	38043	44940	70831	201380	227147	508496	
C	3	10	16	19	22	25	26	27	28	30	31	32	33	35	37	
C	3	3114	4913	7475	8430	12091	16301	16538	22998	33099	33265	45805	66078	169745	534600	
C	4	10	16	19	22	25	26	27	28	30	31	32	33	35	37	
C	4	2902	4585	6817	7800	11201	15194	15434	20971	30434	30593	41894	59907	152206	484398	
C	5	8	10	11	15	16	17	18	19	21	22	23	25	26	27	28	29	30	31	32	33	35	36	37	
C	5	782	2683	3059	3563	4256	6035	6785	7261	7551	7642	9230	12973	16199	17047	21036	22795	32291	35481	49011	64175	157453	165474	530803	
C	6	6	8	10	11	15	16	17	18	19	21	22	23	25	26	27	28	29	30	31	32	33	35	36	37	
C	6	1	725	2636	2979	3447	4052	5774	6441	6961	7224	7320	8820	12471	15491	16591	19684	21412	30166	33040	45791	59644	143684	150770	484023	
C	7	8	10	11	12	15	16	17	18	19	21	22	23	24	25	26	27	28	29	30	31	32	33	35	36	37	
C	7	757	2654	2966	2967	3487	4162	5853	6600	7106	7412	7518	9147	9148	12835	15841	17419	20339	22129	31039	34088	47587	61929	149264	156849	503805	
C	8	6	8	10	11	12	15	16	17	18	19	20	21	22	23	25	26	27	28	29	30	31	32	33	34	35	37	38	39	
C	8	2	819	2833	3249	3250	3743	4485	6144	6951	7495	7496	7826	7919	9587	13459	14801	18937	21313	23228	32575	34772	46998	56651	63532	97194	151513	181984	511845	
C	9	6	7	8	9	10	11	12	15	16	17	18	19	21	22	23	24	25	26	27	28	29	30	31	32	33	34	35	37	38	39	
C	9	1	4	729	730	2629	2977	2982	3472	4116	5858	6610	7103	7418	7533	9134	9135	12893	14300	19012	20760	22652	31821	34045	46331	56262	63323	96571	150670	181205	511484	
C	10	5	6	7	8	9	10	11	12	14	15	16	17	18	19	20	21	22	23	24	25	26	27	28	29	30	31	32	33	34	35	36	37	38	39	
C	10	1	4	9	778	785	2749	3083	3087	3089	3551	4218	5870	6637	7156	7160	7482	7584	9180	9191	12938	14322	19728	20681	22524	32110	34272	46462	56355	63320	96869	96870	151374	182831	513466	
C	11	5	6	7	8	9	10	11	12	13	14	15	16	17	18	19	20	21	22	23	24	25	26	27	28	29	30	31	32	33	34	35	37	38	39	
C	11	2	4	10	814	818	2800	3146	3149	3151	3155	3641	4300	5921	6718	7259	7265	7606	7711	9422	9453	13158	14598	20522	21034	22906	32420	34491	46710	56620	63580	97092	151861	184033	512520	
C	12	6	7	8	9	10	11	12	13	14	15	16	17	18	19	20	21	22	23	24	25	26	27	28	29	30	31	32	33	34	35	37	38	39	
C	12	3	8	757	771	2760	3097	3102	3104	3109	3608	4315	5844	6554	7066	7069	7392	7507	9087	9154	12943	14317	20238	20626	22528	32116	34309	46439	56116	63006	96712	151419	184138	510332	
C	13	6	7	8	9	10	11	12	13	14	15	16	17	18	19	20	21	22	23	24	25	26	27	28	29	30	31	32	33	34	35	36	37	38	39	40	41	
C	13	7	17	784	810	2726	3037	3040	3043	3047	3112	4237	6050	6891	7410	7413	7775	7885	8887	9732	13415	14838	20801	21261	23196	27846	34329	42442	53940	61388	68348	88440	103763	152743	181484	263001	508147	
C	14	5	6	7	8	9	10	11	12	13	14	15	16	17	18	19	20	21	22	23	24	25	26	27	28	29	30	31	32	33	34	35	36	37	38	39	40	41	
C	14	4	12	20	832	891	2838	3192	3197	3201	3207	3295	4325	5967	6773	7289	7292	7684	7814	8900	9830	13534	14916	20850	21276	23209	28146	34868	42937	54535	62301	69323	89785	105397	155132	184051	266967	511959	
C	15	5	6	7	8	9	10	11	12	13	14	15	16	17	18	19	20	21	22	23	24	25	26	27	28	29	30	31	32	33	34	35	36	37	38	39	40	41	
C	15	1	16	28	834	907	2866	3197	3203	3211	3215	3314	4395	6072	6867	7393	7400	7782	7944	9007	10034	13716	15146	21066	21523	23397	28397	35248	43391	55288	63011	70143	90481	106388	155913	185126	268972	510934	
C	16	5	6	7	8	9	10	11	12	13	14	15	16	17	18	19	20	21	22	23	24	25	26	27	28	29	30	31	32	33	34	35	36	37	38	39	40	41	
C	16	4	18	31	1178	1293	3562	3959	3966	3977	3990	4123	5281	7065	7965	8570	8576	8982	9118	10278	11431	15123	16605	22535	23023	25141	30506	37168	45323	57435	65147	72664	93081	108845	158847	188007	271871	507789	
C	17	5	6	7	8	9	10	11	12	13	14	15	16	17	18	19	20	21	22	23	24	25	26	27	28	29	30	31	32	33	34	35	36	37	38	39	40	41	
C	17	4	25	46	995	1127	3011	3301	3315	3326	3335	3526	4703	6614	7483	8074	8091	8544	8677	9801	11132	14823	16293	22313	22797	24876	30576	37304	45599	57943	65970	73550	94286	110798	161752	191557	278304	513977	
C	18	5	6	7	8	9	10	11	12	13	14	15	16	17	18	19	20	21	22	23	24	25	26	27	28	29	30	31	32	33	34	35	36	37	38	39	40	41	
C	18	1	16	48	997	1217	3167	3449	3458	3468	3483	3757	4777	5128	7413	8032	8048	8516	8681	9916	11345	14972	16485	22177	22680	24693	30370	37208	45292	53588	65344	73418	91887	108639	154703	190088	278404	512602	
C	19	6	7	8	9	10	11	12	13	14	15	16	17	18	19	20	21	22	23	24	25	26	27	28	29	30	31	32	33	34	35	36	37	38	39	40	41	
C	19	21	51	1070	1332	3166	3407	3423	3437	3460	3790	4919	5358	7481	8113	8130	8668	8813	10113	11711	15240	16859	22339	22862	25008	31227	37828	45704	54114	65622	74078	92844	109444	155940	191479	280694	512470	
C	20	5	6	7	8	9	10	11	12	13	14	15	16	17	18	19	20	21	22	23	24	25	26	27	28	29	30	31	32	33	34	35	36	37	38	39	40	41	
C	20	1	29	86	1237	1606	3332	3568	3580	3596	3618	3951	5166	5631	7425	8069	8098	8666	8826	10250	12158	15787	17352	22776	23335	25526	31971	38755	46495	55032	66810	75844	94642	111435	159054	194570	285770	516882	
C	21	5	6	7	8	9	10	11	12	13	14	15	16	17	18	19	20	21	22	23	24	25	26	27	28	29	30	31	32	33	34	35	36	37	38	39	40	41	
C	21	4	36	94	1372	1895	3565	3785	3807	3843	3875	4320	5608	6165	7954	8566	8598	9243	9432	10878	12936	16435	18098	23348	23963	26218	33359	40160	47582	56509	68111	77615	96194	112989	161123	196555	288876	515714	
C	22	5	6	7	8	9	10	11	12	13	14	15	16	17	18	19	20	21	22	23	24	25	26	27	28	29	30	31	32	33	34	35	36	37	38	39	40	41	
C	22	2	55	136	1447	2063	3629	3782	3810	3843	3893	4490	5788	6360	7982	8640	8678	9329	9581	11106	13316	16909	18662	23790	24403	26718	34062	41057	48255	57323	68804	78780	97053	114091	162922	198472	291001	514529	
C	23	5	6	7	8	9	10	11	12	13	14	15	16	17	18	19	20	21	22	23	24	25	26	27	28	29	30	31	32	33	34	35	36	37	38	39	40	41	
C	23	3	62	149	1574	2345	3793	3954	3979	4019	4064	4772	6177	6748	8225	8902	8943	9720	9992	11592	14103	17627	19380	24323	24998	27336	35423	42317	49316	58687	70322	80947	99327	117212	167219	202204	294897	517499	
C	24	5	6	7	8	9	10	11	12	13	14	15	16	17	18	19	20	21	22	23	24	25	26	27	28	29	30	31	32	33	34	35	36	37	38	39	40	41	
C	24	2	77	208	1712	2605	3857	3978	4033	4086	4154	4969	6375	6945	8245	8910	8974	9841	10096	11660	14318	17911	19749	24480	25209	27536	36059	43310	50092	59865	71393	82858	100925	118768	169599	205227	298598	517098	
C	25	5	6	7	8	9	10	11	12	13	14	15	16	17	18	19	20	21	22	23	24	25	26	27	28	29	30	31	32	33	34	35	36	37	38	39	40	41	
C	25	3	85	222	1836	2888	4001	4119	4186	4262	4335	5233	6719	7301	8557	9222	9279	10217	10537	12195	15003	18592	20513	25081	25841	28264	37123	44174	50697	60782	72038	84177	102282	120353	172396	207423	302725	515274	
C	26	5	6	7	8	9	10	11	12	13	14	15	16	17	18	19	20	21	22	23	24	25	26	27	28	29	30	31	32	33	34	35	36	37	38	39	40	41	
C	26	3	115	302	1881	3024	3928	3997	4068	4159	4254	5331	6787	7317	8478	9171	9251	10319	10664	12366	15403	18961	20944	25310	26121	28538	37690	45225	51458	62102	73466	86594	104438	122911	175936	211155	309043	518950	
C	27	5	6	7	8	9	10	11	12	13	14	15	16	17	18	19	20	21	22	23	24	25	26	27	28	29	30	31	32	33	34	35	36	37	38	39	40	41	
C	27	7	130	349	1929	3144	3881	3925	3993	4097	4217	5306	6754	7262	8330	9076	9196	10320	10711	12360	15447	18974	21067	25198	26109	28529	37840	45433	51525	62454	73566	87380	104809	123928	177805	213146	312485	517593	
C	28	5	6	7	8	9	10	11	12	13	14	15	16	17	18	19	20	21	22	23	24	25	26	27	28	29	30	31	32	33	34	35	36	37	38	39	40	41	
C	28	11	169	381	2091	3479	4068	4112	4209	4338	4491	5704	7064	7453	8484	9230	9368	10676	11122	12809	16011	19527	21685	25694	26739	29361	38995	46839	52728	63866	74680	89286	106482	125614	179868	215264	315569	516300	
C	29	5	6	7	8	9	10	11	12	13	14	15	16	17	18	19	20	21	22	23	24	25	26	27	28	29	30	31	32	33	34	35	36	37	38	39	40	41	
C	29	6	209	489	2205	3663	4113	4150	4268	4406	4616	5937	7283	7707	8745	9464	9625	10947	11456	13329	16570	19968	22332	26146	27325	30020	39863	47821	53583	65297	75961	91359	108685	128378	184197	219909	322115	519614	
C	30	5	6	7	8	9	10	11	12	13	14	15	16	17	18	19	20	21	22	23	24	25	26	27	28	29	30	31	32	33	34	35	36	37	38	39	40	41	
C	30	9	233	582	2222	3793	4152	4183	4321	4509	4724	6146	7339	7643	8654	9479	9664	11148	11753	13710	17051	20336	22808	26688	28109	30883	40966	49188	55058	67227	78057	94290	111388	131649	187861	223557	326683	519364	
C	31	5	6	7	8	9	10	11	12	13	14	15	16	17	18	19	20	21	22	23	24	25	26	27	28	29	30	31	32	33	34	35	36	37	38	39	40	41	
C	31	9	258	701	2538	4163	4415	4443	4596	4841	5114	6714	7920	8241	9315	10196	10407	11910	12600	14551	18128	21337	24111	27963	29569	32567	42469	51023	56929	69836	80670	97960	115191	136084	192471	228300	332035	518083	
C	32	5	6	7	8	9	10	11	12	13	14	15	16	17	18	19	20	21	22	23	24	25	26	27	28	29	30	31	32	33	34	35	36	37	38	39	40	41	
C	32	12	339	828	2570	4230	4387	4432	4634	4883	5213	6849	7990	8268	9271	10140	10431	12042	12780	14944	18298	21492	24489	28270	30146	33071	43087	51836	57787	71650	82298	100436	117534	139027	196776	233923	338541	520329	
C	33	5	6	7	8	9	10	11	12	13	14	15	16	17	18	19	20	21	22	23	24	25	26	27	28	29	30	31	32	33	34	35	36	37	38	39	40	41	
C	33	12	388	975	2777	4559	4688	4733	4954	5292	5664	7284	8283	8568	9643	10551	10874	12557	13440	15629	19179	22266	25391	29241	31330	34402	44277	53187	59446	73597	84436	103211	120729	142888	200572	238098	343033	520088	
C	34	5	6	7	8	9	10	11	12	13	14	15	16	17	18	19	20	21	22	23	24	25	26	27	28	29	30	31	32	33	34	35	36	37	38	39	40	41	
C	34	14	438	1106	2800	4461	4526	4584	4834	5211	5676	7377	8257	8540	9653	10647	11082	12861	13798	16152	19735	22615	26040	29832	32160	35347	45265	54695	61175	75941	86887	106639	124486	147576	205544	243961	348355	518971	
C	35	5	6	7	8	9	10	11	12	13	14	15	16	17	18	19	20	21	22	23	24	25	26	27	28	29	30	31	32	33	34	35	36	37	38	39	40	41	
C	35	20	535	1263	3074	4829	4867	4929	5239	5675	6131	7798	8655	8993	10172	11181	11654	13403	14484	16905	20517	23259	26986	30833	33554	36911	46442	56167	62873	78008	89497	110074	128395	152437	211282	250849	356135	520948	
C	36	5	6	7	8	9	10	11	12	13	14	15	16	17	18	19	20	21	22	23	24	25	26	27	28	29	30	31	32	33	34	35	36	37	38	39	40	41	
C	36	16	483	1198	2675	4140	4161	4236	4581	5076	5601	7097	7762	8034	8984	9890	10466	12185	13346	15797	18931	21451	25294	28580	31506	34382	44195	53628	60189	74696	85540	106704	123388	147764	200760	245229	338061	520533	
C	37	5	6	7	8	9	10	11	12	13	14	15	16	17	18	19	20	21	22	23	24	25	26	27	28	29	30	31	32	33	34	35	36	37	38	39	40	41	
C	37	15	598	1353	2833	4277	4298	4382	4726	5267	5771	7205	7843	8150	9206	10186	10820	12576	13811	16466	19710	21968	26005	29411	32635	35763	44872	54363	61107	75928	87092	109261	126800	151557	203369	246073	337005	519234	
C	38	5	6	7	8	9	10	11	12	13	14	15	16	17	18	19	20	21	22	23	24	25	26	27	28	29	30	31	32	33	34	35	36	37	38	39	40	41	
C	38	19	635	1480	2926	4242	4261	4364	4726	5335	5948	7320	7845	8207	9282	10249	10980	12558	13928	16742	19961	22035	26339	29712	33346	36621	45420	55299	62455	77876	89409	113238	131303	157441	207658	251788	340876	521746	
C	39	5	6	7	8	9	10	11	12	13	14	15	16	17	18	19	20	21	22	23	24	25	26	27	28	29	30	31	32	33	34	35	36	37	38	39	40	41	
C	39	27	643	1575	3100	4301	4319	4433	4796	5457	6114	7459	8007	8342	9448	10454	11292	12911	14306	17331	20526	22492	27029	30420	34428	37853	46374	56353	63860	79543	92002	117449	136538	163409	212694	257184	344798	520091	
C	40	5	6	7	8	9	10	11	12	13	14	15	16	17	18	19	20	21	22	23	24	25	26	27	28	29	30	31	32	33	34	35	36	37	38	39	40	41	
C	40	28	727	1709	3119	4290	4318	4448	4912	5603	6330	7577	8006	8364	9498	10569	11462	13063	14675	17911	21062	22761	27737	31037	35451	39135	47152	57311	65100	80765	93765	121045	140791	168802	217095	262493	348004	519492	
C	41	5	6	7	8	9	10	11	12	13	14	15	16	17	18	19	20	21	22	23	24	25	26	27	28	29	30	31	32	33	34	35	36	37	38	39	40	41	
C	41	26	770	1825	3380	4457	4477	4649	5141	5912	6643	7853	8267	8682	9899	10958	11913	13585	15309	18733	21884	23450	28647	32018	36830	40694	48528	58781	67043	83303	97379	126848	147547	177250	224581	271763	355351	521141	
C	42	5	6	7	8	9	10	11	12	13	14	15	16	17	18	19	20	21	22	23	24	25	26	27	28	29	30	31	32	33	34	35	36	37	38	39	40	41	
C	42	33	858	1996	3512	4545	4580	4763	5228	6073	6854	7937	8324	8769	10070	11148	12273	13961	15740	19265	22302	23764	29383	32772	37944	42176	49834	60478	69046	85605	100543	132617	154778	186069	232337	281120	362359	521707	
C	43	5	6	7	8	9	10	11	12	13	14	15	16	17	18	19	20	21	22	23	24	25	26	27	28	29	30	31	32	33	34	35	36	37	38	39	40	41	
C	43	56	960	2103	3692	4604	4647	4831	5333	6213	6998	8003	8416	8877	10227	11263	12450	14163	16115	19780	22705	24141	30060	33534	39016	43511	51108	62089	71256	88103	104032	138601	161699	194378	239212	288953	367361	518976	
C	44	5	6	7	8	9	10	11	12	13	14	15	16	17	18	19	20	21	22	23	24	25	26	27	28	29	30	31	32	33	34	35	36	37	38	39	40	41	
C	44	52	968	2247	3876	4707	4754	5018	5549	6500	7350	8274	8606	9089	10458	11610	13157	14745	16793	20529	23558	25231	31426	34782	40598	45468	53161	64752	74210	91825	109005	147165	171887	206460	249993	300873	376799	521900	
C	45	5	6	7	8	9	10	11	12	13	14	15	16	17	18	19	20	21	22	23	24	25	26	27	28	29	30	31	32	33	34	35	36	37	38	39	40	41	
C	45	58	1041	2359	3963	4778	4823	5093	5681	6739	7592	8441	8751	9277	10822	11945	13657	15297	17463	21323	24312	25882	32543	35901	42167	47450	55053	66842	76869	95062	113530	155763	181633	217689	259927	312017	384679	520659	
C	46	5	6	7	8	9	10	11	12	13	14	15	16	17	18	19	20	21	22	23	24	25	26	27	28	29	30	31	32	33	34	35	36	37	38	39	40	41	
C	46	84	1104	2561	4233	4966	5022	5340	5940	7037	7925	8675	8986	9522	11166	12311	14163	15740	18113	22057	24955	26557	33528	36994	43508	48963	56652	68836	79085	97785	117518	163571	190357	228144	269088	321561	391066	519811	
C	47	5	6	7	8	9	10	11	12	13	14	15	16	17	18	19	20	21	22	23	24	25	26	27	28	29	30	31	32	33	34	35	36	37	38	39	40	41	
C	47	83	1134	2736	4509	5122	5195	5574	6153	7405	8382	9052	9347	9928	11654	12741	14895	16490	18854	22999	25858	27491	34828	38300	45074	51000	58664	71396	82292	101674	123321	174461	202982	242466	281973	335578	401785	522230	
C	48	5	6	7	8	9	10	11	12	13	14	15	16	17	18	19	20	21	22	23	24	25	26	27	28	29	30	31	32	33	34	35	36	37	38	39	40	41	
C	48	108	1216	2873	4587	5090	5173	5589	6236	7432	8367	9008	9345	9944	11732	12845	15149	16802	19345	23140	26541	28053	35810	39550	46500	52747	60697	73538	84680	104616	127544	183782	213982	255101	290924	346193	408459	520984	
C	49	5	6	7	8	9	10	11	12	13	14	15	16	17	18	19	20	21	22	23	24	25	26	27	28	29	30	31	32	33	34	35	36	37	38	39	40	41	
C	49	134	1210	2903	4601	5043	5148	5623	6327	7533	8472	9070	9401	10017	12001	13103	15634	17347	19991	23827	27272	28807	36696	40552	47761	54367	62710	76157	87933	108788	133027	194771	226265	268101	302601	357537	416033	519885	
C	50	5	6	7	8	9	10	11	12	13	14	15	16	17	18	19	20	21	22	23	24	25	26	27	28	29	30	31	32	33	34	35	36	37	38	39	40	41	
C	50	146	1290	3237	5119	5496	5689	6777	7934	10232	11201	12065	12316	13027	15594	16633	21502	23875	28380	33912	39777	42645	56606	61664	76586	86836	103851	128158	150460	188176	231166	272471	310528	352145	392584	466396	506330	521936	
C	51	5	6	7	8	9	10	11	12	13	14	15	16	17	18	19	20	21	22	23	24	25	26	27	28	29	30	31	32	33	34	35	36	37	38	39	40	41	
C	51	164	1427	3440	5297	5626	5820	6619	7516	9276	10219	10890	11169	11835	14319	15281	19309	21279	24872	29695	34125	36178	47440	52034	62802	71933	84968	104433	122514	156184	196056	250078	287946	325857	361059	439152	497411	520972	
C	52	5	6	7	8	9	10	11	12	13	14	15	16	17	18	19	20	21	22	23	24	25	26	27	28	29	30	31	32	33	34	35	36	37	38	39	40	41	
C	52	162	1224	3197	4855	5115	5288	5954	6701	8134	9008	9609	9857	10553	12943	13890	17492	19365	22499	26881	30904	32831	42792	47024	55809	64573	75541	92214	107409	135496	170455	242189	278745	320528	351683	413171	470378	520621	
C	53	5	6	7	8	9	10	11	12	13	14	15	16	17	18	19	20	21	22	23	24	25	26	27	28	29	30	31	32	33	34	35	36	37	38	39	40	41	
C	53	215	1295	3308	4964	5168	5353	6032	6723	8071	8902	9445	9698	10415	12863	13713	17243	18993	21992	26346	30278	32203	41658	45922	54065	62779	73065	88939	103278	129870	163569	248168	284541	328759	356357	411708	458306	521769	
C	54	5	6	7	8	9	10	11	12	13	14	15	16	17	18	19	20	21	22	23	24	25	26	27	28	29	30	31	32	33	34	35	36	37	38	39	40	41	
C	54	212	1274	3406	5062	5240	5418	6093	6682	7914	8794	9328	9618	10389	12974	13775	17301	19208	22174	26420	28926	32226	41678	45987	53418	62248	72388	87882	102047	128572	162428	257597	294499	339412	364028	415774	455509	520135	
C	55	5	6	7	8	9	10	11	12	13	14	15	16	17	18	19	20	21	22	23	24	25	26	27	28	29	30	31	32	33	34	35	36	37	38	39	40	41	
C	55	183	988	2768	4095	4243	4483	5218	5830	7063	7778	8356	8591	9304	11636	12344	16024	17788	20609	24713	27112	30236	39383	43358	50619	58869	68689	83506	96986	120989	152726	263536	300870	346855	365734	419820	450705	519966	
C	56	5	6	7	8	9	10	11	12	13	14	15	16	17	18	19	20	21	22	23	24	25	26	27	28	29	30	31	32	33	34	35	36	37	38	39	40	41	
C	56	181	1016	2831	4126	4221	4433	5113	5599	6716	7408	7947	8157	8946	11331	11958	15563	17258	20010	24049	26433	29645	38630	42504	49264	57739	67607	82029	95339	119157	151328	275382	313573	360618	377928	428838	455357	521259	
C	57	5	6	7	8	9	10	11	12	13	14	15	16	17	18	19	20	21	22	23	24	25	26	27	28	29	30	31	32	33	34	35	36	37	38	39	40	41	
C	57	210	1030	2889	4162	4253	4456	5181	5689	6768	7424	7991	8209	9010	11494	12090	15801	17472	20034	24020	26455	29702	38415	42425	48911	57537	67491	82129	95378	119672	152453	287661	325687	372342	387892	436162	459704	519850	
C	58	5	6	7	8	9	10	11	12	13	14	15	16	17	18	19	20	21	22	23	24	25	26	27	28	29	30	31	32	33	34	35	36	37	38	39	40	41	
C	58	222	1002	3037	4228	4294	4532	5239	5738	6722	7308	7896	8109	8896	11533	12078	15483	16892	20127	23318	25390	28639	38617	42695	48967	57972	68069	83134	96387	121511	155405	300847	339226	385038	399116	444603	465124	519368	
C	59	5	6	7	8	9	10	11	12	13	14	15	16	17	18	19	20	21	22	23	24	25	26	27	28	29	30	31	32	33	34	35	36	37	38	39	40	41	
C	59	271	1018	3176	4317	4357	4683	5448	5954	6875	7421	8033	8256	9114	11976	12461	16032	17429	20656	23980	26183	29701	39854	44251	50290	59661	70016	84980	98449	124687	160303	316334	354521	399638	412146	455101	473286	521857	
C	60	5	6	7	8	9	10	11	12	13	14	15	16	17	18	19	20	21	22	23	24	25	26	27	28	29	30	31	32	33	34	35	36	37	38	39	40	41	
C	60	291	997	3109	4192	4237	4542	5299	5796	6689	7266	7948	8164	9042	11936	12320	16039	17423	20796	24101	26310	30049	40236	44816	50340	59889	70612	85881	99778	126706	163493	329329	366999	410773	421915	462226	478216	521331	
C	61	2	5	6	7	8	9	10	11	12	13	14	15	16	17	18	19	20	21	22	23	24	25	26	27	28	29	30	31	32	33	34	35	36	37	38	39	40	41	
C	61	533	864	1535	3770	4759	4786	5116	5834	6322	7168	7647	8361	8590	9459	12525	12917	16653	17946	21392	24766	27096	31125	41307	46134	51525	61231	72082	87736	101553	129386	167225	341928	379681	421891	431731	468247	482173	519808	
C	62	2	5	6	7	8	9	10	11	12	13	14	15	16	17	18	19	20	21	22	23	24	25	26	27	28	29	30	31	32	33	34	35	36	37	38	39	40	41	
C	62	1083	1426	2148	4459	5414	5436	5803	6551	7054	7781	8271	9095	9308	10287	13492	13811	17819	19164	22557	26025	28244	32410	42608	47642	52715	62687	73746	89531	103692	132510	172143	357592	394611	434839	443596	477523	489906	523401	
C	63	2	5	6	7	8	9	10	11	12	13	14	15	16	17	18	19	20	21	22	23	24	25	26	27	28	29	30	31	32	33	34	35	36	37	38	39	40	41	
C	63	1660	2050	2712	5106	6013	6026	6398	7207	7711	8473	8925	9826	10022	11067	14440	14736	18911	20182	23590	26955	29157	33529	43856	49111	53997	64112	75170	91547	105683	135255	175961	368469	404875	443113	450892	481979	492483	521089	
C	64	2	5	6	7	8	9	10	11	12	13	14	15	16	17	18	19	20	21	22	23	24	25	26	27	28	29	30	31	32	33	34	35	36	37	38	39	40	41	
C	64	2336	2734	3351	5779	6603	6612	7072	7837	8353	9020	9471	10292	10603	11629	14099	15237	19581	20805	23557	27885	30189	34889	44953	48845	53460	65699	77109	93804	108049	138433	179985	380495	415640	451421	458121	486431	495707	520340	
C	65	2	5	6	7	8	9	10	11	12	13	14	15	16	17	18	19	20	21	22	23	24	25	26	27	28	29	30	31	32	33	34	35	36	37	38	39	40	41	
C	65	2988	3417	3977	6616	7448	7457	7948	8740	9251	9833	10229	11140	11453	12561	15217	16439	20868	21959	24640	29100	31401	36261	46015	49996	54503	67105	78730	95884	110292	141493	184956	392927	427454	460904	466753	492364	500365	521965	
C	66	2	5	6	7	8	9	10	11	12	13	14	15	16	17	18	19	20	21	22	23	24	25	26	27	28	29	30	31	32	33	34	35	36	37	38	39	40	41	
C	66	3738	4194	4749	7283	8040	8045	8561	9315	9903	10453	10824	11806	12140	13259	15886	17209	21907	22935	25589	30254	32486	37636	47530	51724	55787	68763	80314	97430	112340	144630	188994	403618	436937	467750	472960	495776	502512	520928	
C	67	2	5	6	7	8	9	10	11	12	13	14	15	16	17	18	19	20	21	22	23	24	25	26	27	28	29	30	31	32	33	34	35	36	37	38	39	40	41	
C	67	4343	4861	5362	7913	8644	8649	9221	10010	10558	11075	11440	12458	12758	13955	16586	17995	22661	23642	26216	31096	33451	38904	48441	52757	56704	69841	81823	99409	114201	146827	192421	412512	444388	472521	476870	497454	503200	518798	
C	68	2	5	6	7	8	9	10	11	12	13	14	15	16	17	18	19	20	21	22	23	24	25	26	27	28	29	30	31	32	33	34	35	36	37	38	39	40	41	
C	68	4946	5427	5916	8640	9278	9279	9893	10551	11052	11515	11829	12987	13313	14501	17135	18544	23385	24359	27052	31977	34296	39944	49281	53738	57370	71070	82684	100589	115699	149795	196597	423847	454329	480442	484304	502635	507699	521091	
C	69	2	5	6	7	8	9	10	11	12	13	14	15	16	17	18	19	20	21	22	23	24	25	26	27	28	29	30	31	32	33	34	35	36	37	38	39	40	41	
C	69	5709	6228	6605	9191	9829	9830	10444	11131	11716	12117	12455	13661	13997	15257	17836	19420	24169	25038	25983	29823	35088	41105	50441	55014	58325	71953	83953	102038	117335	151840	199709	432485	461920	485837	489136	505831	510135	521628	
C	70	2	5	6	7	8	9	10	11	12	13	14	15	16	17	18	19	20	21	22	23	24	25	26	27	28	29	30	31	32	33	34	35	36	37	38	39	40	41	
C	70	6351	6945	7375	10095	10716	10717	11392	12047	12698	13055	13350	14575	14928	16201	18970	20613	25556	26372	27243	31052	36545	42685	51832	56382	59493	73504	85425	103701	119001	153948	202744	439780	467804	489762	492667	507277	510916	520715	
C	71	2	5	6	7	8	9	10	11	12	13	14	15	16	17	18	19	20	21	22	23	24	25	26	27	28	29	30	31	32	33	34	35	36	37	38	39	40	41	
C	71	7226	7822	8203	11114	11711	11712	12521	13094	13709	14020	14301	15612	15964	17281	19972	21765	26830	27580	28435	32381	38047	44398	53484	58251	61256	75658	87741	106453	121714	157907	207716	449853	476148	495824	498372	511466	514627	522878	
C	72	2	5	6	7	8	10	11	12	13	14	15	16	17	18	19	20	21	22	23	24	25	26	27	28	29	30	31	32	33	34	35	36	37	38	39	40	41	
C	72	7849	8520	8884	11663	12244	13099	13739	14373	14670	14966	16338	16658	17962	20783	22631	27776	28402	29169	33100	38952	45485	54258	59314	62006	76545	88647	107404	122721	159200	209955	454647	479902	497536	499519	510834	513368	520204	
C	73	2	5	6	7	8	9	10	11	12	13	14	15	16	17	18	19	20	21	22	23	24	25	26	27	28	29	30	31	32	33	34	35	36	37	38	39	40	41	
C	73	8499	9180	9517	12364	12945	12946	13798	14371	15014	15267	15500	16976	17335	18748	21613	23515	28737	29311	30055	34078	40110	46795	55524	60484	63047	77831	89934	108870	124706	161815	213172	460712	484448	500670	502427	512785	514911	520435	
C	74	2	5	6	7	8	10	11	12	13	14	15	16	17	18	19	20	21	22	23	24	25	26	27	28	29	30	31	32	33	34	35	36	37	38	39	40	41	
C	74	9412	10119	10398	13270	13770	14716	15276	15913	16136	16337	17865	18184	19600	22321	24377	29518	30062	30730	34822	41068	48123	52627	61891	64143	79220	91461	110905	126853	164422	216839	468796	491295	505961	507473	516433	518165	522794	
C	75	2	5	6	7	8	9	10	11	12	13	14	15	16	17	18	19	20	21	22	23	24	25	26	27	28	29	30	31	32	33	34	35	36	37	38	39	40	41	
C	75	10277	11033	11298	14202	14700	14701	15652	16206	16836	17014	17227	18770	19106	20594	23319	25463	30792	31288	31921	36014	42507	49681	53768	63295	65287	80472	92666	112178	128151	166540	219340	472444	493313	506585	507769	515649	517047	520869	
C	76	2	5	6	7	8	9	10	11	12	13	14	15	16	17	18	19	20	21	22	23	24	25	26	27	28	29	30	31	32	33	34	35	36	37	38	39	40	41	
C	76	10914	11669	11900	14744	15219	15220	16121	16582	17227	17383	17539	19221	19581	21050	23890	25968	31151	31575	32132	36333	42685	50015	53798	63538	65381	80889	92910	112234	127898	166626	219980	475104	495251	507277	508337	515279	516445	519520	
C	77	2	5	6	7	8	9	10	11	12	13	14	15	16	17	18	19	20	21	22	23	24	25	26	27	28	29	30	31	32	33	34	35	36	37	38	39	40	41	
C	77	11793	12571	12796	15740	16192	16193	17205	17663	18384	18550	18705	20401	20772	22297	25252	27611	32912	33320	33871	38035	44763	52275	55765	65887	67573	83386	95644	115427	131476	170855	225132	481799	501061	511614	512414	518565	519452	521960	
C	78	2	5	6	7	8	10	11	12	13	14	15	16	17	18	19	20	21	22	23	24	25	26	27	28	29	30	31	32	33	34	35	36	37	38	39	40	41	
C	78	12852	13693	13887	16815	17288	18234	18670	19343	19461	19585	21329	21703	23270	26088	28558	33937	34318	34830	38922	45709	53437	56511	66786	68366	84301	96579	116577	132748	171955	226793	484565	502710	512175	512894	518142	518843	520723	
C	79	2	5	6	7	8	9	10	11	12	13	14	15	16	17	18	19	20	21	22	23	24	25	26	27	28	29	30	31	32	33	34	35	36	37	38	39	40	41	
C	79	13844	14655	14814	17844	18282	18283	19401	19816	20508	20616	20733	22551	22950	24492	27406	29912	35210	35546	36000	40292	47291	55218	58077	68644	70023	86069	98051	118430	134985	174952	230303	486639	503990	512437	513013	517552	518148	519616	
C	80	2	5	6	7	8	9	10	11	12	13	14	15	16	17	18	19	20	21	22	23	24	25	26	27	28	29	30	31	32	33	34	35	36	37	38	39	40	41	
C	80	14857	15667	15822	18764	19229	19230	20349	20741	21451	21544	21657	23463	23868	25382	28262	30893	36134	36396	36876	41090	48267	56338	58816	69578	70844	87236	99257	119949	136750	177346	234044	492267	508758	516311	516799	520690	521078	522187	
C	81	2	5	6	7	8	9	10	11	12	13	14	15	16	17	18	19	20	21	22	23	24	25	26	27	28	29	30	31	32	33	34	35	36	37	38	39	40	41	
C	81	15853	16624	16774	19783	20202	20204	21326	21652	22358	22440	22541	24370	24735	26393	29278	31920	37259	37490	37923	42144	49322	57515	59763	70606	71654	88139	100181	120668	137272	178125	235083	493393	508989	515789	516157	519535	519854	520643	
C	82	2	5	6	7	8	9	10	11	12	13	14	15	16	17	18	19	20	21	22	23	24	25	26	27	28	29	30	31	32	33	34	35	36	37	38	39	40	41	
C	82	16713	17545	17666	20540	20951	20952	22062	22381	23087	23160	23256	25120	25485	27096	30108	32826	37970	38188	38586	42832	50061	58235	60249	71545	72445	88895	100938	121407	138028	178707	236081	493810	508701	514799	515147	517819	518052	518582	
C	83	2	5	6	7	8	9	10	11	12	13	14	15	16	17	18	19	20	21	22	23	24	25	26	27	28	29	30	31	32	33	34	35	36	37	38	39	40	41	
C	83	17947	18827	18942	21807	22221	22223	23365	23624	24302	24358	24442	26295	26690	28279	31233	34014	39164	39326	39746	43980	51486	59739	61567	73119	73976	90846	102795	123830	140815	182443	240960	499929	514137	519502	519771	522119	522271	522665	
C	84	2	5	6	7	8	10	11	12	13	14	15	16	17	18	19	20	21	22	23	24	25	26	27	28	29	30	31	32	33	34	35	36	37	38	39	40	41	
C	84	19454	20258	20336	23302	23692	24787	24993	25716	25773	25847	27694	28086	29672	32530	35410	40456	40617	41007	45149	52462	60944	62476	73886	74649	91361	103377	124341	141201	182903	241572	498866	512580	517249	517411	519314	519411	519665	
C	85	2	5	6	7	8	9	10	11	12	13	14	15	16	17	18	19	20	21	22	23	24	25	26	27	28	29	30	31	32	33	34	35	36	37	38	39	40	41	
C	85	20425	21305	21370	24230	24617	24618	25804	26012	26739	26780	26840	28784	29175	30814	33808	36805	41941	42072	42421	46667	54260	62889	64256	75962	76665	93613	105591	126375	143109	185466	244508	502160	515134	519245	519397	520923	520997	521162	
C	86	2	5	6	7	8	10	11	12	13	14	15	16	17	18	19	20	21	22	23	24	25	26	27	28	29	30	31	32	33	34	35	36	37	38	39	40	41	
C	86	22047	22964	23024	25849	26190	27343	27536	28204	28243	28284	30155	30611	32184	35233	38260	43256	43379	43771	48075	55541	64296	65597	77494	78062	95645	107684	129031	146542	188650	248387	505160	517630	521261	521379	522504	522551	522655	
C	87	2	5	6	7	8	9	10	11	12	13	14	15	16	17	18	19	20	21	22	23	24	25	26	27	28	29	30	31	32	33	34	35	36	37	38	39	40	41	
C	87	23114	24004	24062	26811	27205	27208	28373	28538	29230	29263	29309	31226	31661	33306	36322	39313	44212	44324	44712	49019	56590	65342	66476	78365	78901	96043	108069	129622	146801	189424	249280	504026	515895	519083	519167	520006	520037	520106	
C	88	2	5	6	7	8	10	11	12	13	14	15	16	17	18	19	20	21	22	23	24	25	26	27	28	29	30	31	32	33	34	35	36	37	38	39	40	41	
C	88	24862	25756	25803	28627	28962	30077	30221	30961	30994	31028	32954	33356	34919	37885	40956	45837	45937	46281	50471	58094	66958	67957	80055	80503	97795	109857	131859	149321	192186	253176	505702	517261	519934	520001	520663	520679	520712	
C	89	2	5	6	7	8	9	10	11	12	13	14	15	16	17	18	19	20	21	22	23	24	25	26	27	28	29	30	31	32	33	34	35	36	37	38	39	40	41	
C	89	26784	27598	27622	30327	30683	30684	31782	31925	32599	32618	32649	34560	34987	36611	39622	42534	47359	47450	47822	52094	59807	68510	69358	81498	81858	99227	111664	133750	151380	195010	256696	508142	519198	521443	521468	521916	521925	521948	
C	90	2	5	6	7	8	9	10	11	12	13	14	15	16	17	18	19	20	21	22	23	24	25	26	27	28	29	30	31	32	33	34	35	36	37	38	39	40	41	
C	90	28530	29235	29266	31865	32180	32182	33265	33373	34044	34064	34100	35921	36341	37932	40822	43759	48411	48481	48860	53001	60696	69340	70108	82337	82686	100173	112379	134376	152406	196320	258644	507828	518424	520326	520357	520695	520698	520706	
C	91	2	5	6	7	8	10	11	12	13	14	15	16	17	18	19	20	21	22	23	24	25	26	27	28	29	30	31	32	33	34	35	36	37	38	39	40	41	
C	91	30838	31599	31625	34066	34360	35338	35434	36086	36097	36124	37875	38240	39623	42538	45515	50030	50097	50449	54692	62356	71059	71723	83726	84034	101396	113570	136060	154028	198278	260397	507411	517450	518928	518946	519145	519148	519151	
C	92	2	5	6	7	8	9	10	11	12	13	14	15	16	17	18	19	20	21	22	23	24	25	26	27	28	29	30	31	32	33	34	35	36	37	38	39	40	41	
C	92	33528	34217	34242	36548	36799	36800	37705	37779	38418	38426	38444	40134	40534	41974	44755	47665	51963	52002	52327	56435	64022	72547	73150	85154	85398	102695	114975	137199	155326	199937	263032	511476	521272	522440	522449	522574	522577	522579	
C	93	2	5	6	7	8	9	10	11	12	13	14	15	16	17	18	19	20	21	22	23	24	25	26	27	28	29	30	31	32	33	34	35	36	37	38	39	
C	93	35762	36407	36418	38516	38765	38766	39550	39607	40213	40220	40230	41860	42232	43611	46406	49254	53539	53588	53954	57998	65379	73913	74448	86494	86719	103850	116150	138443	156473	201208	264064	510030	519456	520412	520418	520501	
C	94	2	5	6	7	8	9	10	11	12	13	14	15	16	17	18	19	20	21	22	23	24	25	26	27	28	29	30	31	32	33	34	35	36	37	38	39	
C	94	39218	39742	39755	41562	41753	41755	42526	42571	42580	43108	43119	44700	45107	46488	49119	51783	55775	55807	56142	59960	67219	75358	75808	87845	88052	105270	117689	139966	157924	202581	265266	510151	519264	520007	520010	520062	
C	95	2	5	6	7	8	10	11	12	13	14	15	16	17	18	19	20	21	22	23	24	25	26	27	28	29	30	31	32	33	34	35	36	37	38	39	
C	95	42627	43109	43122	44681	44817	45440	45468	45474	45897	45905	47352	47703	48936	51547	54122	57892	57926	58236	61961	69028	77299	77658	89522	89709	106998	119517	141905	160266	205133	268989	511916	520694	521289	521292	521326	
C	96	2	5	6	7	8	10	11	12	13	14	15	16	17	18	19	20	21	22	23	24	25	26	27	28	29	30	31	32	33	34	35	36	37	38	39	
C	96	46516	46870	46873	48110	48239	48689	48714	48718	49094	49098	50367	50742	51819	54182	56618	60188	60211	60547	64206	70982	78974	79252	90724	90885	107611	120032	143033	161664	206936	271563	512776	521347	521790	521792	521805	
C	97	2	5	6	7	8	10	11	12	13	14	15	16	17	18	19	20	21	22	23	24	25	26	27	28	29	30	31	32	33	34	35	36	37	38	39	
C	97	50482	50654	50656	51512	51590	51926	51943	51945	52220	52226	53411	53750	54808	57220	59471	62777	62793	63136	66605	73303	81152	81397	93043	93186	110056	122650	145845	164390	209737	274642	511872	520077	520418	520419	520429	
C	98	2	5	7	8	10	11	12	13	14	15	16	17	18	19	20	21	22	23	24	25	26	27	28	29	30	31	32	33	34	35	36	37	39	
C	98	55084	55122	55418	55442	55564	55572	55573	55691	55697	56723	57076	57987	60260	62329	65335	65344	65632	68994	75481	83012	83218	94680	94805	111506	124040	147263	166226	212017	277535	513961	522060	522291	522294	
C	99	2	13	15	16	17	18	19	20	21	22	23	24	25	26	27	28	29	30	31	32	33	34	35	36	37	
C	99	60452	60462	61408	61758	62517	64885	66650	69263	69273	69634	72679	78716	85523	85701	96746	96864	112950	125735	148877	167633	214198	279492	512843	520603	520782	
N	0	2	
N	0	222	
N	1	2	
N	1	18	
N	2	2	
N	2	22	
N	3	
N	3	
N	4	2	
N	4	2	
N	5	
N	5	
N	6	2	
N	6	2	
N	7	2	
N	7	6	
N	8	
N	8	
N	9	2	
N	9	4	
N	10	2	
N	10	12	
N	11	2	
N	11	47	
N	12	2	
N	12	257	
N	13	
N	13	
N	14	2	
N	14	8	
N	15	2	
N	15	36	
N	16	2	
N	16	15	
N	17	
N	17	
N	18	2	
N	18	26	
N	19	2	
N	19	27	
N	20	2	
N	20	21	
N	21	2	
N	21	1	
N	22	2	
N	22	59	
N	23	2	
N	23	10	
N	24	2	
N	24	8	
N	25	
N	25	
N	26	2	
N	26	41	
N	27	2	
N	27	70	
N	28	2	
N	28	17	
N	29	2	
N	29	26	
N	30	2	
N	30	40	
N	31	
N	31	
N	32	2	
N	32	1	
N	33	2	
N	33	1	
N	34	
N	34	
N	35	
N	35	
N	36	2	
N	36	66	
N	37	
N	37	
N	38	
N	38	
N	39	
N	39	
N	40	
N	40	
N	41	
N	41	
N	42	2	
N	42	1	
N	43	2	
N	43	11	
N	44	2	
N	44	16	
N	45	2	
N	45	1	
N	46	2	
N	46	8	
N	47	
N	47	
N	48	
N	48	
N	49	
N	49	
N	50	
N	50	
N	51	
N	51	
N	52	2	
N	52	43	
N	53	2	
N	53	95	
N	54	2	
N	54	25	
N	55	2	
N	55	2	
N	56	2	
N	56	5	
N	57	
N	57	
N	58	2	
N	58	8	
N	59	2	
N	59	1	
N	60	2	
N	60	3	
N	61	2	
N	61	1	
N	62	2	
N	62	129	
N	63	2	
N	63	1	
N	64	2	
N	64	5	
N	65	
N	65	
N	66	
N	66	
N	67	2	
N	67	4	
N	68	2	
N	68	29	
N	69	2	
N	69	33	
N	70	2	
N	70	5	
N	71	2	
N	71	12	
N	72	
N	72	
N	73	2	
N	73	25	
N	74	2	
N	74	1	
N	75	2	
N	75	5	
N	76	
N	76	
N	77	2	
N	77	4	
N	78	2	
N	78	1	
N	79	2	
N	79	4	
N	80	2	
N	80	3	
N	81	
N	81	
N	82	
N	82	
N	83	
N	83	
N	84	
N	84	
N	85	
N	85	
N	86	2	
N	86	6	
N	87	2	
N	87	5	
N	88	
N	88	
N	89	
N	89	
N	90	2	
N	90	18	
N	91	2	
N	91	42	
N	92	2	
N	92	36	
N	93	2	
N	93	30	
N	94	
N	94	
N	95	
N	95	
N	96	2	
N	96	1	
N	97	
N	97	
N	98	
N	98	
N	99	2	
N	99	1	
