.	0	2	10	16	19	22	23	25	26	27	28	30	31	33	34	
.	0	1646	3109	6563	6606	7721	12839	17141	35102	61804	74464	175259	875360	1003562	2061962	
.	1	2	10	16	19	22	23	25	26	27	28	30	31	33	34	
.	1	645	2083	7131	7352	9178	13345	17402	32751	62820	73848	156859	739921	790005	2061962	
.	2	2	10	16	19	22	23	25	26	27	28	30	31	33	34	
.	2	31	2405	7644	7733	10448	15054	19816	35714	68598	81189	162742	712441	764198	2061962	
.	3	10	16	19	22	25	26	27	28	29	30	31	32	33	35	37	
.	3	1513	3362	5357	7190	11120	17956	18587	29175	29402	49645	50203	79121	127678	531983	2061962	
.	4	2	10	16	19	22	25	26	27	28	29	30	31	32	33	35	37	
.	4	544	2802	5877	8241	10682	16220	25628	26331	39015	39253	64102	64717	97443	151990	567450	2061962	
.	5	2	8	10	11	15	16	17	18	19	21	22	23	25	26	27	28	29	30	31	32	33	34	35	36	37	
.	5	10	502	1742	2092	2633	3713	6051	7057	8081	8693	8901	11914	18888	26044	28252	35607	40827	64315	72432	112323	156169	156170	551587	577887	2061962	
.	6	6	8	10	11	12	15	16	17	18	19	21	22	23	24	25	26	27	28	29	30	31	32	33	34	35	36	37	
.	6	4	574	1866	2255	2256	2838	3868	5779	6711	7735	8335	8577	11585	11586	18454	25733	28376	35337	40359	63976	72558	113255	157285	157287	553149	580158	2061962	
.	7	5	6	8	10	11	12	15	16	17	18	19	20	21	22	23	24	25	26	27	28	29	30	31	32	33	34	35	36	37	
.	7	1	4	612	2071	2495	2496	3146	4273	6393	7457	8434	8436	9089	9303	12410	12412	19690	26846	30796	36759	41784	65709	74440	114879	159089	159091	555440	582262	2061962	
.	8	5	6	7	8	10	11	13	14	15	16	17	18	19	20	21	22	23	24	25	26	27	28	29	30	31	32	33	34	35	36	37	38	39	
.	8	1	4	6	737	2390	2857	2858	2860	3610	4718	7021	8153	9148	9153	9795	10006	13199	13201	20577	23430	33078	37985	42962	67464	73793	108979	139247	161239	283304	283391	508481	631734	2061962	
.	9	5	6	7	8	10	11	12	14	15	16	17	18	19	20	21	22	23	24	25	26	27	28	29	30	31	32	33	34	35	36	37	38	39	
.	9	1	6	7	701	2198	2652	2659	2660	3386	4545	6765	7960	8985	8994	9677	9942	13317	13327	21243	24216	35939	39644	45087	70307	76581	113047	144684	166867	291029	291114	516807	645490	2061962	
.	10	5	6	7	8	9	10	11	12	13	14	15	16	17	18	19	20	21	22	23	24	25	26	27	28	29	30	31	32	33	34	35	36	37	38	39	
.	10	2	7	15	843	847	2674	3204	3205	3211	3214	4019	5275	7686	8866	9919	9927	10652	10936	14346	14370	22518	25578	38570	40868	46271	72250	78696	116094	147735	170353	296361	296434	523681	654091	2061962	
.	11	5	6	7	8	9	10	11	12	13	14	15	16	17	18	19	20	21	22	23	24	25	26	27	28	29	30	31	32	33	34	35	36	37	38	39	
.	11	2	8	12	761	770	2326	2755	2769	2774	2779	3570	4762	7103	8273	9446	9464	10249	10544	14085	14151	22134	25214	39442	40749	46211	72782	79069	116308	148291	171078	297126	297201	526059	658808	2061962	
.	12	5	6	7	8	9	10	11	12	13	14	15	16	17	18	19	20	21	22	23	24	25	26	27	28	29	30	31	32	33	34	35	36	37	38	39	
.	12	2	10	18	881	902	2775	3279	3292	3294	3302	4136	5493	7861	9175	10370	10395	11208	11504	15428	15574	23817	27089	41807	42995	48703	76433	82823	121522	154331	177280	306390	306478	537144	673666	2061962	
.	13	5	6	7	8	9	10	11	12	13	14	15	16	17	18	19	20	21	22	23	24	25	26	27	28	29	30	31	32	33	34	35	36	37	38	39	40	41	
.	13	7	20	25	852	872	2653	3149	3164	3167	3174	3323	5187	7728	9031	10228	10256	11117	11430	13623	15495	23959	27145	42038	43124	48836	62005	82460	107436	144651	170501	194365	274995	341802	535156	662795	1048006	2061962	
.	14	5	6	7	8	9	10	11	12	13	14	15	16	17	18	19	20	21	22	23	24	25	26	27	28	29	30	31	32	33	34	35	36	37	38	39	40	41	
.	14	3	25	38	953	1005	2927	3423	3439	3448	3459	3610	5488	8120	9489	10710	10735	11606	11892	14162	16200	24600	27976	43235	44475	50372	63789	84403	109705	147389	173616	198213	279263	346852	541471	670429	1057927	2061962	
.	15	5	6	7	8	9	10	11	12	13	14	15	16	17	18	19	20	21	22	23	24	25	26	27	28	29	30	31	32	33	34	35	36	37	38	39	40	41	
.	15	3	22	42	942	1011	2698	3110	3127	3138	3151	3397	5354	7917	9268	10441	10482	11387	11701	14103	16319	24996	28348	43386	44577	50479	64446	85205	110601	148785	175177	200866	282188	350748	547487	676927	1067850	2061962	
.	16	5	6	7	8	9	10	11	12	13	14	15	16	17	18	19	20	21	22	23	24	25	26	27	28	29	30	31	32	33	34	35	36	37	38	39	40	41	
.	16	3	35	57	1217	1345	3426	3950	3970	3985	4011	4346	6475	8970	10452	11879	11919	12991	13349	16082	18863	27864	31547	46732	48144	54531	69457	90999	116743	156260	183013	209662	291785	360955	561180	691387	1084858	2061962	
.	17	5	6	7	8	9	10	11	12	13	14	15	16	17	18	19	20	21	22	23	24	25	26	27	28	29	30	31	32	33	34	35	36	37	38	39	40	41	
.	17	4	49	73	1208	1371	3315	3815	3845	3872	3897	4301	6413	8945	10401	11786	11840	12918	13282	15976	18768	27814	31520	46656	48020	54156	69790	91109	116686	156743	183697	211609	294385	364932	566795	699425	1096904	2061962	
.	18	5	6	7	8	9	10	11	12	13	14	15	16	17	18	19	20	21	22	23	24	25	26	27	28	29	30	31	32	33	34	35	36	37	38	39	40	41	
.	18	3	36	72	1265	1472	3290	3737	3769	3787	3808	4284	6268	6924	10445	11807	11874	13110	13532	16471	19863	28869	32815	47871	49321	55833	72506	94434	119413	146325	187482	216847	289642	362855	540798	697041	1102873	2061962	
.	19	5	6	7	8	9	10	11	12	13	14	15	16	17	18	19	20	21	22	23	24	25	26	27	28	29	30	31	32	33	34	35	36	37	38	39	40	41	
.	19	8	69	117	1797	2193	4533	5116	5161	5196	5241	5899	8266	8999	12645	14247	14334	15723	16208	19540	23641	32891	36969	52258	53796	60532	78647	100920	126126	154072	195622	226864	299971	373682	556580	713990	1122230	2061962	
.	20	5	6	7	8	9	10	11	12	13	14	15	16	17	18	19	20	21	22	23	24	25	26	27	28	29	30	31	32	33	34	35	36	37	38	39	40	41	
.	20	7	88	155	1602	2032	3861	4241	4288	4330	4388	5171	7503	8318	11606	13093	13191	14772	15261	18488	22851	31760	35792	50695	52343	58992	78379	100521	125421	153489	195491	228448	301151	376674	562231	723008	1133501	2061962	
.	21	5	6	7	8	9	10	11	12	13	14	15	16	17	18	19	20	21	22	23	24	25	26	27	28	29	30	31	32	33	34	35	36	37	38	39	40	41	
.	21	7	107	190	1850	2421	4324	4706	4777	4825	4908	5863	8296	9174	12230	13776	13892	15562	16088	19525	24353	33297	37568	51866	53575	60438	80840	103607	127867	157010	198662	234432	307667	383532	573264	734170	1149069	2061962	
.	22	5	6	7	8	9	10	11	12	13	14	15	16	17	18	19	20	21	22	23	24	25	26	27	28	29	30	31	32	33	34	35	36	37	38	39	40	41	
.	22	11	122	227	1813	2458	4033	4357	4439	4508	4600	5803	8246	9215	11941	13413	13579	15392	15985	19446	24513	33412	37822	51344	53127	59909	81719	104468	127832	157504	198523	236082	308452	384909	577912	740379	1159168	2061962	
.	23	5	6	7	8	9	10	11	12	13	14	15	16	17	18	19	20	21	22	23	24	25	26	27	28	29	30	31	32	33	34	35	36	37	38	39	40	41	
.	23	8	140	229	1750	2395	3620	3838	3932	4019	4135	5408	7804	8690	11007	12487	12669	14723	15382	19064	24561	33223	37692	50616	52636	59638	82345	105005	127405	157474	198383	238810	310580	388115	585808	741724	1161218	2061962	
.	24	5	6	7	8	9	10	11	12	13	14	15	16	17	18	19	20	21	22	23	24	25	26	27	28	29	30	31	32	33	34	35	36	37	38	39	40	41	
.	24	11	158	299	1891	2746	3934	4142	4253	4339	4463	5960	8338	9187	11408	12980	13187	15350	16067	19785	25903	34784	39688	52137	54202	61378	85304	108619	130305	162312	202591	245807	317666	395076	597091	751357	1177035	2061962	
.	25	5	6	7	8	9	10	11	12	13	14	15	16	17	18	19	20	21	22	23	24	25	26	27	28	29	30	31	32	33	34	35	36	37	38	39	40	41	
.	25	21	262	504	2838	4197	5532	5762	5930	6064	6242	8068	10622	11554	13798	15505	15786	18229	19022	22849	29205	37963	42848	55001	57348	64718	89770	113215	134491	167167	206948	253646	324814	403659	609255	761820	1193459	2061962	
.	26	2	5	6	7	8	9	10	11	12	13	14	15	16	17	18	19	20	21	22	23	24	25	26	27	28	29	30	31	32	33	34	35	36	37	38	39	40	41	
.	26	1	21	352	714	3329	5014	6321	6502	6692	6873	7125	9373	12239	13156	15275	16995	17354	20089	21072	25017	32030	41031	46352	58427	61030	68664	94991	119613	140827	175126	214458	264413	335614	416242	626015	777038	1214841	2061962	
.	27	5	6	7	8	9	10	11	12	13	14	15	16	17	18	19	20	21	22	23	24	25	26	27	28	29	30	31	32	33	34	35	36	37	38	39	40	41	
.	27	22	383	774	3482	5364	6449	6611	6843	7100	7368	9819	12601	13537	15587	17412	17829	21084	22242	26231	33430	42760	48512	60506	63447	71573	99150	124510	145343	181575	221279	275200	346144	427778	640912	790846	1235797	2061962	
.	28	5	6	7	8	9	10	11	12	13	14	15	16	17	18	19	20	21	22	23	24	25	26	27	28	29	30	31	32	33	34	35	36	37	38	39	40	41	
.	28	30	437	951	3776	5799	6695	6826	7108	7408	7770	10467	13135	13983	16036	17950	18458	22030	23318	27590	35345	44605	50838	62696	66057	74332	103483	129981	151215	189209	228429	285795	356449	440214	658354	807394	1255903	2061962	
.	29	5	6	7	8	9	10	11	12	13	14	15	16	17	18	19	20	21	22	23	24	25	26	27	28	29	30	31	32	33	34	35	36	37	38	39	40	41	
.	29	30	582	1296	4661	7215	8050	8176	8506	8842	9293	12388	15087	15912	18053	20188	20831	24481	25991	30769	39013	48354	55131	66923	70751	79433	109104	136461	158003	198202	237424	298661	368970	454871	676331	826480	1279017	2061962	
.	30	5	6	7	8	9	10	11	12	13	14	15	16	17	18	19	20	21	22	23	24	25	26	27	28	29	30	31	32	33	34	35	36	37	38	39	40	41	
.	30	40	720	1553	4713	7447	8045	8167	8576	9000	9539	12932	15618	16390	18539	20759	21456	25287	27095	32033	40446	49751	57100	68774	73166	82107	112770	140890	162301	204815	244599	308821	378986	467383	693182	844350	1299151	2061962	
.	31	5	6	7	8	9	10	11	12	13	14	15	16	17	18	19	20	21	22	23	24	25	26	27	28	29	30	31	32	33	34	35	36	37	38	39	40	41	
.	31	42	891	1873	5535	8674	9188	9315	9859	10414	11059	14813	17450	18167	20443	22856	23740	28041	30063	35411	44251	53574	61786	73712	78699	88115	119326	149034	170779	215620	255772	324221	395082	485755	714341	866323	1321981	2061962	
.	32	5	6	7	8	9	10	11	12	13	14	15	16	17	18	19	20	21	22	23	24	25	26	27	28	29	30	31	32	33	34	35	36	37	38	39	40	41	
.	32	57	1008	2129	5762	8870	9232	9378	9972	10622	11450	15308	17729	18411	20767	23300	24390	28997	31324	37055	46312	55579	64533	76595	82504	92358	123944	155031	177969	225546	266596	338520	410349	503521	736444	890251	1346769	2061962	
.	33	5	6	7	8	9	10	11	12	13	14	15	16	17	18	19	20	21	22	23	24	25	26	27	28	29	30	31	32	33	34	35	36	37	38	39	40	41	
.	33	69	1173	2529	6437	10012	10271	10463	11188	11958	12921	16979	19364	20087	22603	25312	26599	31599	34215	40433	49978	59018	68879	81409	88078	98464	130431	162496	186325	236381	277868	353160	426196	522898	757896	914285	1370523	2061962	
.	34	5	6	7	8	9	10	11	12	13	14	15	16	17	18	19	20	21	22	23	24	25	26	27	28	29	30	31	32	33	34	35	36	37	38	39	40	41	
.	34	81	1332	2856	6351	9708	9871	10097	10853	11815	12927	17098	19353	20043	22539	25417	26969	32077	35051	41480	51367	60167	71032	83423	91306	101869	133974	167310	192090	244149	286869	366120	440417	540103	778322	937591	1393102	2061962	
.	35	5	6	7	8	9	10	11	12	13	14	15	16	17	18	19	20	21	22	23	24	25	26	27	28	29	30	31	32	33	34	35	36	37	38	39	40	41	
.	35	90	1626	3438	7369	11021	11148	11430	12296	13345	14605	18656	20764	21517	24337	27372	29073	34424	37733	44523	54578	62907	74781	87062	95784	107153	138683	173192	199164	253578	297712	380878	457195	560467	799616	961910	1416881	2061962	
.	36	5	6	7	8	9	10	11	12	13	14	15	16	17	18	19	20	21	22	23	24	25	26	27	28	29	30	31	32	33	34	35	36	37	38	39	40	41	
.	36	99	1835	3881	7913	11596	11680	11986	13051	14288	15764	19962	21870	22608	25486	28659	30794	36310	39988	47200	57368	65177	78170	90543	100423	112394	144126	180178	207595	264226	310557	397488	475962	582724	823852	989292	1439372	2061962	
.	37	5	6	7	8	9	10	11	12	13	14	15	16	17	18	19	20	21	22	23	24	25	26	27	28	29	30	31	32	33	34	35	36	37	38	39	40	41	
.	37	120	2202	4674	9002	12884	12953	13302	14503	15949	17724	22002	23866	24741	27790	31270	33647	39700	43991	51848	62476	69972	84206	97200	108469	121406	152597	190114	219313	278655	327307	418594	500525	611193	852239	1019846	1466661	2061962	
.	38	5	6	7	8	9	10	11	12	13	14	15	16	17	18	19	20	21	22	23	24	25	26	27	28	29	30	31	32	33	34	35	36	37	38	39	40	41	
.	38	169	2602	5559	10286	14437	14505	14965	16406	18122	20142	24529	26286	27229	30647	34434	37138	42566	47048	56524	67459	74569	90065	103345	116362	130228	161343	200833	231925	294118	345777	441658	527483	641879	880260	1055277	1494614	2061962	
.	39	5	6	7	8	9	10	11	12	13	14	15	16	17	18	19	20	21	22	23	24	25	26	27	28	29	30	31	32	33	34	35	36	37	38	39	40	41	
.	39	172	2225	4648	8287	11170	11257	11840	13480	15531	17440	21659	23093	23966	27119	30256	33657	38678	43695	53296	63336	70181	86213	97611	111918	124071	155427	194001	224880	285459	336202	437190	517527	636381	849595	1043810	1441267	2061962	
.	40	5	6	7	8	9	10	11	12	13	14	15	16	17	18	19	20	21	22	23	24	25	26	27	28	29	30	31	32	33	34	35	36	37	38	39	40	41	
.	40	215	2446	4986	8572	11255	11355	11975	13635	15653	17723	21328	22624	23513	26811	30049	33514	38603	43825	53653	63746	69942	87203	98622	114403	127645	157780	197250	229637	292050	345692	452183	536085	658820	866043	1059135	1445006	2061962	
.	41	5	6	7	8	9	10	11	12	13	14	15	16	17	18	19	20	21	22	23	24	25	26	27	28	29	30	31	32	33	34	35	36	37	38	39	40	41	
.	41	225	2472	4972	8196	10312	10416	11082	12680	14677	16738	20007	21208	22141	25475	28717	32584	37623	42896	53058	62615	68164	86213	97747	114278	128394	157741	198398	231930	295382	352544	467168	555473	682095	884926	1080666	1459517	2061962	
.	42	5	6	7	8	9	10	11	12	13	14	15	16	17	18	19	20	21	22	23	24	25	26	27	28	29	30	31	32	33	34	35	36	37	38	39	40	41	
.	42	143	1850	3930	6752	8450	8567	9260	10838	12950	14802	17710	18653	19510	22572	25221	29192	33683	39137	48636	57395	62506	79923	90224	107465	120359	148361	187205	220188	282175	338908	464814	551480	684177	860666	1079377	1427896	2061962	
.	43	2	5	6	7	8	9	10	11	12	13	14	15	16	17	18	19	20	21	22	23	24	25	26	27	28	29	30	31	32	33	34	35	36	37	38	39	40	41	
.	43	3	144	1998	4188	6997	8706	8834	9562	11002	13131	14964	17553	18428	19360	22582	25244	29118	33570	38924	48462	56618	61323	78881	88862	105751	119294	144858	182997	216122	276997	335817	474737	566448	702504	870236	1085875	1419734	2061962	
.	44	5	6	7	8	9	10	11	12	13	14	15	16	17	18	19	20	21	22	23	24	25	26	27	28	29	30	31	32	33	34	35	36	37	38	39	40	41	
.	44	198	1953	4080	6719	8034	8161	8875	10287	12307	14085	16178	16951	17828	20819	23380	28150	31969	37165	46913	54842	59479	77136	86808	103969	118132	142898	181017	214198	275847	338204	492136	589010	731049	890291	1104433	1424640	2061962	
.	45	2	5	6	7	8	9	10	11	12	13	14	15	16	17	18	19	20	21	22	23	24	25	26	27	28	29	30	31	32	33	34	35	36	37	38	39	40	41	
.	45	1	198	1889	4029	6570	7691	7807	8626	10065	12191	14039	15975	16646	17576	20641	23208	28155	31856	37279	47131	54728	59216	77638	87377	105339	120554	144925	183180	217412	280604	346494	518089	619488	768308	920572	1136753	1442877	2061962	
.	46	5	6	7	8	9	10	11	12	13	14	15	16	17	18	19	20	21	22	23	24	25	26	27	28	29	30	31	32	33	34	35	36	37	38	39	40	41	
.	46	210	1959	4287	6843	7872	8012	8836	10234	12325	14146	15852	16470	17522	20853	23442	28713	32385	37926	47992	55558	60009	78918	88731	106998	122999	147240	186379	221836	286545	357714	547869	654625	810453	956142	1175386	1466797	2061962	
.	47	5	6	7	8	9	10	11	12	13	14	15	16	17	18	19	20	21	22	23	24	25	26	27	28	29	30	31	32	33	34	35	36	37	38	39	40	41	
.	47	286	2648	5622	8904	10097	10251	11301	12801	15100	17226	18918	19665	20921	24898	27820	33663	37612	43745	54713	62886	67532	88054	98624	117892	136013	161022	201663	238875	307414	383475	592624	706539	869018	1009635	1228905	1505091	2061962	
.	48	5	6	7	8	9	10	11	12	13	14	15	16	17	18	19	20	21	22	23	24	25	26	27	28	29	30	31	32	33	34	35	36	37	38	39	40	41	
.	48	333	2696	5830	9233	10249	10471	11608	13353	15903	18069	19819	20525	21778	25967	28844	35354	39379	45931	56206	65571	69974	91808	103545	124036	143377	169675	212018	251024	322983	404309	634504	754094	922392	1051148	1279772	1540604	2061962	
.	49	5	6	7	8	9	10	11	12	13	14	15	16	17	18	19	20	21	22	23	24	25	26	27	28	29	30	31	32	33	34	35	36	37	38	39	40	41	
.	49	346	2490	5486	8578	9429	9677	10976	12646	15330	17442	19119	19799	21041	25473	28167	35327	39318	45720	56118	65506	69852	92545	103998	125080	145493	172874	216559	256893	332148	419516	673728	799656	974369	1096334	1327006	1573106	2061962	
.	50	2	5	6	7	8	9	10	11	12	13	14	15	16	17	18	19	20	21	22	23	24	25	26	27	28	29	30	31	32	33	34	35	36	37	38	39	40	41	
.	50	2	343	2390	5314	8112	8789	9078	10380	11999	14585	16584	18130	18809	20215	24722	27158	34617	38603	45303	55702	65298	69747	92953	104870	126547	147945	176407	221007	262844	341139	434138	715239	846718	1027131	1143366	1373170	1604019	2061962	
.	51	5	6	7	8	9	10	11	12	13	14	15	16	17	18	19	20	21	22	23	24	25	26	27	28	29	30	31	32	33	34	35	36	37	38	39	40	41	
.	51	405	2413	5375	8184	8753	9064	10415	11944	14388	16246	17695	18350	19858	24653	27031	34958	38744	45477	56137	65996	70427	93993	106014	127495	150183	179173	224960	267778	349853	449544	759479	896352	1081232	1190729	1419526	1635052	2061962	
.	52	5	6	7	8	9	10	11	12	13	14	15	16	17	18	19	20	21	22	23	24	25	26	27	28	29	30	31	32	33	34	35	36	37	38	39	40	41	
.	52	440	2399	5482	8212	8686	9013	10454	11984	14468	16305	17675	18305	19800	24890	27018	35371	39308	46227	57051	66939	71429	95481	107810	128616	152325	182542	229881	273736	359308	464574	804780	947842	1137080	1239362	1465530	1665949	2061962	
.	53	5	6	7	8	9	10	11	12	13	14	15	16	17	18	19	20	21	22	23	24	25	26	27	28	29	30	31	32	33	34	35	36	37	38	39	40	41	
.	53	503	2540	5835	8454	8832	9220	10664	12235	14670	16556	18005	18669	20285	25742	27853	36890	40670	47574	58735	69125	73945	98838	111811	133211	157943	189597	238130	283312	374032	485561	855955	1003996	1195430	1291208	1513363	1697890	2061962	
.	54	5	6	7	8	9	10	11	12	13	14	15	16	17	18	19	20	21	22	23	24	25	26	27	28	29	30	31	32	33	34	35	36	37	38	39	40	41	
.	54	532	2664	6414	9258	9630	10102	11678	13032	15472	17631	19276	19881	21743	27637	29786	39003	43451	50672	62515	69630	78606	104118	117236	138528	165115	198130	247604	293958	389266	508188	910113	1062829	1253934	1344869	1560979	1730524	2061962	
.	55	2	5	6	7	8	9	10	11	12	13	14	15	16	17	18	19	20	21	22	23	24	25	26	27	28	29	30	31	32	33	34	35	36	37	38	39	40	41	
.	55	29	637	2613	6577	9319	9634	10177	11895	13273	15748	17866	19497	20117	22012	28392	30319	40201	44817	52102	64366	71836	81211	107552	121428	142934	170705	204876	256655	304880	405126	530993	964704	1121022	1312409	1396752	1605320	1761346	2061962	
.	56	2	5	6	7	8	9	10	11	12	13	14	15	16	17	18	19	20	21	22	23	24	25	26	27	28	29	30	31	32	33	34	35	36	37	38	39	40	41	
.	56	9	740	2688	6676	9393	9644	10236	12049	13389	15667	17759	19493	20104	22053	28542	30308	40889	45571	52886	65734	73245	83339	109796	124148	145630	174643	210696	264031	312953	418404	551243	1018548	1178045	1369026	1446766	1647765	1789778	2061962	
.	57	2	5	6	7	8	9	10	11	12	13	14	15	16	17	18	19	20	21	22	23	24	25	26	27	28	29	30	31	32	33	34	35	36	37	38	39	40	41	
.	57	2	787	2865	7210	9892	10101	10766	12683	14067	16357	18430	20355	20965	23134	30122	31726	43107	47799	55071	68449	76189	86728	113776	128758	149378	179620	216444	271420	321842	432302	571993	1073707	1236083	1424473	1495821	1688460	1817599	2061962	
.	58	5	6	7	8	9	10	11	12	13	14	15	16	17	18	19	20	21	22	23	24	25	26	27	28	29	30	31	32	33	34	35	36	37	38	39	40	41	
.	58	830	2775	7208	9791	9958	10686	12605	13970	16284	18024	20058	20689	22869	30476	32014	42436	46417	56260	66640	73315	83884	116395	132335	152863	184577	222866	279358	330617	446803	593396	1129401	1293427	1479043	1544262	1726526	1842043	2061962	
.	59	2	5	6	7	8	9	10	11	12	13	14	15	16	17	18	19	20	21	22	23	24	25	26	27	28	29	30	31	32	33	34	35	36	37	38	39	40	41	
.	59	5	946	2919	7694	10351	10488	11289	13280	14696	16776	18516	20778	21451	23859	32023	33416	44372	48290	58484	68983	75817	86986	120658	137233	157449	190133	229858	287774	340334	462091	615282	1184268	1349105	1530482	1590327	1762380	1866055	2061962	
.	60	5	6	7	8	9	10	11	12	13	14	15	16	17	18	19	20	21	22	23	24	25	26	27	28	29	30	31	32	33	34	35	36	37	38	39	40	41	
.	60	1049	2905	7699	10188	10283	11210	13226	14650	16761	18435	20931	21522	23997	32598	33818	45389	49228	59907	70685	77542	89401	123564	140789	160453	193985	235348	295300	348973	475392	634548	1237376	1402853	1579555	1633223	1794835	1887803	2061962	
.	61	2	5	6	7	8	9	10	11	12	13	14	15	16	17	18	19	20	21	22	23	24	25	26	27	28	29	30	31	32	33	34	35	36	37	38	39	40	41	
.	61	1337	2474	4220	9389	11866	11943	12953	15098	16671	18581	20216	23006	23613	26175	35149	36275	48762	52567	63862	74961	81829	94343	129091	147497	166562	201138	243855	305312	359981	491549	657400	1291037	1456031	1626001	1674862	1825243	1907954	2061962	
.	62	2	5	6	7	8	9	10	11	12	13	14	15	16	17	18	19	20	21	22	23	24	25	26	27	28	29	30	31	32	33	34	35	36	37	38	39	40	41	
.	62	2698	3953	5797	11130	13520	13572	14717	16804	18343	20182	21737	24736	25341	28116	37490	38558	51409	54954	66562	78009	84858	98077	133067	152256	170684	206261	249609	313230	368667	506109	679036	1343058	1506062	1669239	1713276	1852753	1926103	2061962	
.	63	2	5	6	7	8	9	10	11	12	13	14	15	16	17	18	19	20	21	22	23	24	25	26	27	28	29	30	31	32	33	34	35	36	37	38	39	40	41	
.	63	4095	5510	7384	13585	16219	16261	17550	19766	21376	23226	24809	28043	28641	31697	41975	42919	56543	60030	72112	83854	90885	105172	141019	161317	179301	215668	260527	325334	381839	523932	702817	1394560	1555976	1710578	1749826	1878501	1943468	2061962	
.	64	2	5	6	7	8	9	10	11	12	13	14	15	16	17	18	19	20	21	22	23	24	25	26	27	28	29	30	31	32	33	34	35	36	37	38	39	40	41	
.	64	5462	6897	8591	14376	16754	16796	18201	20560	22276	24043	25424	28742	29634	32784	40297	43860	58102	61506	70279	86172	93357	108490	143561	157590	174479	221075	266784	333652	391177	537989	723010	1441893	1601348	1747667	1783343	1901050	1958354	2061962	
.	65	2	5	6	7	8	9	10	11	12	13	14	15	16	17	18	19	20	21	22	23	24	25	26	27	28	29	30	31	32	33	34	35	36	37	38	39	40	41	
.	65	7000	8535	10115	16089	18395	18412	19932	22134	23807	25372	26711	30258	31104	34346	42266	46157	60776	64105	73116	89625	96982	112973	148150	162895	179395	227186	273758	341976	400776	551738	742999	1487659	1644310	1781719	1813206	1921142	1971382	2061962	
.	66	2	5	6	7	8	9	10	11	12	13	14	15	16	17	18	19	20	21	22	23	24	25	26	27	28	29	30	31	32	33	34	35	36	37	38	39	40	41	
.	66	8558	10252	11692	17941	20143	20159	21810	23934	25740	27153	28424	32178	33056	36525	44662	48604	63732	66883	75869	92730	99929	116640	151668	166876	182624	232330	279166	349447	408455	564324	760818	1530510	1684053	1813191	1841279	1939229	1983096	2061962	
.	67	2	5	6	7	8	9	10	11	12	13	14	15	16	17	18	19	20	21	22	23	24	25	26	27	28	29	30	31	32	33	34	35	36	37	38	39	40	41	
.	67	10147	12007	13415	19978	22124	22131	23927	26102	27867	29208	30485	34564	35499	39031	47164	51432	67260	70226	79596	97108	104309	122200	157286	172903	187675	238852	286404	358448	418406	578491	780621	1571313	1721390	1841584	1866385	1955346	1993997	2061962	
.	68	2	5	6	7	8	9	10	11	12	13	14	15	16	17	18	19	20	21	22	23	24	25	26	27	28	29	30	31	32	33	34	35	36	37	38	39	40	41	
.	68	11753	13702	15163	22080	24431	24443	26397	28614	30528	31747	32939	37198	38141	41967	50176	54560	70823	73627	83249	100889	108323	126740	161642	177693	191650	243609	291435	364377	424623	587940	795563	1608591	1754921	1866737	1888818	1969543	2002862	2061962	
.	69	2	5	6	7	8	9	10	11	12	13	14	15	16	17	18	19	20	21	22	23	24	25	26	27	28	29	30	31	32	33	34	35	36	37	38	39	40	41	
.	69	13432	15533	16808	23855	26076	26084	28300	30470	32493	33643	34798	39282	40238	44058	52456	57186	73745	76480	79758	92670	111827	131321	165768	182206	195431	248698	296738	370949	432679	600557	811301	1643583	1785984	1889983	1909461	1982540	2011426	2061962	
.	70	2	5	6	7	8	9	10	11	12	13	14	15	16	17	18	19	20	21	22	23	24	25	26	27	28	29	30	31	32	33	34	35	36	37	38	39	40	41	
.	70	15172	17366	18565	25757	27837	27843	30158	32147	34228	35233	36308	41245	42256	46431	55063	60004	77315	79791	82906	95989	116019	136418	170611	187674	200131	255450	303893	379146	441131	612096	828292	1676752	1815184	1911099	1928137	1993719	2018565	2061962	
.	71	2	5	6	7	8	9	10	11	12	13	14	15	16	17	18	19	20	21	22	23	24	25	26	27	28	29	30	31	32	33	34	35	36	37	38	39	40	41	
.	71	17031	19294	20415	27645	29666	29670	32088	34018	36049	36991	37969	43205	44209	48365	57200	62663	80225	82627	85525	98910	119646	140956	174882	192722	204310	260639	309225	386187	448827	622505	843384	1707430	1841895	1930001	1944905	2003888	2025442	2061962	
.	72	2	5	6	7	8	9	10	11	12	13	14	15	16	17	18	19	20	21	22	23	24	25	26	27	28	29	30	31	32	33	34	35	36	37	38	39	40	41	
.	72	18845	21202	22240	29407	31504	31508	33964	35805	37920	38720	39620	44947	45932	50252	58958	64575	82430	84583	87251	100909	122309	144441	178093	196152	206847	264009	312738	390010	453355	630390	854992	1734860	1865573	1946064	1959121	2012725	2030875	2061962	
.	73	2	5	6	7	8	9	10	11	12	13	14	15	16	17	18	19	20	21	22	23	24	25	26	27	28	29	30	31	32	33	34	35	36	37	38	39	40	41	
.	73	20769	23570	24715	33715	35951	35955	38673	40481	43017	43803	44733	50523	51661	56316	65787	71836	90676	92789	95443	109626	131965	155573	189032	208071	218254	277511	326440	406114	470838	650997	880078	1762970	1888804	1962221	1973609	2020949	2036213	2061962	
.	74	2	5	6	7	8	10	11	12	13	14	15	16	17	18	19	20	21	22	23	24	25	26	27	28	29	30	31	32	33	34	35	36	37	38	39	40	41	
.	74	22742	25786	26849	35842	38068	41093	42901	45326	46104	46942	53098	54257	59106	68922	75658	95206	97159	99742	114204	137907	162688	180075	216165	225599	286931	336650	417628	483169	666227	899649	1787929	1909037	1975739	1985402	2027944	2040684	2061962	
.	75	2	5	6	7	8	9	10	11	12	13	14	15	16	17	18	19	20	21	22	23	24	25	26	27	28	29	30	31	32	33	34	35	36	37	38	39	40	41	
.	75	24722	27301	28110	35877	38684	38687	43806	46655	48824	49940	50533	59855	60743	67603	77054	88258	120057	122437	125389	148083	187782	226796	255159	317621	333875	440494	523094	667994	791595	1040454	1410223	1899888	1972434	2006025	2014340	2049856	2058140	2061962	
.	76	2	5	6	7	8	10	11	12	13	14	15	16	17	18	19	20	21	22	23	24	25	26	27	28	29	30	31	32	33	34	35	36	37	38	39	40	41	
.	76	25874	28449	29175	36998	39289	43114	45028	47357	48100	48653	56079	56975	62566	71289	79902	103908	105578	107658	124849	155488	184975	203894	251693	262114	343442	405960	519081	612376	865398	1201849	1877772	1961808	2004521	2011143	2046872	2057486	2061962	
.	77	2	5	6	7	8	9	10	11	12	13	14	15	16	17	18	19	20	21	22	23	24	25	26	27	28	29	30	31	32	33	34	35	36	37	38	39	40	41	
.	77	27277	29888	30481	37525	39489	39490	42911	44420	46690	47234	47712	54595	55530	60677	69047	76707	97329	98767	100626	115484	141999	168353	183232	224926	232706	302143	354327	446478	521144	729947	1001403	1860733	1960381	2008588	2014596	2045479	2053969	2061962	
.	78	2	5	6	7	8	10	11	12	13	14	15	16	17	18	19	20	21	22	23	24	25	26	27	28	29	30	31	32	33	34	35	36	37	38	39	40	41	
.	78	28933	31528	32035	39157	40974	44165	45368	47578	48036	48483	55005	55941	60716	68995	76403	95611	96782	98572	112661	137768	163330	176044	215288	221791	286079	334379	418375	486344	679756	926459	1860568	1968030	2015170	2020220	2047323	2053332	2061962	
.	79	2	5	6	7	8	9	10	11	12	13	14	15	16	17	18	19	20	21	22	23	24	25	26	27	28	29	30	31	32	33	34	35	36	37	38	39	40	41	
.	79	30830	33480	33926	40867	42615	42617	45802	47021	49298	49657	50084	56637	57625	62434	70787	78302	96725	97786	99441	113203	138121	163169	174345	213138	218647	280446	327078	408308	473548	662456	901588	1868599	1977913	2022275	2026376	2050086	2054539	2061962	
.	80	2	5	6	7	8	10	11	12	13	14	15	16	17	18	19	20	21	22	23	24	25	26	27	28	29	30	31	32	33	34	35	36	37	38	39	40	41	
.	80	32928	35529	35932	43015	44663	47962	49020	51347	51672	52039	58791	59755	64578	73159	80558	99044	99995	101587	115208	140053	165507	175559	214937	219734	281325	326871	406894	470803	658087	896473	1879032	1988045	2028869	2032196	2052804	2056196	2061962	
.	81	2	5	6	7	8	9	10	11	12	13	14	15	16	17	18	19	20	21	22	23	24	25	26	27	28	29	30	31	32	33	34	35	36	37	38	39	40	41	
.	81	35152	37941	38279	45370	46982	46983	50317	51258	53592	53862	54187	61079	62062	66849	75352	83079	101300	102170	103651	116987	142044	168166	177357	217183	221594	283761	328941	408745	472728	660391	898975	1889601	1997332	2034421	2037303	2055125	2057571	2061962	
.	82	2	5	6	7	8	9	10	11	12	13	14	15	16	17	18	19	20	21	22	23	24	25	26	27	28	29	30	31	32	33	34	35	36	37	38	39	40	41	
.	82	37640	40503	40812	48193	49909	49910	53357	54244	56675	56907	57235	64187	65203	70190	79074	87164	105498	106303	107775	121345	146689	173078	181529	221962	225804	287983	333341	413888	478595	667725	907886	1900635	2005739	2039555	2041786	2057034	2058860	2061962	
.	83	2	5	6	7	8	9	10	11	12	13	14	15	16	17	18	19	20	21	22	23	24	25	26	27	28	29	30	31	32	33	34	35	36	37	38	39	40	41	
.	83	40493	43294	43553	50646	52309	52316	55950	56834	59218	59444	59701	66791	67832	72775	81560	89867	108419	109123	110546	124381	150225	177436	185241	226353	229966	293600	338981	419723	484175	674090	917097	1911131	2013460	2043957	2045699	2058429	2059754	2061962	
.	84	2	5	6	7	8	9	10	11	12	13	14	15	16	17	18	19	20	21	22	23	24	25	26	27	28	29	30	31	32	33	34	35	36	37	38	39	40	41	
.	84	43182	46133	46388	53689	55354	55355	58943	59747	62261	62438	62681	69842	70867	75870	84800	93409	111848	112444	113805	127826	154392	181901	188884	231095	234238	298671	343962	426011	491761	682809	927696	1920258	2020499	2047536	2049012	2059638	2060509	2061962	
.	85	2	5	6	7	8	9	10	11	12	13	14	15	16	17	18	19	20	21	22	23	24	25	26	27	28	29	30	31	32	33	34	35	36	37	38	39	40	41	
.	85	46281	49264	49477	56784	58460	58463	62250	62884	65537	65687	65904	73249	74318	79283	88362	97238	115625	116236	117652	131653	158435	186498	193081	236044	238842	303872	349033	431537	497822	690441	938058	1928581	2026782	2050663	2051761	2060391	2060989	2061962	
.	86	2	5	6	7	8	9	10	11	12	13	14	15	16	17	18	19	20	21	22	23	24	25	26	27	28	29	30	31	32	33	34	35	36	37	38	39	40	41	
.	86	49687	52669	52874	60315	62016	62019	65731	66293	68894	69027	69253	76575	77636	82865	92156	101322	119869	120392	121774	135842	163086	191737	197665	241453	243986	309632	355237	439184	506029	699619	949798	1936008	2032222	2053377	2054259	2060899	2061291	2061962	
.	87	2	5	6	7	8	9	10	11	12	13	14	15	16	17	18	19	20	21	22	23	24	25	26	27	28	29	30	31	32	33	34	35	36	37	38	39	40	41	
.	87	53342	56171	56356	63888	65451	65456	69298	69869	72435	72540	72724	80294	81433	86718	95979	105339	123901	124327	125714	139989	167623	196803	202242	246669	248941	315568	361223	445813	513052	708439	960448	1942896	2037116	2055630	2056272	2061318	2061582	2061962	
.	88	2	5	6	7	8	9	10	11	12	13	14	15	16	17	18	19	20	21	22	23	24	25	26	27	28	29	30	31	32	33	34	35	36	37	38	39	40	41	
.	88	57431	60444	60580	67977	69460	69463	73277	73766	76408	76496	76644	84175	85267	90600	100081	109690	128295	128703	130026	144468	172243	201803	206723	251649	253661	321347	367423	452661	520359	715990	970386	1949423	2041336	2057343	2057814	2061569	2061730	2061962	
.	89	2	5	6	7	8	9	10	11	12	13	14	15	16	17	18	19	20	21	22	23	24	25	26	27	28	29	30	31	32	33	34	35	36	37	38	39	40	41	
.	89	61862	64801	64923	72345	73823	73824	77515	77936	80502	80581	80699	88239	89351	94681	104111	113714	131958	132297	133666	148080	176288	206244	210771	256117	257842	325529	371969	458409	526745	723927	980534	1955406	2044886	2058707	2059028	2061758	2061837	2061962	
.	90	2	5	6	7	8	9	10	11	12	13	14	15	16	17	18	19	20	21	22	23	24	25	26	27	28	29	30	31	32	33	34	35	36	37	38	39	40	41	
.	90	66974	69802	69905	77125	78604	78607	82224	82589	85237	85301	85429	92962	94129	99374	108954	118680	136898	137186	138545	152854	181090	211084	215143	261370	262936	331488	377913	464978	533968	733415	992868	1960427	2047935	2059739	2059970	2061852	2061898	2061962	
.	91	2	5	6	7	8	9	10	11	12	13	14	15	16	17	18	19	20	21	22	23	24	25	26	27	28	29	30	31	32	33	34	35	36	37	38	39	40	41	
.	91	72799	75722	75820	82936	84490	84492	88042	88359	91003	91061	91157	98572	99691	105035	114622	124392	142522	142800	144209	158688	187143	218011	221605	268556	270038	339379	386651	475227	545463	746258	1009920	1966076	2050605	2060453	2060627	2061921	2061938	2061962	
.	92	2	5	6	7	8	9	10	11	12	13	14	15	16	17	18	19	20	21	22	23	24	25	26	27	28	29	30	31	32	33	34	35	36	37	38	39	40	41	
.	92	81151	84042	84129	91577	92943	92945	96496	96781	99424	99473	99556	107011	108280	113545	123519	133398	151395	151661	153006	167640	196656	227639	231036	278620	279913	350150	397112	486564	557433	759306	1024493	1971209	2053014	2060919	2061022	2061942	2061949	2061962	
.	93	2	5	6	7	8	9	10	11	12	13	14	15	16	17	18	19	20	21	22	23	24	25	26	27	28	29	30	31	32	33	34	35	36	37	38	39	40	41	
.	93	86658	89381	89448	96159	97479	97480	102035	102563	105013	105045	105112	112525	113645	118947	128402	138267	156134	156339	157603	172145	201119	231682	234751	282458	283529	353338	400307	490915	562925	765881	1032549	1974424	2054723	2061317	2061393	2061955	2061959	2061962	
.	94	2	5	6	7	8	9	10	11	12	13	14	15	16	17	18	19	20	21	22	23	24	25	26	27	28	29	30	31	32	33	34	35	36	37	38	39	
.	94	94864	97309	97361	103594	104770	104771	108350	108619	108649	111052	111112	118104	119215	124834	134392	143951	161443	161606	162907	177467	206138	236906	239660	287765	288758	359205	407178	497677	569589	771425	1039550	1977568	2056162	2061582	2061630	2061962	
.	95	2	5	6	7	8	9	10	11	12	13	14	15	16	17	18	19	20	21	22	23	24	25	26	27	28	29	30	31	32	33	34	35	36	37	38	39	
.	95	104509	106648	106677	112163	113216	113217	116065	116256	116297	118507	118545	125403	126523	131647	140917	150359	167284	167420	168706	183331	211819	242661	245115	292288	293146	363064	411558	502585	574843	777882	1047930	1980095	2057426	2061744	2061768	2061962	
.	96	2	5	6	7	8	10	11	12	13	14	15	16	17	18	19	20	21	22	23	24	25	26	27	28	29	30	31	32	33	34	35	36	37	38	39	
.	96	115922	117581	117608	122004	122760	125019	125144	125161	127003	127031	133304	134411	138893	148008	157185	173294	173413	174741	188718	216574	247177	249306	296693	297460	366441	415175	506712	579327	783572	1055040	1981977	2058348	2061836	2061848	2061962	
.	97	2	5	6	7	8	10	11	12	13	14	15	16	17	18	19	20	21	22	23	24	25	26	27	28	29	30	31	32	33	34	35	36	37	38	39	
.	97	129264	130201	130212	133150	133676	135214	135280	135291	136692	136712	142501	143499	147816	156411	164839	179978	180060	181376	194777	222050	251852	253729	300779	301453	370398	419528	512297	585485	790275	1062619	1984243	2059079	2061901	2061907	2061962	
.	98	2	5	7	8	10	11	12	13	14	15	16	17	18	19	20	21	22	23	24	25	26	27	28	29	30	31	32	33	34	35	36	37	38	39	
.	98	144795	145054	146227	146381	146999	147023	147029	147703	147714	153079	154170	157993	166536	174253	188443	188501	189685	202425	228992	257712	259259	305483	306087	374565	423030	516140	590008	795265	1069944	1985727	2059689	2061927	2061934	2061962	
.	99	2	13	14	15	16	17	18	19	20	21	22	23	24	25	26	27	28	29	30	31	32	33	34	35	36	37	38	39	
.	99	161396	161443	161446	166558	167655	171269	180142	187473	201160	201211	202652	214892	240809	268416	269898	315578	316114	383513	432604	526376	600591	806987	1083390	1988799	2060035	2061943	2061947	2061962	
A	0	10	16	19	22	23	25	26	27	28	30	31	33	34	
A	0	323	1183	1196	1450	2738	3873	8479	15610	18656	44609	234226	264278	532236	
A	1	10	16	19	22	23	25	26	27	28	30	31	33	34	
A	1	420	1665	1708	2143	3183	3909	7961	16365	18596	39520	200149	209437	561739	
A	2	10	16	19	22	23	25	26	27	28	30	31	33	34	
A	2	688	1869	1893	2602	3702	4419	8490	17421	19618	38535	180308	187730	534372	
A	3	10	16	19	22	25	26	27	28	29	30	31	32	33	35	37	
A	3	442	898	1226	1694	2508	4221	4339	6484	6544	11500	11615	17857	28387	118778	496732	
A	4	10	16	19	22	25	26	27	28	29	30	31	32	33	35	37	
A	4	501	1314	1695	2329	3581	6093	6269	9025	9086	15267	15410	22825	35252	130987	504426	
A	5	8	10	11	15	16	17	18	19	21	22	23	25	26	27	28	29	30	31	32	33	35	36	37	
A	5	85	361	451	529	784	1238	1486	1782	1915	1977	2653	4310	6299	6800	8048	9505	15427	16764	26085	37092	129709	136118	512422	
A	6	6	8	10	11	15	16	17	18	19	21	22	23	24	25	26	27	28	29	30	31	32	33	35	36	37	
A	6	1	106	425	535	608	868	1190	1431	1730	1853	1910	2647	2648	4288	6301	6822	8087	9472	15510	16859	26334	37468	131267	137784	514345	
A	7	8	10	11	15	16	17	18	19	20	21	22	23	25	26	27	28	29	30	31	32	33	35	36	37	
A	7	137	511	621	707	972	1341	1633	1913	1914	2071	2125	2835	4594	6620	7422	8616	9999	16130	17632	27244	38416	134105	140711	522851	
A	8	8	10	11	15	16	17	18	19	20	21	22	23	25	26	27	28	29	30	31	32	33	34	35	36	37	38	39	
A	8	158	609	742	830	1104	1517	1816	2119	2122	2263	2314	3083	4829	5632	7911	8859	10252	16517	17562	25845	34276	38457	69065	69093	123149	160264	509182	
A	9	7	8	10	11	14	15	16	17	18	19	20	21	22	23	25	26	27	28	29	30	31	32	33	34	35	36	37	38	39	
A	9	1	137	458	550	551	666	938	1358	1695	1994	1996	2139	2197	3029	4909	5736	8410	9183	10771	17302	18321	27036	35981	40345	71951	71983	127393	166235	519206	
A	10	5	7	8	9	10	11	12	14	15	16	17	18	19	21	22	23	24	25	26	27	28	29	30	31	32	33	34	35	36	37	38	39	
A	10	2	4	199	200	670	859	860	862	978	1303	1746	2055	2356	2522	2592	3417	3425	5435	6246	9189	9732	11278	17817	18899	27778	36924	41252	73124	73144	129088	168397	517854	
A	11	6	7	8	9	10	11	12	13	15	16	17	18	19	20	21	22	23	24	25	26	27	28	29	30	31	32	33	34	35	36	37	38	39	
A	11	1	2	140	142	508	608	612	613	739	1017	1422	1721	2042	2047	2222	2293	3130	3145	5109	5955	9079	9427	10961	17745	18781	27606	36884	41323	73309	73330	129737	169288	518173	
A	12	8	9	10	11	12	14	15	16	17	18	19	20	21	22	23	24	25	26	27	28	29	30	31	32	33	34	35	36	37	38	39	
A	12	184	188	653	782	786	787	911	1255	1680	2051	2439	2445	2636	2701	3650	3684	5712	6644	10004	10362	12052	19066	20194	29411	38989	43399	76552	76580	133751	175170	523469	
A	13	5	8	9	10	11	12	13	14	15	16	17	18	19	20	21	22	23	24	25	26	27	28	29	30	31	32	33	34	35	36	37	38	39	40	41	
A	13	2	153	159	592	704	709	710	712	743	1153	1597	1943	2306	2309	2514	2604	3089	3619	5719	6612	9981	10259	11815	14957	19822	25692	35927	41360	47405	67631	82830	133570	163038	267494	525391	
A	14	5	6	7	8	9	10	11	12	14	15	16	17	18	19	20	21	22	23	24	25	26	27	28	29	30	31	32	33	34	35	36	37	38	39	40	41	
A	14	1	5	9	191	206	654	786	789	791	821	1244	1705	2094	2453	2455	2685	2759	3217	3779	5755	6622	10040	10389	12133	15336	20294	26177	36357	41754	47800	68024	83553	134438	164040	269011	522262	
A	15	6	7	8	9	10	11	12	13	14	15	16	17	18	19	20	21	22	23	24	25	26	27	28	29	30	31	32	33	34	35	36	37	38	39	40	41	
A	15	7	12	183	200	603	709	714	715	720	765	1176	1615	1947	2297	2303	2524	2610	3068	3707	5809	6757	10219	10531	12252	15628	20634	26460	36798	42334	48729	69182	84562	136219	166175	271617	522200	
A	16	6	7	8	9	10	11	12	13	14	15	16	17	18	19	20	21	22	23	24	25	26	27	28	29	30	31	32	33	34	35	36	37	38	39	40	41	
A	16	4	14	233	255	745	869	871	873	876	941	1399	1842	2240	2672	2684	2944	3040	3657	4410	6512	7510	10903	11285	13146	16634	21778	27728	38510	44032	50652	71142	86773	139383	169389	275364	521044	
A	17	5	6	7	8	9	10	11	12	13	14	15	16	17	18	19	20	21	22	23	24	25	26	27	28	29	30	31	32	33	34	35	36	37	38	39	40	41	
A	17	2	13	18	256	302	753	903	908	913	920	1013	1427	1878	2273	2704	2713	2984	3069	3609	4408	6522	7500	10978	11341	13129	16775	21868	27716	38436	44102	50858	71575	87372	140049	170487	276728	518045	
A	18	6	7	8	9	10	11	12	13	14	15	16	17	18	19	20	21	22	23	24	25	26	27	28	29	30	31	32	33	34	35	36	37	38	39	40	41	
A	18	2	12	241	288	698	819	822	828	837	969	1416	1522	2274	2652	2667	2973	3075	3692	4653	6699	7761	11245	11603	13449	17288	22554	28498	35392	45374	52766	71529	87728	134294	171199	279660	519396	
A	19	5	6	7	8	9	10	11	12	13	14	15	16	17	18	19	20	21	22	23	24	25	26	27	28	29	30	31	32	33	34	35	36	37	38	39	40	41	
A	19	1	10	21	407	503	1112	1276	1281	1284	1299	1449	1962	2106	2916	3404	3418	3743	3872	4572	5717	7741	8841	12320	12741	14692	18693	24089	29899	37126	47182	54902	73577	89863	137623	174780	283545	518067	
A	20	5	6	7	8	9	10	11	12	13	14	15	16	17	18	19	20	21	22	23	24	25	26	27	28	29	30	31	32	33	34	35	36	37	38	39	40	41	
A	20	1	18	31	323	407	878	974	983	994	1007	1165	1636	1781	2534	2984	3004	3398	3518	4166	5333	7298	8354	11878	12299	14185	18496	23873	29752	36859	46967	54898	73596	90286	138852	176634	285314	514346	
A	21	5	6	7	8	9	10	11	12	13	14	15	16	17	18	19	20	21	22	23	24	25	26	27	28	29	30	31	32	33	34	35	36	37	38	39	40	41	
A	21	2	30	56	436	607	1099	1220	1236	1246	1269	1461	1931	2093	2803	3254	3274	3682	3811	4500	5777	7741	8872	12254	12716	14703	19142	24589	30329	37762	47814	56496	75315	92243	141910	179859	290482	516710	
A	22	5	6	7	8	9	10	11	12	13	14	15	16	17	18	19	20	21	22	23	24	25	26	27	28	29	30	31	32	33	34	35	36	37	38	39	40	41	
A	22	4	27	50	414	574	980	1084	1094	1105	1128	1396	1879	2057	2742	3162	3189	3663	3801	4529	5841	7751	8975	12233	12733	14685	19368	24874	30386	37931	47819	56843	75347	92579	143136	181535	292962	516890	
A	23	5	6	7	8	9	10	11	12	13	14	15	16	17	18	19	20	21	22	23	24	25	26	27	28	29	30	31	32	33	34	35	36	37	38	39	40	41	
A	23	1	24	43	373	523	809	861	876	896	918	1190	1646	1805	2377	2795	2823	3345	3484	4243	5647	7419	8601	11809	12345	14401	19199	24635	30086	37657	47463	56858	75309	92434	143944	180051	290503	511952	
A	24	5	6	7	8	9	10	11	12	13	14	15	16	17	18	19	20	21	22	23	24	25	26	27	28	29	30	31	32	33	34	35	36	37	38	39	40	41	
A	24	5	30	62	402	597	874	934	955	969	1007	1338	1820	1988	2582	3072	3103	3594	3759	4513	6079	7914	9199	12310	12877	14951	19939	25676	30975	38960	48939	59119	77819	95250	148036	184081	296731	514966	
A	25	5	6	7	8	9	10	11	12	13	14	15	16	17	18	19	20	21	22	23	24	25	26	27	28	29	30	31	32	33	34	35	36	37	38	39	40	41	
A	25	5	54	111	607	957	1278	1346	1374	1401	1450	1846	2369	2536	3112	3598	3649	4209	4384	5213	6849	8553	9685	12730	13348	15479	20726	26337	31393	39533	49517	60408	78978	96695	151368	187302	301318	515330	
A	26	5	6	7	8	9	10	11	12	13	14	15	16	17	18	19	20	21	22	23	24	25	26	27	28	29	30	31	32	33	34	35	36	37	38	39	40	41	
A	26	5	80	161	764	1184	1523	1563	1590	1617	1683	2160	2730	2931	3458	3915	3981	4603	4830	5656	7425	9195	10510	13649	14330	16483	22028	27947	33153	41632	51376	62898	81494	99698	154877	190189	305007	512839	
A	27	5	6	7	8	9	10	11	12	13	14	15	16	17	18	19	20	21	22	23	24	25	26	27	28	29	30	31	32	33	34	35	36	37	38	39	40	41	
A	27	4	86	182	769	1194	1490	1534	1574	1616	1698	2203	2785	2990	3551	4054	4122	4907	5158	6015	7852	9725	11124	14278	14982	17308	22980	28905	34124	42860	52894	65659	84450	102997	159336	194248	310903	514470	
A	28	5	6	7	8	9	10	11	12	13	14	15	16	17	18	19	20	21	22	23	24	25	26	27	28	29	30	31	32	33	34	35	36	37	38	39	40	41	
A	28	6	95	226	845	1378	1636	1669	1722	1773	1857	2452	2982	3149	3716	4280	4371	5201	5447	6296	8322	10160	11669	14858	15656	17989	24068	30324	35493	44888	54849	68113	87244	106454	164032	198784	316435	513622	
A	29	5	6	7	8	9	10	11	12	13	14	15	16	17	18	19	20	21	22	23	24	25	26	27	28	29	30	31	32	33	34	35	36	37	38	39	40	41	
A	29	6	123	289	1034	1728	1931	1954	2011	2076	2203	2814	3386	3572	4140	4754	4860	5666	5955	6988	9131	10941	12576	15619	16538	18985	25132	31595	36936	46662	56730	70630	89241	108557	166607	200962	318735	510105	
A	30	5	6	7	8	9	10	11	12	13	14	15	16	17	18	19	20	21	22	23	24	25	26	27	28	29	30	31	32	33	34	35	36	37	38	39	40	41	
A	30	3	158	357	1098	1772	1913	1941	2004	2080	2222	2928	3430	3631	4177	4808	4921	5803	6171	7276	9497	11403	13195	16324	17398	19981	26338	32931	38270	48584	58895	73890	92611	113076	172929	207998	326885	513950	
A	31	5	6	7	8	9	10	11	12	13	14	15	16	17	18	19	20	21	22	23	24	25	26	27	28	29	30	31	32	33	34	35	36	37	38	39	40	41	
A	31	8	187	413	1257	2073	2233	2249	2328	2439	2595	3373	3885	4079	4672	5323	5464	6434	6825	8039	10376	12215	14190	17361	18508	21181	27718	34551	39913	50822	61292	77111	96324	117439	178001	213371	332207	512739	
A	32	5	6	7	8	9	10	11	12	13	14	15	16	17	18	19	20	21	22	23	24	25	26	27	28	29	30	31	32	33	34	35	36	37	38	39	40	41	
A	32	11	217	495	1322	2102	2193	2214	2316	2428	2633	3403	3916	4111	4746	5431	5598	6624	7128	8343	10723	12564	14571	17771	19203	21984	28681	35817	41558	52899	63815	80427	99592	120968	182417	217781	335477	509852	
A	33	5	6	7	8	9	10	11	12	13	14	15	16	17	18	19	20	21	22	23	24	25	26	27	28	29	30	31	32	33	34	35	36	37	38	39	40	41	
A	33	17	246	588	1446	2364	2447	2473	2588	2719	2981	3768	4252	4464	5133	5889	6107	7217	7738	9122	11559	13347	15650	18908	20504	23474	30221	37725	43597	55714	66639	84255	104227	126723	189198	225130	343330	512970	
A	34	5	6	7	8	9	10	11	12	13	14	15	16	17	18	19	20	21	22	23	24	25	26	27	28	29	30	31	32	33	34	35	36	37	38	39	40	41	
A	34	12	297	695	1504	2397	2445	2486	2588	2751	3039	3896	4391	4573	5205	5933	6180	7340	7935	9366	11874	13643	16138	19393	21223	24243	31072	38923	44991	57501	68992	87209	107556	130525	193903	230649	348344	512814	
A	35	5	6	7	8	9	10	11	12	13	14	15	16	17	18	19	20	21	22	23	24	25	26	27	28	29	30	31	32	33	34	35	36	37	38	39	40	41	
A	35	24	369	795	1694	2616	2650	2693	2813	3007	3312	4127	4642	4886	5638	6445	6737	8033	8698	10203	12731	14377	17097	20402	22368	25500	32066	39998	46289	59132	70906	90255	110929	134645	198054	235272	352055	509807	
A	36	5	6	7	8	9	10	11	12	13	14	15	16	17	18	19	20	21	22	23	24	25	26	27	28	29	30	31	32	33	34	35	36	37	38	39	40	41	
A	36	19	370	840	1797	2802	2810	2859	3015	3250	3645	4515	5005	5226	5997	6885	7234	8564	9308	10902	13432	15074	18042	21372	23630	27008	33718	42003	48722	62125	74676	94879	116359	140997	204941	242973	359043	511899	
A	37	5	6	7	8	9	10	11	12	13	14	15	16	17	18	19	20	21	22	23	24	25	26	27	28	29	30	31	32	33	34	35	36	37	38	39	40	41	
A	37	21	483	1044	2032	3046	3057	3109	3304	3555	3991	4875	5313	5568	6312	7258	7621	9078	9969	11742	14458	15926	19096	22543	25060	28750	35404	44210	51169	65389	78623	100079	122490	148511	212850	251696	366424	511951	
A	38	5	6	7	8	9	10	11	12	13	14	15	16	17	18	19	20	21	22	23	24	25	26	27	28	29	30	31	32	33	34	35	36	37	38	39	40	41	
A	38	36	593	1321	2481	3655	3672	3743	3975	4314	4827	5752	6218	6491	7382	8365	8829	10086	11014	13170	15905	17352	20751	24327	27345	31249	38022	47222	54598	69385	83403	105804	128968	155852	219311	259644	371854	511301	
A	39	5	6	7	8	9	10	11	12	13	14	15	16	17	18	19	20	21	22	23	24	25	26	27	28	29	30	31	32	33	34	35	36	37	38	39	40	41	
A	39	43	497	1110	2004	2750	2765	2865	3126	3503	4019	4878	5204	5467	6214	7006	7620	8781	9773	11953	14332	15675	19226	22089	25275	28540	35324	44095	51482	65743	79180	102476	124561	152008	209986	255802	359808	511339	
A	40	5	6	7	8	9	10	11	12	13	14	15	16	17	18	19	20	21	22	23	24	25	26	27	28	29	30	31	32	33	34	35	36	37	38	39	40	41	
A	40	54	575	1181	2004	2711	2728	2814	3082	3466	4003	4752	5082	5354	6186	7027	7615	8773	9843	12075	14535	15794	19586	22562	26078	29658	36308	45577	53551	68564	82736	107264	130050	158656	214955	260037	361611	512434	
A	41	5	6	7	8	9	10	11	12	13	14	15	16	17	18	19	20	21	22	23	24	25	26	27	28	29	30	31	32	33	34	35	36	37	38	39	40	41	
A	41	50	535	1113	1841	2401	2419	2531	2822	3179	3739	4438	4768	5039	5822	6617	7267	8469	9525	11938	14198	15312	19199	22132	25758	29441	35909	45157	53094	67904	82977	109217	132853	162357	217178	262726	361467	508247	
A	42	5	6	7	8	9	10	11	12	13	14	15	16	17	18	19	20	21	22	23	24	25	26	27	28	29	30	31	32	33	34	35	36	37	38	39	40	41	
A	42	37	434	930	1604	2085	2110	2229	2470	2847	3226	3825	4060	4307	5068	5735	6443	7425	8546	10779	12787	13812	17734	20390	24207	27530	33728	42886	50982	65561	80272	109225	132355	163214	211394	263902	358361	512013	
A	43	5	6	7	8	9	10	11	12	13	14	15	16	17	18	19	20	21	22	23	24	25	26	27	28	29	30	31	32	33	34	35	36	37	38	39	40	41	
A	43	38	472	1023	1722	2192	2217	2351	2600	3039	3465	3954	4141	4412	5181	5885	6566	7544	8638	10808	12791	13713	17542	19995	23843	27340	33051	42013	49965	64185	79473	111437	135688	167806	213009	263288	352884	510958	
A	44	5	6	7	8	9	10	11	12	13	14	15	16	17	18	19	20	21	22	23	24	25	26	27	28	29	30	31	32	33	34	35	36	37	38	39	40	41	
A	44	44	440	969	1622	1992	2016	2117	2352	2722	3146	3575	3759	4011	4727	5437	6317	7169	8258	10489	12358	13320	17214	19675	23583	27323	32903	41710	49489	63863	79967	115282	140792	174111	217462	267416	353456	510552	
A	45	5	6	7	8	9	10	11	12	13	14	15	16	17	18	19	20	21	22	23	24	25	26	27	28	29	30	31	32	33	34	35	36	37	38	39	40	41	
A	45	45	443	944	1539	1866	1885	2022	2255	2660	3080	3496	3649	3902	4617	5268	6187	7039	8188	10477	12254	13196	17225	19671	23699	27637	33152	42199	50448	65095	82189	121938	148684	183376	224732	274944	357927	511769	
A	46	5	6	7	8	9	10	11	12	13	14	15	16	17	18	19	20	21	22	23	24	25	26	27	28	29	30	31	32	33	34	35	36	37	38	39	40	41	
A	46	44	437	1020	1680	1982	2006	2163	2395	2781	3222	3566	3727	4049	4823	5494	6483	7333	8552	10797	12599	13497	17650	20115	24215	28275	33726	43082	51530	66601	85052	129249	157396	194256	234243	285112	363938	512136	
A	47	5	6	7	8	9	10	11	12	13	14	15	16	17	18	19	20	21	22	23	24	25	26	27	28	29	30	31	32	33	34	35	36	37	38	39	40	41	
A	47	68	578	1294	2112	2432	2466	2634	2886	3334	3902	4270	4470	4807	5696	6452	7490	8436	9734	12211	14143	15050	19531	22146	26436	31105	36733	46404	55275	70939	90615	138750	168613	207246	245852	296681	371257	509677	
A	48	5	6	7	8	9	10	11	12	13	14	15	16	17	18	19	20	21	22	23	24	25	26	27	28	29	30	31	32	33	34	35	36	37	38	39	40	41	
A	48	86	615	1392	2239	2545	2581	2768	3131	3643	4181	4560	4741	5071	6062	6786	8031	8975	10427	12740	14982	15912	20887	23770	28367	33475	39332	49299	58535	75301	96460	149389	181189	221682	256880	310821	381943	512448	
A	49	5	6	7	8	9	10	11	12	13	14	15	16	17	18	19	20	21	22	23	24	25	26	27	28	29	30	31	32	33	34	35	36	37	38	39	40	41	
A	49	70	526	1247	1987	2236	2286	2499	2837	3364	3882	4227	4397	4707	5718	6380	7700	8619	9994	12407	14543	15475	20672	23446	28217	33417	39476	49818	59449	76716	99320	157524	191050	233032	266309	320819	387847	510634	
A	50	5	6	7	8	9	10	11	12	13	14	15	16	17	18	19	20	21	22	23	24	25	26	27	28	29	30	31	32	33	34	35	36	37	38	39	40	41	
A	50	77	501	1254	1961	2157	2225	2430	2726	3217	3698	4003	4171	4549	5561	6214	7618	8562	9984	12370	14549	15460	20726	23443	28328	33729	40240	50872	60917	78814	102843	167414	201982	245114	277144	330992	394073	509007	
A	51	5	6	7	8	9	10	11	12	13	14	15	16	17	18	19	20	21	22	23	24	25	26	27	28	29	30	31	32	33	34	35	36	37	38	39	40	41	
A	51	102	548	1291	1968	2154	2201	2419	2707	3189	3668	3957	4114	4524	5591	6171	7710	8562	10038	12438	14754	15712	21048	23917	28666	34398	40947	51857	62029	80952	107070	178161	214521	258951	289353	343616	402719	511315	
A	52	5	6	7	8	9	10	11	12	13	14	15	16	17	18	19	20	21	22	23	24	25	26	27	28	29	30	31	32	33	34	35	36	37	38	39	40	41	
A	52	115	544	1277	1959	2095	2151	2360	2668	3172	3638	3946	4106	4464	5603	6164	7714	8647	10125	12624	14886	15824	21256	24121	28854	34802	41676	53034	63752	83356	110552	188834	226627	271995	300504	354112	409397	510259	
A	53	5	6	7	8	9	10	11	12	13	14	15	16	17	18	19	20	21	22	23	24	25	26	27	28	29	30	31	32	33	34	35	36	37	38	39	40	41	
A	53	120	595	1454	2085	2179	2253	2471	2800	3284	3739	4016	4190	4563	5796	6327	8099	8987	10499	13050	15425	16429	21996	25033	29820	35928	42914	54525	65329	86212	115140	200194	239458	285828	312777	365186	416567	509544	
A	54	5	6	7	8	9	10	11	12	13	14	15	16	17	18	19	20	21	22	23	24	25	26	27	28	29	30	31	32	33	34	35	36	37	38	39	40	41	
A	54	132	608	1576	2224	2340	2405	2653	2893	3349	3897	4224	4382	4879	6181	6739	8561	9588	11202	13913	15469	17604	23375	26399	31190	37851	45444	57238	68500	90610	121242	213711	254375	300627	326325	377661	425088	510656	
A	55	5	6	7	8	9	10	11	12	13	14	15	16	17	18	19	20	21	22	23	24	25	26	27	28	29	30	31	32	33	34	35	36	37	38	39	40	41	
A	55	142	569	1586	2260	2369	2464	2711	2957	3461	4018	4352	4513	5007	6451	6917	8898	9975	11581	14383	15912	18076	24138	27328	32146	39087	46750	59052	70796	93800	126549	226298	268110	314682	338949	389282	433266	511420	
A	56	5	6	7	8	9	10	11	12	13	14	15	16	17	18	19	20	21	22	23	24	25	26	27	28	29	30	31	32	33	34	35	36	37	38	39	40	41	
A	56	167	612	1593	2269	2340	2453	2749	3009	3480	4020	4384	4550	5008	6454	6877	8989	10101	11691	14606	16163	18491	24380	27645	32431	39662	47745	60513	72791	96888	131554	238842	281266	327953	350319	398953	439581	510445	
A	57	5	6	7	8	9	10	11	12	13	14	15	16	17	18	19	20	21	22	23	24	25	26	27	28	29	30	31	32	33	34	35	36	37	38	39	40	41	
A	57	178	636	1750	2407	2478	2604	2907	3206	3644	4165	4568	4732	5279	6918	7325	9652	10747	12341	15298	16882	19384	25623	28916	33520	40930	49095	62318	74866	100036	136695	252571	296379	342787	363261	410103	446835	511391	
A	58	5	6	7	8	9	10	11	12	13	14	15	16	17	18	19	20	21	22	23	24	25	26	27	28	29	30	31	32	33	34	35	36	37	38	39	40	41	
A	58	195	623	1726	2346	2391	2514	2800	3092	3544	3951	4365	4524	5078	6853	7252	9364	10311	12544	14808	16309	18870	26183	29767	34348	42269	50877	64718	77566	103975	142379	265801	310370	355825	374810	419163	452355	510313	
A	59	5	6	7	8	9	10	11	12	13	14	15	16	17	18	19	20	21	22	23	24	25	26	27	28	29	30	31	32	33	34	35	36	37	38	39	40	41	
A	59	223	639	1838	2450	2490	2648	2962	3282	3694	4121	4594	4760	5389	7274	7640	9814	10787	13019	15387	16845	19656	27246	30916	35435	43581	52581	66160	79431	106894	146885	277910	322474	367237	384876	426864	457002	509658	
A	60	5	6	7	8	9	10	11	12	13	14	15	16	17	18	19	20	21	22	23	24	25	26	27	28	29	30	31	32	33	34	35	36	37	38	39	40	41	
A	60	248	649	1811	2415	2437	2593	2950	3284	3715	4120	4668	4816	5395	7427	7741	10096	11015	13396	15691	17117	19999	27685	31599	35953	44317	53724	67993	81486	110214	152239	291373	336300	380510	396336	436290	463372	510528	
A	61	2	5	6	7	8	9	10	11	12	13	14	15	16	17	18	19	20	21	22	23	24	25	26	27	28	29	30	31	32	33	34	35	36	37	38	39	40	41	
A	61	239	528	909	2168	2798	2828	3006	3364	3776	4188	4591	5149	5308	5892	8000	8277	10847	11733	14248	16636	18098	21139	29088	33155	37420	46124	55894	70551	84495	114436	158166	304626	349772	392214	407011	444325	468858	511073	
A	62	2	5	6	7	8	9	10	11	12	13	14	15	16	17	18	19	20	21	22	23	24	25	26	27	28	29	30	31	32	33	34	35	36	37	38	39	40	41	
A	62	492	814	1159	2541	3101	3123	3323	3636	4042	4448	4813	5405	5540	6171	8411	8673	11238	12076	14672	17158	18593	21882	29941	34228	38411	47307	57337	72583	86630	117511	163199	315620	360456	401499	414711	449413	471198	508619	
A	63	2	5	6	7	8	9	10	11	12	13	14	15	16	17	18	19	20	21	22	23	24	25	26	27	28	29	30	31	32	33	34	35	36	37	38	39	40	41	
A	63	770	1111	1558	3172	3830	3839	4059	4425	4835	5218	5606	6268	6417	7090	9564	9821	12656	13488	16171	18681	20201	23681	31900	36384	40409	49536	59695	75314	89915	122402	169998	330784	375474	414454	426401	459077	478755	511665	
A	64	2	5	6	7	8	9	10	11	12	13	14	15	16	17	18	19	20	21	22	23	24	25	26	27	28	29	30	31	32	33	34	35	36	37	38	39	40	41	
A	64	1004	1359	1729	3169	3734	3746	4021	4419	4859	5252	5588	6231	6512	7219	9031	9816	12798	13615	15704	18925	20487	24172	32299	35592	39415	50904	61408	77235	92080	125630	174410	341080	385368	422672	433785	463960	481449	510533	
A	65	2	5	6	7	8	9	10	11	12	13	14	15	16	17	18	19	20	21	22	23	24	25	26	27	28	29	30	31	32	33	34	35	36	37	38	39	40	41	
A	65	1308	1685	2036	3546	4080	4086	4347	4705	5130	5459	5809	6497	6758	7530	9445	10372	13368	14114	16290	19547	21147	25087	32973	36412	40112	51646	62193	78412	93631	127749	178510	350822	394517	429513	439417	467387	482924	508488	
A	66	2	5	6	7	8	9	10	11	12	13	14	15	16	17	18	19	20	21	22	23	24	25	26	27	28	29	30	31	32	33	34	35	36	37	38	39	40	41	
A	66	1680	2113	2449	4077	4566	4570	4844	5194	5665	5960	6262	7007	7264	8086	10121	11057	14143	14907	17166	20569	22173	26395	34441	38012	41579	53637	64468	81235	96544	131891	184372	363608	406912	440243	449083	474683	488363	510885	
A	67	2	5	6	7	8	9	10	11	12	13	14	15	16	17	18	19	20	21	22	23	24	25	26	27	28	29	30	31	32	33	34	35	36	37	38	39	40	41	
A	67	1989	2433	2748	4378	4863	4867	5198	5603	6051	6327	6643	7453	7691	8485	10527	11516	14913	15645	17989	21510	23158	27570	35464	39031	42287	54806	65789	83159	98920	135152	189474	373046	415336	446376	454263	477940	490322	509805	
A	68	2	5	6	7	8	9	10	11	12	13	14	15	16	17	18	19	20	21	22	23	24	25	26	27	28	29	30	31	32	33	34	35	36	37	38	39	40	41	
A	68	2299	2774	3089	4816	5332	5334	5711	6071	6594	6830	7107	7966	8225	9117	11172	12171	15479	16169	18555	22076	23793	28424	36340	40091	43137	55751	66869	84343	100053	136910	192846	381551	423262	452357	459380	481046	491605	508738	
A	69	2	5	6	7	8	9	10	11	12	13	14	15	16	17	18	19	20	21	22	23	24	25	26	27	28	29	30	31	32	33	34	35	36	37	38	39	40	41	
A	69	2661	3165	3448	5265	5769	5772	6173	6534	7120	7374	7637	8512	8797	9667	11827	12953	16411	17094	17985	20716	24882	29617	37456	41204	44250	57302	68609	86427	102969	141006	197872	392626	433548	461336	467566	487215	496611	511249	
A	70	2	5	6	7	8	9	10	11	12	13	14	15	16	17	18	19	20	21	22	23	24	25	26	27	28	29	30	31	32	33	34	35	36	37	38	39	40	41	
A	70	3066	3596	3864	5630	6059	6060	6489	6802	7362	7585	7846	8819	9108	10043	12236	13377	16962	17554	18392	21147	25453	30426	38257	42324	45080	58581	69906	87941	104524	143548	201812	401252	441041	466800	472439	490442	498533	511364	
A	71	2	5	6	7	8	9	10	11	12	13	14	15	16	17	18	19	20	21	22	23	24	25	26	27	28	29	30	31	32	33	34	35	36	37	38	39	40	41	
A	71	3346	3883	4124	5922	6328	6329	6779	7113	7691	7919	8165	9162	9444	10333	12568	13849	17546	18108	18859	21788	26284	31536	39191	43338	45910	59507	70779	89074	105742	144928	204389	406565	445286	469095	474074	490483	497404	508220	
A	72	2	5	6	7	8	9	10	11	12	13	14	15	16	17	18	19	20	21	22	23	24	25	26	27	28	29	30	31	32	33	34	35	36	37	38	39	40	41	
A	72	3849	4399	4621	6472	6956	6957	7407	7710	8319	8507	8706	9796	10093	11022	13314	14602	18346	18857	19576	22655	27265	32770	40493	44878	47292	61314	72883	91497	108548	148632	209251	415904	454040	476201	480551	495648	501609	510930	
A	73	2	5	6	7	8	9	10	11	12	13	14	15	16	17	18	19	20	21	22	23	24	25	26	27	28	29	30	31	32	33	34	35	36	37	38	39	40	41	
A	73	4249	4893	5144	7537	7999	8000	8533	8867	9564	9744	9960	11136	11447	12476	14966	16335	20305	20800	21500	24600	29358	35259	42834	47309	49526	64150	75813	94952	112154	152589	215229	423319	460359	480650	484495	497857	502965	510674	
A	74	2	5	6	7	8	10	11	12	13	14	15	16	17	18	19	20	21	22	23	24	25	26	27	28	29	30	31	32	33	34	35	36	37	38	39	40	41	
A	74	4621	5294	5512	7824	8282	8827	9143	9821	10010	10208	11453	11797	12840	15485	17042	21195	21678	22330	25513	30872	37189	41487	49540	51698	66763	78488	98272	115845	157063	220573	428629	464315	482838	486198	498421	502631	509097	
A	75	2	5	6	7	8	9	10	11	12	13	14	15	16	17	18	19	20	21	22	23	24	25	26	27	28	29	30	31	32	33	34	35	36	37	38	39	40	41	
A	75	5060	5680	5829	7813	8382	8383	9577	10164	10778	11082	11219	12948	13205	14690	17036	19891	26159	26837	27737	32288	39905	50246	57078	69504	72795	97871	115993	148357	180615	232831	331603	461315	482476	492725	495549	506280	509331	510747	
A	76	2	5	6	7	8	10	11	12	13	14	15	16	17	18	19	20	21	22	23	24	25	26	27	28	29	30	31	32	33	34	35	36	37	38	39	40	41	
A	76	5281	5910	6056	8155	8624	9446	9812	10507	10684	10807	12240	12528	13758	16070	18134	23087	23534	24183	27888	34260	41853	46509	56917	59185	79066	94067	120612	145926	199365	290784	455814	480666	493204	495595	506152	509473	511048	
A	77	2	5	6	7	8	10	11	12	13	14	15	16	17	18	19	20	21	22	23	24	25	26	27	28	29	30	31	32	33	34	35	36	37	38	39	40	41	
A	77	5649	6280	6411	8206	8576	9230	9511	10166	10294	10420	11787	12062	13195	15345	17116	21428	21815	22361	25603	31294	38091	41719	50683	52426	69362	81746	103497	123893	169899	244381	448736	478001	492017	494169	503351	506093	508626	
A	78	2	5	6	7	8	10	11	12	13	14	15	16	17	18	19	20	21	22	23	24	25	26	27	28	29	30	31	32	33	34	35	36	37	38	39	40	41	
A	78	5960	6577	6692	8496	8819	9427	9617	10268	10378	10481	11832	12149	13216	15448	17198	21186	21488	22047	25209	30599	37054	40178	48902	50353	65951	77662	97769	116041	159996	228001	450181	482231	496043	497889	505942	507952	510650	
A	79	2	5	6	7	8	9	10	11	12	13	14	15	16	17	18	19	20	21	22	23	24	25	26	27	28	29	30	31	32	33	34	35	36	37	38	39	40	41	
A	79	6482	7107	7205	9014	9348	9349	9930	10179	10853	10928	11020	12280	12572	13620	15786	17532	21468	21746	22215	25255	30673	36974	39727	48497	49673	64861	76039	95709	113494	156555	222522	452223	484897	497985	499445	506604	508098	510383	
A	80	2	5	6	7	8	10	11	12	13	14	15	16	17	18	19	20	21	22	23	24	25	26	27	28	29	30	31	32	33	34	35	36	37	38	39	40	41	
A	80	6867	7513	7609	9404	9720	10331	10527	11197	11281	11367	12710	13022	14044	16305	17946	21759	21994	22430	25505	30820	37216	39776	48645	49672	64723	75769	94852	112195	154646	220047	452911	486083	498131	499344	505649	506807	508604	
A	81	2	5	6	7	8	10	11	12	13	14	15	16	17	18	19	20	21	22	23	24	25	26	27	28	29	30	31	32	33	34	35	36	37	38	39	40	41	
A	81	7366	8022	8089	9846	10151	10745	10924	11622	11682	11766	13115	13407	14448	16749	18474	22296	22538	22957	26088	31684	38277	40590	49477	50404	65506	76496	95811	113316	156163	221664	458708	491451	502385	503439	508824	509671	511041	
A	82	2	5	6	7	8	10	11	12	13	14	15	16	17	18	19	20	21	22	23	24	25	26	27	28	29	30	31	32	33	34	35	36	37	38	39	40	41	
A	82	7881	8548	8624	10480	10763	11421	11599	12283	12334	12411	13794	14098	15199	17647	19537	23349	23554	23984	27038	32694	39447	41533	50601	51470	66780	77798	97169	114852	157920	224344	461087	492979	503118	503938	508662	509293	510237	
A	83	2	5	6	7	8	9	10	11	12	13	14	15	16	17	18	19	20	21	22	23	24	25	26	27	28	29	30	31	32	33	34	35	36	37	38	39	40	41	
A	83	8301	8967	9018	10834	11135	11136	11798	11948	12693	12744	12800	14194	14514	15538	17865	19650	23527	23710	24134	27345	33046	39914	41836	51141	51974	67582	78482	97876	115466	158369	225235	461527	492807	501969	502632	506585	507051	507736	
A	84	2	5	6	7	8	10	11	12	13	14	15	16	17	18	19	20	21	22	23	24	25	26	27	28	29	30	31	32	33	34	35	36	37	38	39	40	41	
A	84	9072	9806	9853	11763	12039	12718	12858	13617	13667	13733	15167	15497	16588	19092	21065	24896	25041	25431	28643	34557	41526	43330	52973	53695	69517	80433	100262	118294	161944	229632	467480	498142	506266	506852	510156	510453	510912	
A	85	2	5	6	7	8	9	10	11	12	13	14	15	16	17	18	19	20	21	22	23	24	25	26	27	28	29	30	31	32	33	34	35	36	37	38	39	40	41	
A	85	9747	10477	10530	12430	12708	12709	13381	13507	14312	14352	14401	15906	16246	17387	19837	21867	25704	25860	26265	29547	35375	42644	44413	54116	54726	70655	81753	101499	119738	163779	232223	469876	499640	507034	507445	510195	510400	510688	
A	86	2	5	6	7	8	10	11	12	13	14	15	16	17	18	19	20	21	22	23	24	25	26	27	28	29	30	31	32	33	34	35	36	37	38	39	40	41	
A	86	10484	11222	11273	13209	13498	14162	14291	15075	15099	15150	16613	16935	18124	20664	22739	26577	26723	27156	30434	36420	43717	45339	55290	55840	71811	82914	103004	121321	165185	234409	470082	499412	505780	506114	508195	508314	508519	
A	87	2	5	6	7	8	9	10	11	12	13	14	15	16	17	18	19	20	21	22	23	24	25	26	27	28	29	30	31	32	33	34	35	36	37	38	39	40	41	
A	87	11343	12056	12106	14045	14311	14312	15024	15127	15894	15919	15970	17483	17833	19011	21561	23754	27639	27753	28149	31477	37595	44953	46318	56437	56948	73387	84553	105097	123533	168207	238278	474629	503642	509354	509597	511214	511306	511418	
A	88	2	5	6	7	8	9	10	11	12	13	14	15	16	17	18	19	20	21	22	23	24	25	26	27	28	29	30	31	32	33	34	35	36	37	38	39	40	41	
A	88	12317	13068	13092	14967	15217	15218	15880	15974	16785	16804	16846	18340	18695	19893	22502	24643	28507	28612	28988	32353	38436	46034	47317	57575	58013	74782	86225	106886	125330	169592	240255	474916	502999	507918	508103	509258	509320	509388	
A	89	2	5	6	7	8	9	10	11	12	13	14	15	16	17	18	19	20	21	22	23	24	25	26	27	28	29	30	31	32	33	34	35	36	37	38	39	40	41	
A	89	13190	13929	13961	15854	16106	16107	16778	16842	17647	17666	17692	19243	19612	20757	23436	25637	29474	29569	29947	33281	39477	47203	48325	58650	59035	75480	87023	107851	126642	171149	242382	475633	502943	507161	507285	508114	508142	508177	
A	90	2	5	6	7	8	10	11	12	13	14	15	16	17	18	19	20	21	22	23	24	25	26	27	28	29	30	31	32	33	34	35	36	37	38	39	40	41	
A	90	14401	15167	15186	17020	17261	17940	18010	18795	18816	18848	20402	20794	21881	24538	26804	30721	30798	31229	34702	41051	48820	49849	60460	60834	77673	89234	110365	129507	174741	247184	478926	505818	509384	509471	510064	510077	510091	
A	91	2	5	6	7	8	10	11	12	13	14	15	16	17	18	19	20	21	22	23	24	25	26	27	28	29	30	31	32	33	34	35	36	37	38	39	40	41	
A	91	15681	16416	16437	18217	18496	19161	19227	20042	20062	20085	21562	21926	23105	25910	28206	32145	32216	32639	36171	42544	50576	51521	62312	62676	79862	91694	113234	132551	178202	252020	481331	506961	509931	510001	510419	510423	510429	
A	92	2	5	6	7	8	10	11	12	13	14	15	16	17	18	19	20	21	22	23	24	25	26	27	28	29	30	31	32	33	34	35	36	37	38	39	40	41	
A	92	16449	17155	17174	19152	19364	20061	20125	20963	20974	20991	22559	23023	24154	27072	29415	33310	33378	33800	37312	43868	52016	52918	63753	64061	81568	93318	114962	134637	179774	253593	479724	504751	507123	507159	507430	507431	507432	
A	93	2	5	6	7	8	9	10	11	12	13	14	15	16	17	18	19	20	21	22	23	24	25	26	27	28	29	30	31	32	33	34	35	36	37	38	39	40	41	
A	93	18572	19276	19289	21011	21228	21229	22180	22311	23163	23172	23190	24799	25180	26366	29098	31329	35168	35228	35605	39069	45554	53680	54510	65735	65979	83445	95255	117300	137446	183846	258836	485159	509838	511796	511828	512007	512008	512009	
A	94	2	5	6	7	8	10	11	12	13	14	15	16	17	18	19	20	21	22	23	24	25	26	27	28	29	30	31	32	33	34	35	36	37	38	39	
A	94	20345	21001	21014	22696	22879	23565	23622	23631	24417	24432	25921	26297	27610	30344	32576	36407	36452	36851	40475	46983	54811	55578	66609	66838	84280	96078	118166	137950	183337	258850	484328	508345	509907	509927	510036	
A	95	2	5	6	7	8	10	11	12	13	14	15	16	17	18	19	20	21	22	23	24	25	26	27	28	29	30	31	32	33	34	35	36	37	38	39	
A	95	22162	22765	22773	24207	24399	24931	24980	24993	25760	25769	27259	27634	28777	31482	33692	37463	37495	37870	41449	47967	55875	56519	67629	67807	85420	97475	119674	139633	185215	260285	483596	507169	508362	508371	508437	
A	96	2	5	6	7	8	10	11	12	13	14	15	16	17	18	19	20	21	22	23	24	25	26	27	28	29	30	31	32	33	34	35	36	37	38	39	
A	96	24572	25046	25052	26259	26377	26781	26810	26814	27482	27491	28869	29252	30257	32858	35032	38637	38663	39069	42480	48919	56885	57427	68940	69117	86434	98816	121353	141241	187137	263099	486166	509378	510376	510385	510417	
A	97	2	5	6	7	8	10	11	12	13	14	15	16	17	18	19	20	21	22	23	24	25	26	27	28	29	30	31	32	33	34	35	36	37	38	39	
A	97	27923	28201	28206	29050	29142	29405	29424	29425	29929	29933	31194	31522	32521	35010	37068	40509	40530	40964	44395	50783	58689	59219	70419	70572	87935	100220	123251	143644	189822	266297	487917	510574	511396	511398	511417	
A	98	2	5	7	8	10	11	12	13	14	15	16	17	18	19	20	21	22	23	24	25	26	27	28	29	30	31	32	33	34	35	36	37	38	39	
A	98	31349	31420	31781	31807	31915	31919	31921	32194	32195	33355	33733	34579	36970	38727	41944	41957	42322	45457	51710	59381	59796	70916	71069	88347	100650	123478	143809	189710	266393	485939	508448	509017	509020	509032	
A	99	2	13	14	15	16	17	18	19	20	21	22	23	24	25	26	27	28	29	30	31	32	33	34	35	36	37	38	39	
A	99	36191	36207	36208	37229	37608	38372	40936	42620	45598	45615	46058	49079	55160	62448	62831	73582	73715	90851	103234	126223	146753	193198	270774	487963	509432	509893	509895	509901	
T	0	10	16	19	22	23	25	26	27	28	30	31	33	34	
T	0	463	1450	1460	1831	3224	4334	9313	16757	20058	46047	230384	257452	561928	
T	1	10	16	19	22	23	25	26	27	28	30	31	33	34	
T	1	337	1748	1815	2142	3276	5140	8752	14862	19185	42962	194418	221102	524505	
T	2	10	16	19	22	23	25	26	27	28	30	31	33	34	
T	2	624	2245	2270	2710	4186	6687	10696	17360	23171	49324	199499	231679	539644	
T	3	10	16	19	22	25	26	27	28	29	30	31	32	33	35	37	
T	3	469	881	1909	2214	3566	5170	5266	8989	9028	14093	14206	23518	39119	168455	544108	
T	4	10	16	19	22	25	26	27	28	29	30	31	32	33	35	37	
T	4	752	1412	2716	3133	5079	7270	7370	12015	12051	18268	18355	29175	47158	183589	549566	
T	5	8	10	11	15	16	17	18	19	21	22	23	25	26	27	28	29	30	31	32	33	35	36	37	
T	5	122	508	683	959	1097	2226	2406	2732	2779	2804	3447	5325	7092	7317	10746	11816	17598	20203	31326	45778	164715	174960	512610	
T	6	6	8	10	11	15	16	17	18	19	21	22	23	25	26	27	28	29	30	31	32	33	35	36	37	
T	6	1	164	571	758	1064	1227	2256	2412	2730	2778	2802	3453	5348	7168	7715	10795	11868	17844	20564	31863	46710	167695	178565	528223	
T	7	6	8	10	11	15	16	17	18	19	21	22	23	25	26	27	28	29	30	31	32	33	35	36	37	
T	7	2	153	566	777	1069	1216	2308	2484	2826	2874	2896	3584	5611	7380	8599	11132	12118	18145	20821	31921	46736	167285	177902	524822	
T	8	7	8	10	11	13	15	16	17	18	19	20	21	22	23	24	25	26	27	28	29	30	31	32	33	34	35	36	37	38	39	
T	8	2	181	655	879	880	1232	1384	2601	2787	3087	3088	3134	3167	3823	3824	5861	6369	9446	11443	12487	18706	20687	30337	38244	47859	80984	81028	150179	173458	536355	
T	9	6	8	10	11	12	15	16	17	18	19	20	21	22	23	24	25	26	27	28	29	30	31	32	33	34	35	36	37	38	39	
T	9	4	200	648	884	890	1216	1376	2516	2732	3056	3059	3113	3148	3906	3913	6130	6646	10524	11857	12957	19128	21016	30763	38893	48145	80737	80779	148014	171667	518818	
T	10	6	7	8	10	11	13	15	16	17	18	19	20	21	22	23	24	25	26	27	28	29	30	31	32	33	34	35	36	37	38	39	
T	10	3	7	196	734	963	968	1300	1482	2709	2927	3270	3276	3346	3380	4129	4136	6386	6952	11537	12264	13407	19972	21989	31887	39978	49597	82784	82823	150373	174105	520866	
T	11	5	6	7	8	9	10	11	12	13	14	15	16	17	18	19	20	21	22	23	24	25	26	27	28	29	30	31	32	33	34	35	36	37	38	39	
T	11	1	4	5	202	207	712	941	948	952	954	1292	1486	2696	2896	3267	3276	3368	3416	4184	4214	6438	7000	12114	12372	13484	20367	22146	32006	40266	49754	82901	82940	150487	174663	519213	
T	12	6	7	8	9	10	11	12	13	14	15	16	17	18	19	20	21	22	23	24	25	26	27	28	29	30	31	32	33	34	35	36	37	38	39	
T	12	5	9	204	217	762	992	998	999	1002	1337	1549	2752	3005	3360	3374	3455	3507	4364	4413	6653	7278	12477	12652	13846	21086	22994	33292	41699	51342	85379	85427	153512	178433	518643	
T	13	6	7	8	9	10	11	12	13	14	15	16	17	18	19	20	21	22	23	24	25	26	27	28	29	30	31	32	33	34	35	36	37	38	39	40	41	
T	13	8	9	238	244	788	1040	1046	1048	1049	1111	1533	2847	3079	3449	3465	3550	3599	4097	4517	6854	7478	12689	12829	14055	18022	23339	31427	40060	50349	56213	78930	101799	153615	198497	292628	520025	
T	14	5	6	7	8	9	10	11	12	13	14	15	16	17	18	19	20	21	22	23	24	25	26	27	28	29	30	31	32	33	34	35	36	37	38	39	40	41	
T	14	1	12	15	284	310	899	1120	1128	1136	1139	1207	1641	3003	3245	3650	3666	3772	3824	4383	4885	7257	7936	13215	13388	14608	18650	23855	31948	40842	51319	57395	80227	103343	155229	200125	294524	520747	
T	15	5	6	7	8	9	10	11	12	13	14	15	16	17	18	19	20	21	22	23	24	25	26	27	28	29	30	31	32	33	34	35	36	37	38	39	40	41	
T	15	1	5	12	270	296	868	1071	1079	1087	1089	1169	1665	2971	3237	3622	3643	3757	3817	4435	4976	7419	8079	13347	13508	14747	19065	24496	32753	41757	52263	58738	81767	105487	158158	202961	298222	522997	
T	16	5	6	7	8	9	10	11	12	13	14	15	16	17	18	19	20	21	22	23	24	25	26	27	28	29	30	31	32	33	34	35	36	37	38	39	40	41	
T	16	1	15	19	341	406	1082	1341	1353	1363	1371	1493	2033	3322	3598	4052	4072	4192	4261	4903	5609	8155	8851	14171	14387	15679	20358	25932	34276	43593	54410	61122	84235	108011	161325	205921	301292	522637	
T	17	6	7	8	9	10	11	12	13	14	15	16	17	18	19	20	21	22	23	24	25	26	27	28	29	30	31	32	33	34	35	36	37	38	39	40	41	
T	17	19	28	341	408	998	1239	1254	1266	1272	1406	2004	3343	3630	4061	4093	4243	4317	5021	5759	8390	9129	14304	14501	15744	20840	26209	34270	43808	54423	61597	84610	108568	161946	207201	302679	520501	
T	18	6	7	8	9	10	11	12	13	14	15	16	17	18	19	20	21	22	23	24	25	26	27	28	29	30	31	32	33	34	35	36	37	38	39	40	41	
T	18	16	27	396	482	1037	1250	1263	1269	1272	1424	1947	2291	3583	4040	4072	4251	4344	5076	6027	8689	9463	14529	14800	16165	21686	27260	34948	41605	55436	63038	82296	106749	149762	204119	302330	520431	
T	19	5	6	7	8	9	10	11	12	13	14	15	16	17	18	19	20	21	22	23	24	25	26	27	28	29	30	31	32	33	34	35	36	37	38	39	40	41	
T	19	2	27	43	492	631	1297	1565	1593	1613	1627	1829	2497	2841	4094	4572	4620	4820	4929	5809	6961	9740	10544	15679	15961	17402	23485	29149	36861	43566	57434	65572	84735	109370	153664	208189	306106	519564	
T	20	5	6	7	8	9	10	11	12	13	14	15	16	17	18	19	20	21	22	23	24	25	26	27	28	29	30	31	32	33	34	35	36	37	38	39	40	41	
T	20	4	37	65	529	697	1253	1436	1460	1482	1503	1783	2552	2965	4085	4550	4599	4869	4992	5873	7120	9957	10788	15615	15918	17365	23871	29481	37104	44012	57778	66552	85637	110609	155091	210126	308190	518636	
T	21	5	6	7	8	9	10	11	12	13	14	15	16	17	18	19	20	21	22	23	24	25	26	27	28	29	30	31	32	33	34	35	36	37	38	39	40	41	
T	21	2	35	61	518	719	1318	1460	1494	1519	1542	1877	2646	3062	4096	4577	4631	4957	5095	6008	7472	10326	11246	15881	16225	17745	24654	30585	37867	45056	58895	68452	87640	112721	158829	214051	311951	518958	
T	22	5	6	7	8	9	10	11	12	13	14	15	16	17	18	19	20	21	22	23	24	25	26	27	28	29	30	31	32	33	34	35	36	37	38	39	40	41	
T	22	3	42	69	541	803	1283	1421	1466	1497	1531	1929	2716	3151	3949	4445	4528	4882	5053	6011	7570	10390	11399	15684	16075	17469	24995	30936	37986	45402	58903	69114	88194	113228	160301	215441	313827	517909	
T	23	5	6	7	8	9	10	11	12	13	14	15	16	17	18	19	20	21	22	23	24	25	26	27	28	29	30	31	32	33	34	35	36	37	38	39	40	41	
T	23	3	60	98	594	859	1298	1410	1463	1505	1547	1984	2848	3276	3969	4452	4545	4994	5190	6189	7891	10798	11784	15774	16215	17666	25631	31482	37873	45371	58673	69882	88448	113717	162252	213590	312720	517797	
T	24	5	6	7	8	9	10	11	12	13	14	15	16	17	18	19	20	21	22	23	24	25	26	27	28	29	30	31	32	33	34	35	36	37	38	39	40	41	
T	24	3	57	106	614	959	1344	1445	1506	1556	1593	2077	2902	3299	3893	4387	4496	4966	5183	6230	8167	11202	12363	16081	16559	18071	26747	32840	38923	47179	60218	72248	90913	116015	165906	215914	314957	516234	
T	25	5	6	7	8	9	10	11	12	13	14	15	16	17	18	19	20	21	22	23	24	25	26	27	28	29	30	31	32	33	34	35	36	37	38	39	40	41	
T	25	5	88	169	926	1433	1867	1971	2064	2145	2207	2894	3892	4347	4949	5492	5629	6198	6461	7564	9591	12550	13785	17354	17943	19578	28707	34977	40918	49517	62350	75461	93763	119394	169647	218807	319031	516217	
T	26	5	6	7	8	9	10	11	12	13	14	15	16	17	18	19	20	21	22	23	24	25	26	27	28	29	30	31	32	33	34	35	36	37	38	39	40	41	
T	26	4	110	225	991	1625	2059	2149	2244	2338	2424	3206	4263	4676	5249	5817	5971	6579	6909	8097	10342	13414	14765	18218	18906	20506	30036	36673	42087	51083	63489	77484	95557	121300	173147	221197	323044	514164	
T	27	5	6	7	8	9	10	11	12	13	14	15	16	17	18	19	20	21	22	23	24	25	26	27	28	29	30	31	32	33	34	35	36	37	38	39	40	41	
T	27	6	122	253	1091	1794	2152	2235	2349	2481	2579	3485	4510	4915	5429	6022	6206	6911	7318	8574	10960	14175	15707	19052	19865	21569	31601	38566	43829	53642	66074	81285	99080	124930	177349	224410	327776	514524	
T	28	5	6	7	8	9	10	11	12	13	14	15	16	17	18	19	20	21	22	23	24	25	26	27	28	29	30	31	32	33	34	35	36	37	38	39	40	41	
T	28	4	147	326	1175	1878	2166	2225	2361	2510	2654	3572	4621	4992	5494	6083	6326	7179	7619	8935	11478	14590	16252	19413	20344	22192	32812	40013	45345	55531	67711	84051	101764	128314	182505	228385	332446	515233	
T	29	5	6	7	8	9	10	11	12	13	14	15	16	17	18	19	20	21	22	23	24	25	26	27	28	29	30	31	32	33	34	35	36	37	38	39	40	41	
T	29	9	199	421	1411	2306	2587	2651	2800	2955	3099	4223	5235	5573	6059	6749	7030	7938	8449	9913	12574	15770	17566	20724	21791	23702	34475	41908	47343	58171	70180	87362	104869	131603	186376	231858	336673	514454	
T	30	5	6	7	8	9	10	11	12	13	14	15	16	17	18	19	20	21	22	23	24	25	26	27	28	29	30	31	32	33	34	35	36	37	38	39	40	41	
T	30	16	233	498	1442	2506	2710	2775	2979	3184	3372	4541	5559	5837	6354	7048	7358	8309	8920	10410	13059	16221	18249	21286	22590	24569	35722	43516	48769	60550	72615	90271	107509	134589	190120	235558	340154	513003	
T	31	5	6	7	8	9	10	11	12	13	14	15	16	17	18	19	20	21	22	23	24	25	26	27	28	29	30	31	32	33	34	35	36	37	38	39	40	41	
T	31	18	274	565	1638	2699	2840	2913	3164	3425	3658	4979	5949	6183	6728	7482	7843	8936	9684	11359	14227	17338	19639	22757	24351	26410	37754	46040	51277	63648	75783	94829	111987	139460	195457	240238	345000	513710	
T	32	5	6	7	8	9	10	11	12	13	14	15	16	17	18	19	20	21	22	23	24	25	26	27	28	29	30	31	32	33	34	35	36	37	38	39	40	41	
T	32	12	323	660	1730	2840	2962	3042	3328	3634	3920	5276	6174	6386	6936	7750	8202	9331	10154	11941	14988	18149	20725	23871	25690	27876	39144	47794	53213	66400	78452	98276	115716	143844	201071	245483	350013	512264	
T	33	5	6	7	8	9	10	11	12	13	14	15	16	17	18	19	20	21	22	23	24	25	26	27	28	29	30	31	32	33	34	35	36	37	38	39	40	41	
T	33	16	333	743	1906	3142	3228	3327	3649	4007	4323	5737	6629	6834	7454	8272	8821	10017	10963	12955	16114	19108	21913	25056	27202	29526	40942	49854	55576	69211	81413	101750	119183	147652	205290	249667	354060	511925	
T	34	5	6	7	8	9	10	11	12	13	14	15	16	17	18	19	20	21	22	23	24	25	26	27	28	29	30	31	32	33	34	35	36	37	38	39	40	41	
T	34	25	426	893	1945	3124	3169	3271	3625	4076	4457	5919	6747	6941	7623	8587	9225	10439	11521	13624	16855	19767	23031	26116	28698	31044	42415	51813	57659	72046	84537	105897	123608	152817	211146	255722	359739	512639	
T	35	5	6	7	8	9	10	11	12	13	14	15	16	17	18	19	20	21	22	23	24	25	26	27	28	29	30	31	32	33	34	35	36	37	38	39	40	41	
T	35	18	449	986	2179	3446	3493	3637	4008	4502	4920	6347	7088	7242	7997	8946	9624	10917	12102	14352	17714	20420	24047	27102	30056	32632	43987	53532	59724	74396	86944	108973	127092	156915	215117	259950	363963	512285	
T	36	5	6	7	8	9	10	11	12	13	14	15	16	17	18	19	20	21	22	23	24	25	26	27	28	29	30	31	32	33	34	35	36	37	38	39	40	41	
T	36	31	522	1151	2326	3546	3590	3738	4210	4782	5263	6758	7392	7542	8286	9247	10118	11443	12765	15089	18508	21049	24884	27869	31188	33980	45268	55480	62086	77468	90690	113429	131925	162171	220785	265971	368650	511686	
T	37	5	6	7	8	9	10	11	12	13	14	15	16	17	18	19	20	21	22	23	24	25	26	27	28	29	30	31	32	33	34	35	36	37	38	39	40	41	
T	37	34	643	1363	2662	4027	4061	4233	4770	5437	6042	7562	8182	8374	9222	10366	11367	12797	14357	16920	20449	22817	27144	30387	34272	37237	48312	58930	66078	82014	95954	119249	138517	168990	227125	271952	373835	511924	
T	38	5	6	7	8	9	10	11	12	13	14	15	16	17	18	19	20	21	22	23	24	25	26	27	28	29	30	31	32	33	34	35	36	37	38	39	40	41	
T	38	54	698	1552	2980	4412	4439	4661	5251	6010	6629	8099	8644	8843	9767	10944	12049	13370	14994	18050	21597	23803	28475	31664	35962	39219	50039	61184	68795	85354	99828	123829	144073	175010	231957	278579	378646	510153	
T	39	5	6	7	8	9	10	11	12	13	14	15	16	17	18	19	20	21	22	23	24	25	26	27	28	29	30	31	32	33	34	35	36	37	38	39	40	41	
T	39	48	610	1330	2472	3431	3471	3755	4417	5351	5946	7429	7893	8035	8915	9895	11199	12433	14378	17421	20767	23007	27922	30653	35691	38611	49731	60768	68317	84747	99148	124482	143429	176865	228009	278767	368600	511891	
T	40	5	6	7	8	9	10	11	12	13	14	15	16	17	18	19	20	21	22	23	24	25	26	27	28	29	30	31	32	33	34	35	36	37	38	39	40	41	
T	40	62	695	1445	2640	3580	3626	3955	4709	5646	6330	7635	8020	8215	9164	10106	11594	12895	14892	18033	21474	23493	28877	31709	37375	40578	51222	62634	70991	88026	103740	129446	149893	184025	235054	287433	374570	512259	
T	41	5	6	7	8	9	10	11	12	13	14	15	16	17	18	19	20	21	22	23	24	25	26	27	28	29	30	31	32	33	34	35	36	37	38	39	40	41	
T	41	66	758	1547	2676	3399	3458	3781	4489	5438	6076	7329	7652	7862	8833	9766	11397	12601	14577	17827	20982	22726	28502	31348	37153	40780	50974	63035	71719	88685	104976	131506	153158	187375	237416	290507	376215	510396	
T	42	5	6	7	8	9	10	11	12	13	14	15	16	17	18	19	20	21	22	23	24	25	26	27	28	29	30	31	32	33	34	35	36	37	38	39	40	41	
T	42	48	503	1102	1974	2532	2588	2939	3641	4615	5198	6250	6475	6649	7473	8232	9841	10918	12967	15821	18787	20324	25532	28032	34100	37505	46915	57968	66282	82960	99725	127592	149162	185366	229105	287497	370123	510678	
T	43	5	6	7	8	9	10	11	12	13	14	15	16	17	18	19	20	21	22	23	24	25	26	27	28	29	30	31	32	33	34	35	36	37	38	39	40	41	
T	43	40	509	1127	2019	2550	2609	2963	3542	4489	5006	5911	6124	6312	7208	7944	9441	10450	12459	15248	17924	19273	24513	26814	32583	36046	44323	55197	63573	79392	96688	126343	149731	185501	227313	285996	367559	510700	
T	44	5	6	7	8	9	10	11	12	13	14	15	16	17	18	19	20	21	22	23	24	25	26	27	28	29	30	31	32	33	34	35	36	37	38	39	40	41	
T	44	63	506	1094	1974	2384	2443	2807	3395	4319	4852	5588	5754	5935	6811	7491	9244	10182	12102	15050	17522	18764	24076	26274	32025	35689	43741	54577	63165	78841	96815	129285	154346	190847	230505	287937	366439	509376	
T	45	5	6	7	8	9	10	11	12	13	14	15	16	17	18	19	20	21	22	23	24	25	26	27	28	29	30	31	32	33	34	35	36	37	38	39	40	41	
T	45	59	476	1091	1975	2328	2391	2773	3365	4329	4853	5556	5691	5898	6809	7529	9330	10263	12286	15114	17558	18736	24377	26623	32730	36674	44397	55313	64334	80316	99658	135084	161749	199388	237591	295254	370677	510405	
T	46	5	6	7	8	9	10	11	12	13	14	15	16	17	18	19	20	21	22	23	24	25	26	27	28	29	30	31	32	33	34	35	36	37	38	39	40	41	
T	46	68	528	1206	2059	2389	2462	2840	3400	4375	4835	5439	5582	5792	6771	7485	9366	10273	12251	15214	17579	18795	24605	26829	32959	37228	44830	56032	65552	81753	102465	140990	169276	208118	244762	302488	374719	510593	
T	47	5	6	7	8	9	10	11	12	13	14	15	16	17	18	19	20	21	22	23	24	25	26	27	28	29	30	31	32	33	34	35	36	37	38	39	40	41	
T	47	83	652	1493	2572	2945	3029	3542	4127	5214	5762	6337	6472	6763	7959	8738	10810	11760	14064	17211	19707	20891	27285	29595	36188	41030	48753	60485	70489	87307	109343	151174	181744	221590	256894	314118	382973	511534	
T	48	5	6	7	8	9	10	11	12	13	14	15	16	17	18	19	20	21	22	23	24	25	26	27	28	29	30	31	32	33	34	35	36	37	38	39	40	41	
T	48	89	604	1507	2604	2907	3021	3540	4173	5330	5867	6494	6616	6876	8103	8903	11163	12186	14623	17482	20424	21566	28193	30837	37546	42730	50757	63063	73726	91215	114493	159647	191984	232390	264775	324118	389457	510170	
T	49	5	6	7	8	9	10	11	12	13	14	15	16	17	18	19	20	21	22	23	24	25	26	27	28	29	30	31	32	33	34	35	36	37	38	39	40	41	
T	49	107	621	1503	2517	2792	2904	3508	4143	5355	5879	6473	6592	6878	8225	8960	11520	12570	14873	17720	20629	21714	28592	31108	38011	43678	52046	64743	75604	93386	118568	167957	202413	243901	274462	333748	395449	510469	
T	50	5	6	7	8	9	10	11	12	13	14	15	16	17	18	19	20	21	22	23	24	25	26	27	28	29	30	31	32	33	34	35	36	37	38	39	40	41	
T	50	111	611	1458	2401	2614	2752	3353	3947	5153	5666	6229	6342	6695	8083	8719	11272	12283	14761	17638	20712	21897	28960	31704	38807	44635	53045	65968	77405	95682	122438	176199	212283	255154	284447	343478	401442	509620	
T	51	5	6	7	8	9	10	11	12	13	14	15	16	17	18	19	20	21	22	23	24	25	26	27	28	29	30	31	32	33	34	35	36	37	38	39	40	41	
T	51	124	613	1487	2483	2652	2817	3450	4027	5175	5620	6152	6244	6607	8074	8733	11457	12483	14998	17869	20917	22071	29387	32067	39169	45436	53939	67102	79051	97957	126376	185588	223857	267699	295209	353838	408694	510883	
T	52	5	6	7	8	9	10	11	12	13	14	15	16	17	18	19	20	21	22	23	24	25	26	27	28	29	30	31	32	33	34	35	36	37	38	39	40	41	
T	52	132	651	1592	2539	2687	2847	3502	4055	5179	5565	6023	6121	6500	8152	8740	11704	12710	15233	18100	21210	22369	29743	32547	39312	46010	54675	68304	80521	99981	130252	194975	235641	280220	305936	363500	414482	510679	
T	53	5	6	7	8	9	10	11	12	13	14	15	16	17	18	19	20	21	22	23	24	25	26	27	28	29	30	31	32	33	34	35	36	37	38	39	40	41	
T	53	149	660	1691	2611	2749	2928	3651	4191	5296	5709	6217	6333	6750	8453	9028	12091	13084	15588	18558	21856	23072	30889	33801	40749	47764	56963	71219	84107	104167	135979	205960	248025	292526	316889	373293	420653	509307	
T	54	5	6	7	8	9	10	11	12	13	14	15	16	17	18	19	20	21	22	23	24	25	26	27	28	29	30	31	32	33	34	35	36	37	38	39	40	41	
T	54	175	731	1907	2903	3023	3285	4035	4570	5729	6174	6756	6851	7278	9151	9729	12897	14174	16808	19794	21995	24608	32642	35691	42382	50016	59220	73515	86737	107736	142178	218000	261799	305911	329207	384272	428433	510398	
T	55	5	6	7	8	9	10	11	12	13	14	15	16	17	18	19	20	21	22	23	24	25	26	27	28	29	30	31	32	33	34	35	36	37	38	39	40	41	
T	55	185	675	1869	2818	2920	3193	4001	4502	5641	6065	6657	6760	7222	9297	9829	13157	14425	17108	20231	22450	25221	33595	36801	43660	51741	61352	76393	90372	112278	148106	230184	275448	320049	341469	394689	435075	510205	
T	56	5	6	7	8	9	10	11	12	13	14	15	16	17	18	19	20	21	22	23	24	25	26	27	28	29	30	31	32	33	34	35	36	37	38	39	40	41	
T	56	205	702	1952	2922	2999	3300	4141	4643	5685	6118	6724	6828	7380	9482	9944	13451	14772	17494	20706	22944	26009	34330	37780	44568	53087	63224	78620	92742	115550	153518	241859	288498	332740	352674	404080	440843	509758	
T	57	5	6	7	8	9	10	11	12	13	14	15	16	17	18	19	20	21	22	23	24	25	26	27	28	29	30	31	32	33	34	35	36	37	38	39	40	41	
T	57	262	781	2137	3109	3172	3502	4370	4849	5884	6257	6899	7003	7580	9814	10222	13987	15266	17800	21150	23422	26525	35010	38511	44972	53982	64141	79962	94603	118310	158409	253597	301145	345187	363705	413262	447516	510317	
T	58	5	6	7	8	9	10	11	12	13	14	15	16	17	18	19	20	21	22	23	24	25	26	27	28	29	30	31	32	33	34	35	36	37	38	39	40	41	
T	58	242	766	2196	3129	3180	3557	4433	4917	6011	6351	7012	7129	7753	10107	10486	14148	15254	18370	21182	23151	26274	36025	39716	46045	55269	65658	81901	96926	121424	163182	265096	314402	358133	374986	422320	452999	510943	
T	59	5	6	7	8	9	10	11	12	13	14	15	16	17	18	19	20	21	22	23	24	25	26	27	28	29	30	31	32	33	34	35	36	37	38	39	40	41	
T	59	243	746	2280	3243	3294	3691	4597	5070	6070	6418	7181	7315	7979	10503	10867	14622	15734	18879	21728	23711	27039	37072	40907	47099	57009	67678	84333	99598	125069	169064	276823	326635	369413	384930	429591	457469	509451	
T	60	5	6	7	8	9	10	11	12	13	14	15	16	17	18	19	20	21	22	23	24	25	26	27	28	29	30	31	32	33	34	35	36	37	38	39	40	41	
T	60	303	743	2299	3207	3239	3709	4608	5110	6085	6415	7287	7389	8117	10887	11189	15222	16387	19554	22549	24532	28031	38011	42100	48065	58139	69151	86371	102303	128382	173898	288591	339532	381535	395662	437750	463046	510217	
T	61	2	5	6	7	8	9	10	11	12	13	14	15	16	17	18	19	20	21	22	23	24	25	26	27	28	29	30	31	32	33	34	35	36	37	38	39	40	41	
T	61	248	605	1035	2718	3605	3626	4150	5161	5652	6529	6840	7765	7875	8661	11520	11817	16253	17325	20610	23649	25638	29504	39801	44243	49966	60451	71794	89375	105771	132832	180407	300739	352022	392612	405459	445092	467569	509607	
T	62	2	5	6	7	8	9	10	11	12	13	14	15	16	17	18	19	20	21	22	23	24	25	26	27	28	29	30	31	32	33	34	35	36	37	38	39	40	41	
T	62	507	877	1351	3099	3972	3987	4553	5525	5965	6848	7135	8103	8219	9072	12056	12354	16821	17861	21170	24295	26306	30432	40431	45089	50452	61329	72698	90779	107393	135813	185062	311113	362596	402367	414115	451410	471917	509390	
T	63	2	5	6	7	8	9	10	11	12	13	14	15	16	17	18	19	20	21	22	23	24	25	26	27	28	29	30	31	32	33	34	35	36	37	38	39	40	41	
T	63	772	1175	1581	3532	4497	4510	5155	6151	6644	7512	7779	8870	8996	9912	13187	13422	17952	18927	22383	25530	27613	32007	42564	47533	52829	63965	75728	94190	110986	139585	191048	322362	373765	411819	422234	456840	475015	508615	
T	64	2	5	6	7	8	9	10	11	12	13	14	15	16	17	18	19	20	21	22	23	24	25	26	27	28	29	30	31	32	33	34	35	36	37	38	39	40	41	
T	64	1107	1529	1921	3865	4784	4798	5498	6566	7082	7883	8143	9293	9448	10444	12599	13966	18699	19706	22054	26691	28710	33415	43848	47382	52149	65782	77523	96534	113924	143731	197151	334411	386096	422615	432033	463941	480115	509612	
T	65	2	5	6	7	8	9	10	11	12	13	14	15	16	17	18	19	20	21	22	23	24	25	26	27	28	29	30	31	32	33	34	35	36	37	38	39	40	41	
T	65	1373	1812	2186	4148	5013	5020	5787	6794	7287	7968	8180	9396	9543	10544	12862	14351	19272	20230	22527	27355	29469	34633	45060	48845	53632	67541	79641	98805	116417	146443	201420	343673	395047	429892	438455	468334	482614	509062	
T	66	2	5	6	7	8	9	10	11	12	13	14	15	16	17	18	19	20	21	22	23	24	25	26	27	28	29	30	31	32	33	34	35	36	37	38	39	40	41	
T	66	1697	2191	2517	4495	5360	5367	6221	7235	7738	8413	8626	9868	10005	11016	13332	14880	19897	20790	23010	27930	29953	35225	45291	49246	53707	68225	80252	100131	118084	148854	205549	353107	404242	437438	445188	472596	485297	508751	
T	67	2	5	6	7	8	9	10	11	12	13	14	15	16	17	18	19	20	21	22	23	24	25	26	27	28	29	30	31	32	33	34	35	36	37	38	39	40	41	
T	67	2118	2667	2979	5180	6035	6038	6933	7931	8445	9084	9309	10717	10912	12028	14402	16033	21189	22081	24301	29455	31531	37329	47441	51599	55806	70710	82640	102743	120946	152725	210714	364069	414795	446314	453230	478567	489590	510051	
T	68	2	5	6	7	8	9	10	11	12	13	14	15	16	17	18	19	20	21	22	23	24	25	26	27	28	29	30	31	32	33	34	35	36	37	38	39	40	41	
T	68	2394	2946	3277	5565	6485	6491	7451	8479	8982	9576	9760	11172	11336	12568	14934	16666	22064	22837	25098	30200	32308	38258	48113	52263	56230	71415	83388	103598	121853	153829	214098	372049	422500	452397	458512	481623	491415	509426	
T	69	2	5	6	7	8	9	10	11	12	13	14	15	16	17	18	19	20	21	22	23	24	25	26	27	28	29	30	31	32	33	34	35	36	37	38	39	40	41	
T	69	2830	3440	3744	6116	6996	6999	8098	9079	9603	10152	10326	11895	12076	13289	15673	17613	22913	23697	24711	28227	33175	39571	49206	53641	57296	72907	84919	105676	124417	157232	218244	380465	430684	458573	463976	485124	493653	509422	
T	70	2	5	6	7	8	9	10	11	12	13	14	15	16	17	18	19	20	21	22	23	24	25	26	27	28	29	30	31	32	33	34	35	36	37	38	39	40	41	
T	70	3047	3711	3992	6483	7315	7319	8508	9454	9972	10463	10617	12303	12504	13880	16382	18306	23935	24643	25611	29386	34622	41447	51051	55662	59110	75390	87540	108678	127443	160833	223602	389344	438976	465133	469823	489206	496500	510226	
T	71	2	5	6	7	8	9	10	11	12	13	14	15	16	17	18	19	20	21	22	23	24	25	26	27	28	29	30	31	32	33	34	35	36	37	38	39	40	41	
T	71	3655	4364	4611	7083	7922	7925	9149	10089	10591	11016	11151	12908	13093	14474	16984	19184	24767	25489	26377	30121	35436	42489	51923	56698	59766	76360	88407	109931	128959	162210	225919	395047	444183	468476	472632	490124	496697	508401	
T	72	2	5	6	7	8	9	10	11	12	13	14	15	16	17	18	19	20	21	22	23	24	25	26	27	28	29	30	31	32	33	34	35	36	37	38	39	40	41	
T	72	3949	4639	4911	7383	8267	8269	9509	10366	10881	11258	11382	13151	13329	14693	17140	19422	25058	25702	26555	30368	35783	43231	52551	57369	60226	77032	89281	110765	130154	164134	229294	402301	450936	473728	477447	493663	499264	509280	
T	73	2	5	6	7	8	9	10	11	12	13	14	15	16	17	18	19	20	21	22	23	24	25	26	27	28	29	30	31	32	33	34	35	36	37	38	39	40	41	
T	73	4353	5173	5417	8324	9246	9249	10580	11371	11944	12310	12432	14318	14529	16047	18711	21197	27084	27691	28470	32482	38260	46249	55498	60590	63270	80425	92564	114758	134749	169448	235734	409792	457087	478382	481594	496420	501129	509565	
T	74	2	5	6	7	8	10	11	12	13	14	15	16	17	18	19	20	21	22	23	24	25	26	27	28	29	30	31	32	33	34	35	36	37	38	39	40	41	
T	74	4860	5804	6072	9025	9942	11443	12277	12841	13210	13341	15368	15563	17144	19941	22673	28701	29254	30026	34053	39782	48147	53761	62624	65013	83066	95476	117729	137530	172163	240012	415322	461541	481241	484056	497365	501325	508361	
T	75	2	5	6	7	8	10	11	12	13	14	15	16	17	18	19	20	21	22	23	24	25	26	27	28	29	30	31	32	33	34	35	36	37	38	39	40	41	
T	75	5218	5859	6002	8411	9057	10772	11648	12180	12590	12671	14294	14459	16017	18111	21747	27997	28653	29517	33885	40044	51532	58867	69212	72242	98324	114554	148465	179756	218805	325185	455429	480766	491221	493738	505390	507924	509032	
T	76	2	5	6	7	8	10	11	12	13	14	15	16	17	18	19	20	21	22	23	24	25	26	27	28	29	30	31	32	33	34	35	36	37	38	39	40	41	
T	76	5556	6250	6405	8886	9690	11343	12123	12653	12986	13075	15028	15173	16831	19170	22360	28324	28771	29386	33630	39896	49434	54840	64689	66962	88631	102368	130652	156765	199267	295735	449176	479009	492226	494146	505910	509475	510710	
T	77	2	5	6	7	8	9	10	11	12	13	14	15	16	17	18	19	20	21	22	23	24	25	26	27	28	29	30	31	32	33	34	35	36	37	38	39	40	41	
T	77	5654	6399	6519	8743	9531	9532	11133	11767	12272	12515	12569	14648	14820	16459	18761	21695	27427	27856	28362	32428	38493	47316	51823	61390	63212	82639	94953	119607	141434	179609	258788	437941	476816	492123	493855	503954	506851	509529	
T	78	2	5	6	7	8	10	11	12	13	14	15	16	17	18	19	20	21	22	23	24	25	26	27	28	29	30	31	32	33	34	35	36	37	38	39	40	41	
T	78	6158	6937	7058	9339	10159	11731	12248	12726	12935	13000	15088	15234	16818	19062	22019	27652	27989	28447	32336	38315	47042	51086	60380	61947	80393	92055	114789	135431	172302	244098	435812	479794	495068	496482	505418	507359	510360	
T	79	2	5	6	7	8	9	10	11	12	13	14	15	16	17	18	19	20	21	22	23	24	25	26	27	28	29	30	31	32	33	34	35	36	37	38	39	40	41	
T	79	6512	7328	7426	9723	10502	10503	12100	12637	13128	13298	13354	15473	15640	17269	19544	22635	28059	28334	28740	32630	38745	47327	50875	60153	61561	79269	90440	112508	132481	168258	238152	435710	481921	496366	497580	505550	507044	509641	
T	80	2	5	6	7	8	10	11	12	13	14	15	16	17	18	19	20	21	22	23	24	25	26	27	28	29	30	31	32	33	34	35	36	37	38	39	40	41	
T	80	7128	7853	7945	10279	11028	12679	13143	13623	13769	13813	16034	16186	17848	20208	23256	28646	28913	29288	33080	39203	48020	51225	60772	61919	79831	90739	112806	132237	168163	237206	437131	483711	497367	498312	505267	506364	508442	
T	81	2	5	6	7	8	9	10	11	12	13	14	15	16	17	18	19	20	21	22	23	24	25	26	27	28	29	30	31	32	33	34	35	36	37	38	39	40	41	
T	81	7480	8320	8381	10722	11459	11460	13125	13529	14015	14141	14178	16445	16615	18290	20591	23775	29145	29403	29728	33458	39560	48630	51655	61380	62490	80412	91432	113130	132621	168630	238282	440017	486762	499362	500139	506250	507060	508650	
T	82	2	5	6	7	8	9	10	11	12	13	14	15	16	17	18	19	20	21	22	23	24	25	26	27	28	29	30	31	32	33	34	35	36	37	38	39	40	41	
T	82	7977	8783	8852	11212	11982	11983	13697	14086	14629	14727	14770	17013	17194	18890	21266	24595	29924	30158	30444	34358	40511	49711	52554	62396	63295	81145	92121	114261	133951	170036	240036	443164	489668	501204	501855	507119	507718	508888	
T	83	2	5	6	7	8	9	10	11	12	13	14	15	16	17	18	19	20	21	22	23	24	25	26	27	28	29	30	31	32	33	34	35	36	37	38	39	40	41	
T	83	8784	9630	9683	12029	12784	12786	14606	15026	15495	15604	15630	17952	18125	19866	22297	25737	31158	31382	31646	35572	41870	51410	53913	63847	64684	83086	94059	116229	135751	171813	242546	447068	492611	503206	503693	507990	508413	509238	
T	84	2	5	6	7	8	9	10	11	12	13	14	15	16	17	18	19	20	21	22	23	24	25	26	27	28	29	30	31	32	33	34	35	36	37	38	39	40	41	
T	84	9284	10189	10242	12655	13446	13447	15232	15603	16139	16215	16250	18581	18749	20511	22932	26460	31853	32030	32311	36378	42870	52381	54641	64926	65624	84295	95338	117622	137691	173987	245171	448985	494393	503922	504307	508065	508362	508906	
T	85	2	5	6	7	8	9	10	11	12	13	14	15	16	17	18	19	20	21	22	23	24	25	26	27	28	29	30	31	32	33	34	35	36	37	38	39	40	41	
T	85	9891	10755	10791	13261	14052	14054	15987	16271	16853	16923	16950	19319	19516	21228	23709	27395	32774	32963	33236	37261	43798	53581	55769	66073	66732	85472	96359	118721	139085	175277	247572	451742	496858	505485	505805	508860	509069	509475	
T	86	2	5	6	7	8	9	10	11	12	13	14	15	16	17	18	19	20	21	22	23	24	25	26	27	28	29	30	31	32	33	34	35	36	37	38	39	40	41	
T	86	10577	11500	11545	14022	14837	14840	16751	16984	17529	17598	17626	20100	20283	22130	24673	28450	33715	33875	34106	38213	44780	54769	56663	67082	67639	86607	97525	120512	140839	177350	250129	453073	497662	505481	505731	508119	508258	508520	
T	87	2	5	6	7	8	9	10	11	12	13	14	15	16	17	18	19	20	21	22	23	24	25	26	27	28	29	30	31	32	33	34	35	36	37	38	39	40	41	
T	87	11448	12273	12305	14884	15619	15622	17596	17879	18377	18433	18454	20973	21159	23067	25546	29414	34743	34891	35114	39289	46039	56435	58279	68919	69420	88709	100025	122783	143185	179563	252853	455600	499323	506324	506508	508345	508435	508603	
T	88	2	5	6	7	8	9	10	11	12	13	14	15	16	17	18	19	20	21	22	23	24	25	26	27	28	29	30	31	32	33	34	35	36	37	38	39	40	41	
T	88	12370	13260	13287	15813	16530	16531	18564	18805	19352	19389	19401	21961	22162	24044	26639	30648	36107	36244	36443	40669	47619	58175	59766	70521	70984	90614	101680	125041	145803	182209	256238	458573	502013	508258	508394	509771	509833	509927	
T	89	2	5	6	7	8	10	11	12	13	14	15	16	17	18	19	20	21	22	23	24	25	26	27	28	29	30	31	32	33	34	35	36	37	38	39	40	41	
T	89	13286	14161	14182	16733	17438	19291	19496	20041	20079	20091	22645	22836	24794	27411	31348	36609	36721	36925	41110	48137	58613	60151	71074	71455	91034	102141	125618	146444	183142	257551	459802	502396	507914	508004	509081	509111	509160	
T	90	2	5	6	7	8	9	10	11	12	13	14	15	16	17	18	19	20	21	22	23	24	25	26	27	28	29	30	31	32	33	34	35	36	37	38	39	40	41	
T	90	14455	15286	15311	17795	18506	18508	20336	20520	21101	21127	21143	23662	23864	25847	28475	32500	37801	37873	38056	42194	49086	59838	61172	72419	72732	92563	103769	127228	148267	185001	260388	461326	502992	507776	507839	508559	508584	508616	
T	91	2	5	6	7	8	9	10	11	12	13	14	15	16	17	18	19	20	21	22	23	24	25	26	27	28	29	30	31	32	33	34	35	36	37	38	39	40	41	
T	91	15699	16566	16592	19145	19879	19881	21723	21877	22450	22472	22486	25018	25217	27227	29785	33891	39123	39207	39405	43663	50672	61716	62919	74354	74650	94587	105938	129908	150863	187631	264176	463427	504480	508457	508503	508996	509004	509017	
T	92	2	5	6	7	8	9	10	11	12	13	14	15	16	17	18	19	20	21	22	23	24	25	26	27	28	29	30	31	32	33	34	35	36	37	38	39	40	41	
T	92	16733	17611	17627	20109	20806	20808	22581	22718	23291	23319	23324	25909	26130	28109	30849	34946	40086	40168	40356	44635	51724	62983	64194	75593	75855	96036	107211	131371	152635	189514	266283	464451	504337	507699	507729	508108	508111	508118	
T	93	2	5	6	7	8	10	11	12	13	14	15	16	17	18	19	20	21	22	23	24	25	26	27	28	29	30	31	32	33	34	35	36	37	38	39	40	41	
T	93	18550	19424	19433	21830	22532	24581	24792	25345	25359	25363	27919	28131	30080	32725	36938	42193	42254	42424	46840	53978	64891	65912	77384	77593	97560	108842	133293	155005	191661	268927	465425	504632	507574	507600	507828	507829	507831	
T	94	2	5	6	7	8	9	10	11	12	13	14	15	16	17	18	19	20	21	22	23	24	25	26	27	28	29	30	31	32	33	34	35	36	37	38	39	
T	94	20466	21293	21302	23496	24132	24133	26009	26142	26154	26703	26711	29264	29473	31548	34236	38358	43491	43550	43750	48068	55318	66618	67539	79413	79618	100406	111880	136264	158062	194601	271932	468080	506705	509295	509306	509439	
T	95	2	5	6	7	8	9	10	11	12	13	14	15	16	17	18	19	20	21	22	23	24	25	26	27	28	29	30	31	32	33	34	35	36	37	38	39	
T	95	22225	22953	22960	25065	25647	25648	27198	27279	27302	27822	27826	30392	30602	32568	35196	39278	44409	44455	44634	49210	56442	67890	68721	80116	80337	100711	112295	136763	158511	195084	273030	467558	506001	508101	508106	508176	
T	96	2	5	6	7	8	10	11	12	13	14	15	16	17	18	19	20	21	22	23	24	25	26	27	28	29	30	31	32	33	34	35	36	37	38	39	
T	96	25188	25793	25796	27491	27943	29204	29272	29279	29767	29768	32169	32393	34181	36756	40704	45803	45837	46027	50372	57600	68830	69547	81202	81368	101363	113007	137508	159199	195932	274702	468975	507113	508868	508869	508915	
T	97	2	5	6	7	8	10	11	12	13	14	15	16	17	18	19	20	21	22	23	24	25	26	27	28	29	30	31	32	33	34	35	36	37	38	39	
T	97	28698	29039	29040	30170	30500	31409	31443	31451	31861	31864	34113	34314	36052	38565	42274	47069	47094	47254	51446	58613	69642	70260	81952	82098	102275	113937	138639	160709	197223	275988	469771	507595	509050	509051	509070	
T	98	2	5	7	8	10	11	12	13	14	15	16	17	18	19	20	21	22	23	24	25	26	27	28	29	30	31	32	33	34	35	36	37	38	39	
T	98	33524	33637	34086	34188	34563	34578	34580	34774	34776	36966	37179	38808	41267	44731	49298	49314	49479	53537	60602	71297	71806	83111	83211	103278	114712	139421	161583	198242	277173	468704	505979	507262	507264	507274	
T	99	2	13	15	16	17	18	19	20	21	22	23	24	25	26	27	28	29	30	31	32	33	34	35	36	37	38	39	
T	99	38433	38447	40556	40771	42333	44881	48214	52714	52723	52905	56789	63586	73869	74382	85784	85877	105437	117172	142012	164494	201080	280442	471110	507371	508514	508515	508520	
G	0	10	16	19	22	23	25	26	27	28	30	31	33	34	
G	0	325	1080	1095	1392	2538	3438	7579	14180	16895	39593	193917	228939	442052	
G	1	10	16	19	22	23	25	26	27	28	30	31	33	34	
G	1	366	1648	1691	2286	3266	3972	7917	16283	18546	38476	181892	190361	503832	
G	2	10	16	19	22	23	25	26	27	28	30	31	33	34	
G	2	549	1801	1813	2710	3637	4364	8108	17378	19605	37435	166562	174091	485873	
G	3	10	16	19	22	25	26	27	28	29	30	31	32	33	35	37	
G	3	309	827	1159	1762	2598	4345	4619	7082	7150	12309	12511	19459	30463	123122	503050	
G	4	10	16	19	22	25	26	27	28	29	30	31	32	33	35	37	
G	4	540	1407	1725	2501	3648	6071	6341	9236	9313	15907	16159	24089	36713	135239	525439	
G	5	8	10	11	15	16	17	18	19	21	22	23	25	26	27	28	29	30	31	32	33	34	35	36	37	
G	5	178	444	471	583	976	1323	1583	1749	2024	2092	3033	4770	6306	7217	8591	9970	15819	18443	28821	37177	37178	131629	135905	511622	
G	6	6	8	10	11	12	15	16	17	18	19	21	22	23	25	26	27	28	29	30	31	32	33	34	35	36	37	
G	6	2	198	479	517	518	659	1047	1315	1560	1746	2006	2101	3050	4838	6471	7482	8882	10241	16346	19293	30565	39126	39128	138141	142678	536286	
G	7	5	6	8	10	11	12	15	16	17	18	19	20	21	22	23	24	25	26	27	28	29	30	31	32	33	34	35	36	37	
G	7	1	2	204	517	550	551	733	1150	1462	1742	1897	1898	2159	2247	3219	3221	5020	6617	7815	8947	10302	16278	19191	30135	38489	38490	132806	137104	510238	
G	8	5	6	8	10	11	14	15	16	17	18	19	21	22	23	24	25	26	27	28	29	30	31	32	33	34	35	36	37	38	39	
G	8	1	4	273	647	699	700	904	1312	1646	1943	2118	2401	2476	3497	3498	5329	6056	8227	9241	10595	16630	18774	28032	34276	38443	67975	67979	120084	152686	504463	
G	9	5	6	8	10	11	12	15	16	17	18	19	20	21	22	23	24	25	26	27	28	29	30	31	32	33	34	35	36	37	38	39	
G	9	1	2	217	544	590	591	768	1199	1483	1767	1927	1929	2237	2349	3326	3327	5301	6094	8818	9628	11006	17454	19626	29488	35877	40365	71129	71133	124220	159102	513498	
G	10	6	7	8	9	10	11	14	15	16	17	18	19	20	21	22	23	24	25	26	27	28	29	30	31	32	33	34	35	36	37	38	39	
G	10	2	4	294	296	723	775	776	1010	1482	1852	2169	2375	2376	2678	2784	3826	3829	5772	6621	9477	9991	11429	18045	20198	30334	36790	41288	72336	72343	125731	160914	510964	
G	11	6	8	10	11	12	14	15	16	17	18	19	20	21	22	23	24	25	26	27	28	29	30	31	32	33	34	35	36	37	38	39	
G	11	2	260	551	586	587	590	781	1210	1535	1815	2023	2025	2339	2429	3481	3486	5494	6297	9254	9639	11103	17548	19774	29883	36445	41076	72314	72320	126382	161973	510905	
G	12	5	6	7	8	9	10	11	12	14	15	16	17	18	19	20	21	22	23	24	25	26	27	28	29	30	31	32	33	34	35	36	37	38	39	
G	12	2	4	6	322	325	734	788	791	794	1041	1511	1845	2167	2367	2371	2700	2805	4018	4041	6084	6940	10107	10469	11928	18641	20783	31097	37812	42525	73867	73876	128211	164594	509654	
G	13	5	6	7	8	9	10	11	12	14	15	16	17	18	19	20	21	22	23	24	25	26	27	28	29	30	31	32	33	34	35	36	37	38	39	40	41	
G	13	5	9	11	278	280	659	711	714	717	754	1382	1728	2081	2285	2291	2618	2722	3478	3925	5976	6770	9971	10337	11858	14903	20537	26308	35264	40568	46650	66167	81132	127541	155482	249908	508531	
G	14	5	6	7	8	9	10	11	12	14	15	16	17	18	19	20	21	22	23	24	25	26	27	28	29	30	31	32	33	34	35	36	37	38	39	40	41	
G	14	1	3	7	296	303	698	755	759	760	794	1415	1791	2160	2363	2369	2685	2773	3526	3985	6065	6973	10302	10684	12158	15334	21073	26873	35993	41295	47629	67074	82114	128891	157502	252067	507037	
G	15	5	6	7	8	9	10	11	12	14	15	16	17	18	19	20	21	22	23	24	25	26	27	28	29	30	31	32	33	34	35	36	37	38	39	40	41	
G	15	2	7	11	301	311	620	661	664	667	724	1374	1750	2094	2303	2313	2665	2762	3573	4090	6302	7154	10317	10694	12176	15308	21016	26851	36155	41525	48068	67485	82927	130372	159054	254121	507397	
G	16	5	6	7	8	9	10	11	12	13	14	15	16	17	18	19	20	21	22	23	24	25	26	27	28	29	30	31	32	33	34	35	36	37	38	39	40	41	
G	16	2	11	14	358	370	797	848	853	855	860	936	1608	1961	2351	2595	2600	3008	3126	4039	4658	6917	7877	11177	11612	13233	16619	22531	28512	38037	43419	50414	70185	85743	133941	162930	259106	507983	
G	17	5	6	7	8	9	10	11	12	13	14	15	16	17	18	19	20	21	22	23	24	25	26	27	28	29	30	31	32	33	34	35	36	37	38	39	40	41	
G	17	2	15	21	380	396	810	852	857	862	868	964	1626	1975	2344	2586	2596	3008	3127	4004	4585	6837	7829	11114	11535	13151	16655	22668	28626	38572	44038	51241	71165	87192	135975	165459	263116	509535	
G	18	5	6	7	8	9	10	11	12	13	14	15	16	17	18	19	20	21	22	23	24	25	26	27	28	29	30	31	32	33	34	35	36	37	38	39	40	41	
G	18	2	14	23	380	401	762	809	818	820	826	938	1519	1612	2294	2549	2557	3005	3143	4082	4742	7029	8085	11410	11860	13526	17305	23433	29380	36206	44993	52470	70250	87280	133548	166526	266150	510902	
G	19	5	6	7	8	9	10	11	12	13	14	15	16	17	18	19	20	21	22	23	24	25	26	27	28	29	30	31	32	33	34	35	36	37	38	39	40	41	
G	19	4	20	29	554	612	1145	1197	1204	1210	1219	1388	2062	2189	2961	3240	3257	3788	3935	4972	5790	8157	9218	12584	13040	14691	18677	24854	30981	38053	46817	54807	72780	90171	137351	170623	270993	510955	
G	20	5	6	7	8	9	10	11	12	13	14	15	16	17	18	19	20	21	22	23	24	25	26	27	28	29	30	31	32	33	34	35	36	37	38	39	40	41	
G	20	2	24	37	429	504	869	916	925	927	934	1120	1753	1875	2526	2807	2822	3375	3541	4483	5391	7629	8700	12058	12547	14151	18610	24698	30561	37661	46654	55063	72729	90576	138380	172866	274112	512008	
G	21	5	6	7	8	9	10	11	12	13	14	15	16	17	18	19	20	21	22	23	24	25	26	27	28	29	30	31	32	33	34	35	36	37	38	39	40	41	
G	21	3	27	45	532	618	1007	1049	1064	1072	1096	1339	2012	2150	2764	3052	3077	3616	3755	4793	5733	8038	9161	12319	12813	14547	19187	25375	31374	38633	47567	56554	74612	92169	140855	175342	277361	511624	
G	22	5	6	7	8	9	10	11	12	13	14	15	16	17	18	19	20	21	22	23	24	25	26	27	28	29	30	31	32	33	34	35	36	37	38	39	40	41	
G	22	4	40	67	481	576	910	942	959	973	992	1289	1965	2137	2755	3027	3061	3636	3788	4792	5773	8098	9207	12206	12678	14433	19425	25506	31247	38728	47543	57117	74999	92946	142321	177727	281640	514115	
G	23	5	6	7	8	9	10	11	12	13	14	15	16	17	18	19	20	21	22	23	24	25	26	27	28	29	30	31	32	33	34	35	36	37	38	39	40	41	
G	23	3	37	51	453	543	761	785	803	816	843	1162	1737	1862	2349	2609	2645	3275	3452	4547	5582	7758	8911	11759	12312	14054	19170	25378	30933	38444	47249	57498	75164	93355	143796	178859	282226	513150	
G	24	5	6	7	8	9	10	11	12	13	14	15	16	17	18	19	20	21	22	23	24	25	26	27	28	29	30	31	32	33	34	35	36	37	38	39	40	41	
G	24	3	54	89	526	670	897	917	936	950	976	1347	1936	2060	2536	2834	2875	3616	3809	4927	6096	8386	9656	12555	13111	14913	20212	26576	32134	40079	48683	59599	77193	95441	146784	181982	287559	514505	
G	25	5	6	7	8	9	10	11	12	13	14	15	16	17	18	19	20	21	22	23	24	25	26	27	28	29	30	31	32	33	34	35	36	37	38	39	40	41	
G	25	10	78	132	725	915	1174	1190	1218	1231	1263	1686	2246	2385	2854	3173	3225	4011	4194	5236	6449	8790	10040	12855	13438	15267	20810	27126	32634	40844	49340	61119	78703	97295	149261	184339	292085	516228	
G	26	5	6	7	8	9	10	11	12	13	14	15	16	17	18	19	20	21	22	23	24	25	26	27	28	29	30	31	32	33	34	35	36	37	38	39	40	41	
G	26	6	103	198	893	1167	1430	1455	1494	1523	1572	2126	2796	2940	3403	3717	3806	4670	4910	6016	7383	9769	11133	13926	14604	16518	22331	28874	34563	43134	51583	64250	81748	100980	153757	188933	297519	516209	
G	27	5	6	7	8	9	10	11	12	13	14	15	16	17	18	19	20	21	22	23	24	25	26	27	28	29	30	31	32	33	34	35	36	37	38	39	40	41	
G	27	10	131	224	939	1263	1457	1472	1516	1571	1607	2183	2809	2962	3397	3747	3844	4876	5180	6215	7561	10008	11487	14293	15002	16987	23175	29949	35588	44591	53018	66603	83987	103451	157134	192523	303181	516483	
G	28	5	6	7	8	9	10	11	12	13	14	15	16	17	18	19	20	21	22	23	24	25	26	27	28	29	30	31	32	33	34	35	36	37	38	39	40	41	
G	28	14	116	233	975	1308	1478	1500	1557	1617	1694	2353	2944	3089	3534	3881	3983	5121	5461	6620	8056	10532	12156	14920	15785	17793	24326	31466	37340	46850	55222	69547	86745	106797	161592	197041	308449	516248	
G	29	5	6	7	8	9	10	11	12	13	14	15	16	17	18	19	20	21	22	23	24	25	26	27	28	29	30	31	32	33	34	35	36	37	38	39	40	41	
G	29	10	171	335	1263	1668	1844	1869	1948	2003	2094	2884	3486	3633	4143	4540	4694	5838	6225	7511	9016	11495	13231	16061	17011	19161	25708	32952	38840	48999	57318	73043	90462	111045	166565	202863	315419	517349	
G	30	5	6	7	8	9	10	11	12	13	14	15	16	17	18	19	20	21	22	23	24	25	26	27	28	29	30	31	32	33	34	35	36	37	38	39	40	41	
G	30	17	210	413	1237	1654	1783	1800	1891	1965	2070	2913	3544	3671	4130	4570	4732	5873	6318	7579	9079	11525	13426	16307	17341	19532	26428	33858	39811	50350	58657	75172	92524	113844	170370	206861	320646	517039	
G	31	5	6	7	8	9	10	11	12	13	14	15	16	17	18	19	20	21	22	23	24	25	26	27	28	29	30	31	32	33	34	35	36	37	38	39	40	41	
G	31	12	274	527	1526	2008	2110	2130	2263	2351	2478	3447	4057	4175	4683	5187	5420	6757	7275	8589	10257	12754	14778	17692	18859	21172	28121	36041	42302	53321	61854	79443	97020	118967	176241	213677	327869	519162	
G	32	5	6	7	8	9	10	11	12	13	14	15	16	17	18	19	20	21	22	23	24	25	26	27	28	29	30	31	32	33	34	35	36	37	38	39	40	41	
G	32	25	304	590	1511	2037	2106	2136	2262	2371	2546	3499	4014	4143	4652	5144	5429	6868	7425	8875	10613	13061	15394	18333	19691	22131	29277	37641	44148	56099	64765	83246	101188	123810	182264	220678	335669	520087	
G	33	5	6	7	8	9	10	11	12	13	14	15	16	17	18	19	20	21	22	23	24	25	26	27	28	29	30	31	32	33	34	35	36	37	38	39	40	41	
G	33	28	382	742	1755	2340	2386	2429	2592	2741	2926	3972	4480	4622	5196	5758	6074	7621	8269	9754	11508	13932	16400	19515	21003	23569	30715	39143	45756	58345	67116	86727	104794	128504	187131	226427	340394	518232	
G	34	5	6	7	8	9	10	11	12	13	14	15	16	17	18	19	20	21	22	23	24	25	26	27	28	29	30	31	32	33	34	35	36	37	38	39	40	41	
G	34	26	377	717	1601	2160	2192	2255	2443	2606	2816	3875	4368	4516	5067	5666	6067	7633	8361	9872	11770	14134	16953	20140	21900	24462	31604	40336	47538	60617	69439	90192	108598	133338	192602	232711	347430	518745	
G	35	5	6	7	8	9	10	11	12	13	14	15	16	17	18	19	20	21	22	23	24	25	26	27	28	29	30	31	32	33	34	35	36	37	38	39	40	41	
G	35	36	486	949	1925	2536	2556	2616	2833	3016	3277	4291	4714	4866	5486	6121	6552	8162	8943	10495	12385	14684	17649	20679	22542	25337	32432	41811	49268	63291	72643	94695	113582	139132	199006	240630	354810	520454	
G	36	5	6	7	8	9	10	11	12	13	14	15	16	17	18	19	20	21	22	23	24	25	26	27	28	29	30	31	32	33	34	35	36	37	38	39	40	41	
G	36	38	587	1109	2147	2751	2776	2848	3089	3286	3582	4606	4999	5150	5812	6477	7019	8701	9614	11316	13252	15379	18687	21862	24000	26895	33960	43469	51268	65924	75573	98599	117973	144883	204965	247412	359981	518374	
G	37	5	6	7	8	9	10	11	12	13	14	15	16	17	18	19	20	21	22	23	24	25	26	27	28	29	30	31	32	33	34	35	36	37	38	39	40	41	
G	37	53	683	1315	2366	3060	3069	3147	3434	3683	4054	5123	5548	5726	6411	7123	7737	9587	10571	12393	14409	16536	20114	23375	25797	28934	35974	45546	53859	69351	79602	104090	124342	152233	212812	255352	367547	520154	
G	38	5	6	7	8	9	10	11	12	13	14	15	16	17	18	19	20	21	22	23	24	25	26	27	28	29	30	31	32	33	34	35	36	37	38	39	40	41	
G	38	56	815	1548	2678	3311	3322	3422	3812	4099	4540	5617	5998	6200	6950	7787	8486	10143	11160	13339	15517	17565	21595	24946	27787	31102	38109	48404	57241	73439	84142	110355	131541	160633	220253	265142	375532	519087	
G	39	5	6	7	8	9	10	11	12	13	14	15	16	17	18	19	20	21	22	23	24	25	26	27	28	29	30	31	32	33	34	35	36	37	38	39	40	41	
G	39	60	718	1285	2098	2631	2647	2776	3222	3550	3960	5022	5344	5555	6297	7041	7901	9393	10513	12815	14931	16867	21003	24198	27229	30271	37282	47446	56271	72159	83080	110775	130611	160488	213573	262877	362929	519365	
G	40	5	6	7	8	9	10	11	12	13	14	15	16	17	18	19	20	21	22	23	24	25	26	27	28	29	30	31	32	33	34	35	36	37	38	39	40	41	
G	40	67	750	1374	2154	2611	2625	2746	3132	3449	3878	4753	5048	5242	6044	6835	7649	9149	10289	12599	14675	16344	20810	23891	27068	30411	36967	47143	56027	72282	83471	113074	133537	164328	215783	264032	361407	520463	
G	41	5	6	7	8	9	10	11	12	13	14	15	16	17	18	19	20	21	22	23	24	25	26	27	28	29	30	31	32	33	34	35	36	37	38	39	40	41	
G	41	69	721	1353	1991	2330	2344	2481	2848	3179	3620	4345	4615	4816	5617	6449	7380	8958	10124	12469	14512	16083	20698	23837	27303	30775	37197	47657	57012	74139	86252	119034	140597	172586	222084	270779	366697	521468	
G	42	5	6	7	8	9	10	11	12	13	14	15	16	17	18	19	20	21	22	23	24	25	26	27	28	29	30	31	32	33	34	35	36	37	38	39	40	41	
G	42	37	574	1083	1687	1984	1996	2124	2511	2856	3346	4112	4396	4621	5379	6047	7016	8481	9663	12058	13991	15540	20020	23017	26606	29880	36230	46334	55434	72284	84279	120908	141483	175021	218549	271888	358406	519899	
G	43	5	6	7	8	9	10	11	12	13	14	15	16	17	18	19	20	21	22	23	24	25	26	27	28	29	30	31	32	33	34	35	36	37	38	39	40	41	
G	43	32	626	1123	1699	1999	2014	2148	2532	2863	3375	4071	4350	4563	5346	6002	6989	8465	9651	12058	13864	15309	19799	22833	26389	29758	35684	45373	54499	71627	83962	124912	146559	181114	222333	275748	358427	519997	
G	44	5	6	7	8	9	10	11	12	13	14	15	16	17	18	19	20	21	22	23	24	25	26	27	28	29	30	31	32	33	34	35	36	37	38	39	40	41	
G	44	61	624	1131	1625	1872	1894	2028	2384	2720	3141	3671	3911	4127	4828	5477	6714	7871	9009	11463	13384	14829	19340	22253	25901	29309	35096	44872	53920	71505	84805	130357	153031	189874	228565	281294	360509	520424	
G	45	5	6	7	8	9	10	11	12	13	14	15	16	17	18	19	20	21	22	23	24	25	26	27	28	29	30	31	32	33	34	35	36	37	38	39	40	41	
G	45	60	612	1098	1593	1766	1777	1948	2310	2630	3158	3655	3871	4104	4836	5502	6815	7924	9046	11604	13379	14812	19472	22439	26256	30028	35774	45401	54394	72428	86358	137283	160119	199011	236039	289830	365310	519246	
G	46	5	6	7	8	9	10	11	12	13	14	15	16	17	18	19	20	21	22	23	24	25	26	27	28	29	30	31	32	33	34	35	36	37	38	39	40	41	
G	46	70	631	1148	1585	1740	1759	1921	2289	2575	3123	3554	3741	3991	4831	5489	6909	8044	9229	11889	13699	15124	19880	22873	26885	30846	36610	46234	55569	74220	89330	146347	170626	211057	246169	300962	372813	520336	
G	47	5	6	7	8	9	10	11	12	13	14	15	16	17	18	19	20	21	22	23	24	25	26	27	28	29	30	31	32	33	34	35	36	37	38	39	40	41	
G	47	94	877	1573	2184	2388	2407	2627	3022	3348	3917	4344	4582	4874	5816	6615	8162	9350	10533	13500	15435	16963	21996	25318	29532	33875	40070	50072	59645	79842	95828	158706	184002	226084	259993	314733	382366	519126	
G	48	5	6	7	8	9	10	11	12	13	14	15	16	17	18	19	20	21	22	23	24	25	26	27	28	29	30	31	32	33	34	35	36	37	38	39	40	41	
G	48	119	955	1658	2284	2453	2483	2740	3203	3567	4202	4631	4873	5190	6195	6925	8675	9847	11145	14043	16276	17704	23084	26763	31281	35937	42469	52808	62854	84145	101500	171334	197376	241321	272613	329105	392032	519363	
G	49	5	6	7	8	9	10	11	12	13	14	15	16	17	18	19	20	21	22	23	24	25	26	27	28	29	30	31	32	33	34	35	36	37	38	39	40	41	
G	49	111	806	1458	2062	2195	2231	2503	2922	3326	3970	4408	4646	4971	6056	6792	8765	9901	11210	14138	16443	17829	23467	27157	31879	36781	43592	54217	64515	87269	105723	182835	210062	255906	285642	343181	403223	522047	
G	50	5	6	7	8	9	10	11	12	13	14	15	16	17	18	19	20	21	22	23	24	25	26	27	28	29	30	31	32	33	34	35	36	37	38	39	40	41	
G	50	89	773	1423	1922	2035	2064	2356	2786	3166	3769	4156	4393	4731	5765	6431	8446	9616	10924	13829	16119	17505	23086	26928	31823	36953	44056	55065	65593	89403	109115	194326	222321	269457	297624	354789	410454	520833	
G	51	5	6	7	8	9	10	11	12	13	14	15	16	17	18	19	20	21	22	23	24	25	26	27	28	29	30	31	32	33	34	35	36	37	38	39	40	41	
G	51	124	780	1394	1904	1994	2032	2326	2712	3068	3644	4015	4270	4649	5794	6440	8553	9579	10932	13992	16426	17849	23527	27260	32126	37487	44879	56160	66834	92131	112943	206777	235241	283485	309673	366337	417933	519663	
G	52	5	6	7	8	9	10	11	12	13	14	15	16	17	18	19	20	21	22	23	24	25	26	27	28	29	30	31	32	33	34	35	36	37	38	39	40	41	
G	52	125	747	1402	1876	1961	2011	2316	2692	3048	3666	3994	4217	4576	5740	6294	8506	9574	11051	14182	16626	18000	23875	27805	32617	38278	46066	57638	68415	94818	117185	220248	249521	299192	323841	379858	427893	521129	
G	53	5	6	7	8	9	10	11	12	13	14	15	16	17	18	19	20	21	22	23	24	25	26	27	28	29	30	31	32	33	34	35	36	37	38	39	40	41	
G	53	164	809	1451	1932	1991	2039	2318	2732	3076	3688	4086	4304	4722	6037	6608	8992	10012	11455	14750	17292	18754	24738	28956	33946	39730	48011	59530	70341	98773	122395	234456	264296	313983	336602	392030	435762	520773	
G	54	5	6	7	8	9	10	11	12	13	14	15	16	17	18	19	20	21	22	23	24	25	26	27	28	29	30	31	32	33	34	35	36	37	38	39	40	41	
G	54	148	854	1586	2104	2164	2219	2552	2868	3231	3954	4413	4617	5062	6493	7047	9441	10626	12133	15714	17624	19857	25903	30167	35229	41385	50033	62180	73256	103506	128413	249643	279956	329804	351262	404876	444460	520837	
G	55	5	6	7	8	9	10	11	12	13	14	15	16	17	18	19	20	21	22	23	24	25	26	27	28	29	30	31	32	33	34	35	36	37	38	39	40	41	
G	55	188	844	1633	2107	2152	2229	2600	2956	3287	3956	4369	4576	5074	6593	7131	9766	11009	12493	16243	18331	20758	26948	31348	36515	42826	51855	64456	75734	107589	134071	264384	295129	344634	364502	415784	452243	521217	
G	56	5	6	7	8	9	10	11	12	13	14	15	16	17	18	19	20	21	22	23	24	25	26	27	28	29	30	31	32	33	34	35	36	37	38	39	40	41	
G	56	226	839	1650	2129	2171	2243	2623	2970	3291	3974	4442	4658	5148	6621	7133	9945	11201	12685	16748	18901	21378	27638	32128	37229	43765	53405	66417	77672	111424	139021	279351	310441	359867	378105	426904	459710	521427	
G	57	5	6	7	8	9	10	11	12	13	14	15	16	17	18	19	20	21	22	23	24	25	26	27	28	29	30	31	32	33	34	35	36	37	38	39	40	41	
G	57	230	939	1828	2314	2346	2442	2871	3217	3562	4290	4809	5014	5582	7165	7632	10633	11954	13588	17766	19995	22589	28979	33807	38872	45636	55617	69039	80472	116007	144705	294132	325289	373706	390290	436728	466026	520182	
G	58	5	6	7	8	9	10	11	12	13	14	15	16	17	18	19	20	21	22	23	24	25	26	27	28	29	30	31	32	33	34	35	36	37	38	39	40	41	
G	58	248	864	1716	2149	2187	2286	2713	3041	3347	3950	4519	4743	5302	7064	7523	10104	11147	13671	16829	18617	21012	29284	34414	39433	46461	56819	70612	82055	119627	149908	309564	339943	387553	402714	446471	472731	520913	
G	59	5	6	7	8	9	10	11	12	13	14	15	16	17	18	19	20	21	22	23	24	25	26	27	28	29	30	31	32	33	34	35	36	37	38	39	40	41	
G	59	294	940	1896	2381	2405	2514	2935	3280	3558	4172	4785	5018	5594	7537	7936	10756	11710	14393	17564	19442	21912	30467	35781	40809	47890	58738	73083	84816	124192	155531	324252	354426	400388	414077	454778	477879	520374	
G	60	5	6	7	8	9	10	11	12	13	14	15	16	17	18	19	20	21	22	23	24	25	26	27	28	29	30	31	32	33	34	35	36	37	38	39	40	41	
G	60	315	981	1877	2348	2372	2495	2916	3257	3553	4160	4807	5005	5624	7484	7828	10726	11652	14546	17801	19727	22415	31255	36706	41706	49031	60296	75275	86883	128393	160938	339158	368781	413098	425301	463617	484237	521266	
G	61	2	5	6	7	8	9	10	11	12	13	14	15	16	17	18	19	20	21	22	23	24	25	26	27	28	29	30	31	32	33	34	35	36	37	38	39	40	41	
G	61	543	850	1419	2430	2867	2873	3007	3436	3815	4086	4683	5460	5659	6263	8259	8591	11661	12616	15704	19102	21032	23747	32687	38440	43380	50764	62464	77719	89309	132198	165658	352734	381772	424615	435591	470782	488935	521387	
G	62	2	5	6	7	8	9	10	11	12	13	14	15	16	17	18	19	20	21	22	23	24	25	26	27	28	29	30	31	32	33	34	35	36	37	38	39	40	41	
G	62	979	1326	1953	2930	3387	3392	3553	3980	4387	4633	5206	6079	6296	6959	8993	9297	12496	13382	16698	20160	22039	24844	34033	39974	44840	52329	64140	80063	91676	136635	171578	367218	394957	434917	444684	476408	492011	520161	
G	63	2	5	6	7	8	9	10	11	12	13	14	15	16	17	18	19	20	21	22	23	24	25	26	27	28	29	30	31	32	33	34	35	36	37	38	39	40	41	
G	63	1460	1881	2545	3722	4180	4190	4383	4864	5254	5505	6146	7054	7254	8057	10311	10575	14063	14966	18435	22024	23879	26913	36413	42812	47650	55286	67697	83904	95830	142748	178630	381125	408494	446036	454728	484131	497985	522115	
G	64	2	5	6	7	8	9	10	11	12	13	14	15	16	17	18	19	20	21	22	23	24	25	26	27	28	29	30	31	32	33	34	35	36	37	38	39	40	41	
G	64	1975	2404	2994	4067	4473	4480	4669	5148	5575	5814	6306	7255	7507	8253	10164	10798	14482	15326	17767	22627	24574	27825	36885	40881	45600	56434	69188	86225	97989	146344	183424	393559	420284	455408	463300	489809	501918	522730	
G	65	2	5	6	7	8	9	10	11	12	13	14	15	16	17	18	19	20	21	22	23	24	25	26	27	28	29	30	31	32	33	34	35	36	37	38	39	40	41	
G	65	2503	2958	3482	4575	5027	5030	5228	5659	6077	6311	6826	7838	8070	8867	10756	11445	15218	16115	18638	23744	25680	28870	38125	42228	46667	58028	70969	88312	100363	150529	188666	405153	430565	463154	469911	493758	504031	521903	
G	66	2	5	6	7	8	9	10	11	12	13	14	15	16	17	18	19	20	21	22	23	24	25	26	27	28	29	30	31	32	33	34	35	36	37	38	39	40	41	
G	66	2966	3481	3980	5157	5561	5565	5800	6203	6707	6901	7416	8532	8804	9645	11677	12302	16213	16972	19569	24626	26478	29825	39238	43407	47773	59512	72543	90308	102242	154088	193163	416179	440711	470664	476708	498199	507120	522277	
G	67	2	5	6	7	8	10	11	12	13	14	15	16	17	18	19	20	21	22	23	24	25	26	27	28	29	30	31	32	33	34	35	36	37	38	39	40	41	
G	67	3473	4021	4518	5689	6104	6354	6770	7225	7424	7899	9077	9352	10209	12201	12913	17113	17846	20616	25898	27722	31313	40909	45197	49365	61379	74593	92996	104879	158023	197976	425447	449203	476895	482030	501149	508987	521901	
G	68	2	5	6	7	8	9	10	11	12	13	14	15	16	17	18	19	20	21	22	23	24	25	26	27	28	29	30	31	32	33	34	35	36	37	38	39	40	41	
G	68	4010	4563	5067	6316	6795	6798	7074	7538	8054	8224	8715	9956	10233	11137	13134	13846	18117	18845	21760	27053	28965	32548	42223	46623	50590	62667	76147	94828	106715	161005	201314	434966	456881	482100	486754	503750	510307	521286	
G	69	2	5	6	7	8	9	10	11	12	13	14	15	16	17	18	19	20	21	22	23	24	25	26	27	28	29	30	31	32	33	34	35	36	37	38	39	40	41	
G	69	4493	5103	5530	6800	7257	7258	7578	8041	8586	8720	9212	10457	10711	11639	13697	14391	18846	19528	20243	24054	30003	33834	43457	47913	51660	64257	77750	96848	108773	164801	205978	444247	465146	488338	492447	507759	513414	522634	
G	70	2	5	6	7	8	9	10	11	12	13	14	15	16	17	18	19	20	21	22	23	24	25	26	27	28	29	30	31	32	33	34	35	36	37	38	39	40	41	
G	70	5083	5692	6085	7351	7805	7806	8136	8534	9125	9253	9670	11086	11354	12326	14436	15198	19824	20431	21095	24962	31175	35153	44718	49285	52857	65912	79392	98631	110554	167468	209615	451112	471049	492082	495589	508989	513840	521497	
G	71	2	5	6	7	8	10	11	12	13	14	15	16	17	18	19	20	21	22	23	24	25	26	27	28	29	30	31	32	33	34	35	36	37	38	39	40	41	
G	71	5591	6221	6614	7869	8281	8608	8957	9506	9619	10032	11561	11830	12826	14957	15792	20526	21126	21752	25603	31996	36121	45661	50428	53932	67109	80700	100623	112550	171047	213835	458637	477604	496749	499732	511590	515725	522201	
G	72	2	5	6	7	8	9	10	11	12	13	14	15	16	17	18	19	20	21	22	23	24	25	26	27	28	29	30	31	32	33	34	35	36	37	38	39	40	41	
G	72	6213	6925	7268	8476	8879	8880	9232	9600	10178	10278	10665	12192	12444	13546	15554	16387	21298	21873	22459	26305	33024	37126	46777	51470	54673	68113	81559	101425	113455	173091	216474	465064	482650	499512	502059	512511	515851	521192	
G	73	2	5	6	7	8	10	11	12	13	14	15	16	17	18	19	20	21	22	23	24	25	26	27	28	29	30	31	32	33	34	35	36	37	38	39	40	41	
G	73	6799	7649	8067	9688	10152	10523	10880	11662	11755	12163	13836	14151	15252	17520	18431	23572	24132	24752	28786	35770	40183	49802	54682	57805	71838	85346	105786	118116	178994	222767	472189	488845	504170	506447	515455	518265	522650	
G	74	2	5	6	7	8	10	11	12	13	14	15	16	17	18	19	20	21	22	23	24	25	26	27	28	29	30	31	32	33	34	35	36	37	38	39	40	41	
G	74	7214	8096	8463	10125	10592	11014	11339	12027	12127	12465	14290	14592	15801	17989	18978	24411	24906	25510	29514	36950	41423	45301	56442	59298	73575	87239	108189	120604	182557	226902	476645	492423	506141	507943	516001	518314	521965	
G	75	2	5	6	7	8	9	10	11	12	13	14	15	16	17	18	19	20	21	22	23	24	25	26	27	28	29	30	31	32	33	34	35	36	37	38	39	40	41	
G	75	7768	8618	8971	10663	11677	11679	12713	13485	14094	14273	14522	18263	18515	20584	23251	25287	36573	37080	37673	45402	60775	68224	75852	98421	104151	132226	157206	198557	224243	313558	381661	495526	506524	512672	514178	520379	521668	522222	
G	76	2	5	6	7	8	10	11	12	13	14	15	16	17	18	19	20	21	22	23	24	25	26	27	28	29	30	31	32	33	34	35	36	37	38	39	40	41	
G	76	8329	9111	9417	10929	11515	12125	12532	13204	13314	13557	16120	16371	17785	19858	21263	28971	29370	29790	34939	45583	50773	55500	71123	74594	94822	112799	143671	161626	251178	313112	491493	503920	511885	513114	519522	521362	522141	
G	77	2	5	6	7	8	10	11	12	13	14	15	16	17	18	19	20	21	22	23	24	25	26	27	28	29	30	31	32	33	34	35	36	37	38	39	40	41	
G	77	8829	9591	9820	11157	11623	12127	12450	13101	13176	13384	15503	15750	17002	19098	20313	26631	26981	27430	31659	40424	45082	48687	62204	64687	81705	96223	120807	134815	206252	256182	491253	504143	513143	514248	519597	521014	522257	
G	78	2	5	6	7	8	10	11	12	13	14	15	16	17	18	19	20	21	22	23	24	25	26	27	28	29	30	31	32	33	34	35	36	37	38	39	40	41	
G	78	9066	9821	9994	11375	11788	12226	12486	13169	13234	13423	15354	15579	16705	18627	19717	25503	25811	26251	30212	38487	43046	46017	58345	60462	75939	89130	111272	123915	188968	234508	492190	504743	513243	514199	518841	519887	521273	
G	79	2	5	6	7	8	10	11	12	13	14	15	16	17	18	19	20	21	22	23	24	25	26	27	28	29	30	31	32	33	34	35	36	37	38	39	40	41	
G	79	9755	10516	10676	11950	12320	12747	12945	13626	13688	13898	15888	16177	17301	19362	20461	25919	26224	26657	30444	38463	42905	45510	57529	59302	74265	87221	108421	120309	184089	228794	496983	509012	516891	517642	521657	522385	523549	
G	80	2	5	6	7	8	10	11	12	13	14	15	16	17	18	19	20	21	22	23	24	25	26	27	28	29	30	31	32	33	34	35	36	37	38	39	40	41	
G	80	10299	11090	11233	12510	12865	13320	13538	14291	14329	14498	16520	16763	17873	19893	20962	26602	26851	27335	31081	39062	43583	45857	58116	59678	74508	86989	107937	119597	182406	227204	498170	509729	516925	517540	521010	521579	522490	
G	81	2	5	6	7	8	10	11	12	13	14	15	16	17	18	19	20	21	22	23	24	25	26	27	28	29	30	31	32	33	34	35	36	37	38	39	40	41	
G	81	11192	12007	12144	13412	13761	14213	14408	15102	15133	15279	17305	17574	18662	20685	21849	27247	27473	27903	31466	39406	43931	46006	58274	59751	74663	86836	107791	119584	182581	226993	499144	510203	516629	517195	520113	520486	521152	
G	82	2	5	6	7	8	10	11	12	13	14	15	16	17	18	19	20	21	22	23	24	25	26	27	28	29	30	31	32	33	34	35	36	37	38	39	40	41	
G	82	11708	12585	12700	14115	14517	14985	15154	15901	15946	16087	18094	18346	19544	21642	22796	28436	28648	29100	32724	40736	45321	47225	59686	60979	75837	88259	109350	121153	185021	229806	502572	513047	518793	519193	521752	522068	522531	
G	83	2	5	6	7	8	9	10	11	12	13	14	15	16	17	18	19	20	21	22	23	24	25	26	27	28	29	30	31	32	33	34	35	36	37	38	39	40	41	
G	83	12576	13429	13527	14770	15117	15118	15612	15767	16460	16488	16609	18713	18988	20105	22147	23413	28969	29121	29571	33173	41434	46203	48062	60785	62009	77114	89423	110540	122367	186645	232143	505102	515173	520235	520549	522653	522879	523219	
G	84	2	5	6	7	8	10	11	12	13	14	15	16	17	18	19	20	21	22	23	24	25	26	27	28	29	30	31	32	33	34	35	36	37	38	39	40	41	
G	84	13496	14349	14449	15753	16125	16614	16762	17489	17510	17614	19793	20064	21183	23281	24517	30213	30366	30773	34447	42945	47805	49437	62375	63450	78978	91116	112715	124611	188878	234475	505576	514926	519357	519636	521314	521462	521668	
G	85	2	5	6	7	8	10	11	12	13	14	15	16	17	18	19	20	21	22	23	24	25	26	27	28	29	30	31	32	33	34	35	36	37	38	39	40	41	
G	85	14579	15426	15500	16794	17149	17677	17782	18588	18604	18711	20894	21153	22264	24405	25690	31393	31554	32017	35578	44158	49055	50421	63817	64782	80464	92744	114577	126731	192170	238197	508192	517188	520857	521057	522373	522469	522605	
G	86	2	5	6	7	8	10	11	12	13	14	15	16	17	18	19	20	21	22	23	24	25	26	27	28	29	30	31	32	33	34	35	36	37	38	39	40	41	
G	86	15431	16259	16342	17729	18103	18589	18693	19462	19478	19582	21708	21963	23089	25294	26625	32439	32569	33004	36578	45285	50218	51482	65028	65935	81806	94224	116399	128540	194158	240694	509354	517822	521007	521166	522162	522230	522312	
G	87	2	5	6	7	8	9	10	11	12	13	14	15	16	17	18	19	20	21	22	23	24	25	26	27	28	29	30	31	32	33	34	35	36	37	38	39	40	41	
G	87	16623	17427	17499	18811	19147	19148	19634	19727	20564	20577	20653	22851	23140	24271	26424	27770	33630	33734	34221	37872	46795	51847	53038	66899	67696	83502	95583	117824	130023	196325	243123	509843	518015	520631	520747	521481	521522	521563	
G	88	2	5	6	7	8	10	11	12	13	14	15	16	17	18	19	20	21	22	23	24	25	26	27	28	29	30	31	32	33	34	35	36	37	38	39	40	41	
G	88	17671	18543	18600	19931	20254	20748	20831	21618	21632	21700	23879	24140	25270	27486	28885	34644	34748	35206	38909	47699	52649	53741	67760	68465	84569	96981	119253	131528	198630	245940	511593	519302	521510	521590	522143	522154	522189	
G	89	2	5	6	7	8	10	11	12	13	14	15	16	17	18	19	20	21	22	23	24	25	26	27	28	29	30	31	32	33	34	35	36	37	38	39	40	41	
G	89	19464	20307	20355	21639	21959	22404	22473	23223	23233	23296	25466	25736	26872	28931	30343	36006	36093	36610	40279	49184	54317	55347	69404	70027	86398	98814	121330	133551	201070	248671	513409	520652	522477	522528	522928	522942	522966	
G	90	2	5	6	7	8	9	10	11	12	13	14	15	16	17	18	19	20	21	22	23	24	25	26	27	28	29	30	31	32	33	34	35	36	37	38	39	40	41	
G	90	20645	21427	21465	22792	23123	23124	23613	23660	24464	24470	24531	26651	26904	28070	30218	31620	37245	37338	37805	41395	50339	55272	56184	70405	70977	87521	100022	123037	135509	203824	251848	514425	521555	523095	523142	523407	523409	523417	
G	91	2	5	6	7	8	10	11	12	13	14	15	16	17	18	19	20	21	22	23	24	25	26	27	28	29	30	31	32	33	34	35	36	37	38	39	40	41	
G	91	22420	23237	23270	24431	24757	25172	25223	26048	26056	26103	28222	28475	29595	31774	33140	38799	38880	39384	42883	51897	57004	57793	72268	72769	89442	102021	125178	137952	206852	255515	514929	521483	522823	522850	523024	523025	523028	
G	92	2	5	6	7	8	10	11	12	13	14	15	16	17	18	19	20	21	22	23	24	25	26	27	28	29	30	31	32	33	34	35	36	37	38	39	40	41	
G	92	24085	24902	24937	26206	26480	26948	26983	27767	27770	27814	29942	30228	31309	33596	34963	40530	40600	41067	44699	53997	59017	59723	74487	74961	91908	104403	127719	140589	209920	258815	512863	519104	520068	520091	520219	520221	520223	
G	93	2	5	6	7	8	10	11	12	13	14	15	16	17	18	19	20	21	22	23	24	25	26	27	28	29	30	31	32	33	34	35	36	37	38	39	
G	93	26729	27403	27432	28525	28772	29433	29520	30198	30199	30232	32193	32432	33539	35608	36947	42352	42402	42889	46370	55533	60448	61130	75752	76128	92771	105176	128857	141852	211740	260495	514675	520717	521441	521452	521530	
G	94	2	5	6	7	8	10	11	12	13	14	15	16	17	18	19	20	21	22	23	24	25	26	27	28	29	30	31	32	33	34	35	36	37	38	39	
G	94	29464	30032	30050	31030	31241	31759	31803	31808	32515	32540	34309	34574	35660	37781	39079	44398	44436	44883	48364	57300	62296	62877	77563	77930	94612	107623	131699	144638	214548	264087	516139	521958	522487	522492	522536	
G	95	2	5	6	7	8	10	11	12	13	14	15	16	17	18	19	20	21	22	23	24	25	26	27	28	29	30	31	32	33	34	35	36	37	38	39	
G	95	32907	33383	33391	34203	34371	34708	34740	34742	35305	35319	37007	37258	38289	40372	41637	46623	46656	47119	50501	59203	64205	64737	79108	79384	95969	108906	132946	146019	216204	266403	517440	523095	523521	523526	523557	
G	96	2	5	6	7	8	10	11	12	13	14	15	16	17	18	19	20	21	22	23	24	25	26	27	28	29	30	31	32	33	34	35	36	37	38	39	
G	96	36693	37046	37059	37683	37793	38033	38045	38047	38464	38477	39988	40227	41116	43128	44345	48909	48952	49447	52690	61145	66063	66547	80508	80775	96996	109835	133895	147545	218050	268052	517142	522682	522958	522959	522977	
G	97	2	5	6	7	8	10	11	12	13	14	15	16	17	18	19	20	21	22	23	24	25	26	27	28	29	30	31	32	33	34	35	36	37	38	39	
G	97	40503	40685	40689	41106	41163	41310	41315	41316	41618	41626	42969	43173	43969	45738	46776	51060	51087	51556	54587	62703	67422	67827	81887	82141	98369	111518	135860	148920	219528	269946	517712	522796	522987	522988	522996	
G	98	2	5	7	8	10	11	12	13	14	15	16	17	18	19	20	21	22	23	24	25	26	27	28	29	30	31	32	33	34	35	36	37	38	39	
G	98	44266	44305	44451	44460	44501	44502	44504	44633	44639	45903	46115	46805	48667	49648	53601	53624	54028	56869	64615	69027	69382	83140	83368	99348	112188	136616	150016	221267	272243	518095	523110	523253	523255	523259	
G	99	2	13	15	16	17	18	19	20	21	22	23	24	25	26	27	28	29	30	31	32	33	34	35	36	37	38	39	
G	99	46506	46519	47756	47991	48622	50539	51436	55337	55351	55852	58624	66491	70805	71127	84964	85162	100896	113861	138879	152183	223658	274407	517567	522328	522453	522454	522456	
C	0	10	16	19	22	23	25	26	27	28	30	31	33	34	
C	0	352	1204	1209	1402	2693	3850	8085	13611	17209	43364	215187	251247	524100	
C	1	10	16	19	22	23	25	26	27	28	30	31	33	34	
C	1	315	1425	1493	1962	2975	3736	7476	14665	16876	35256	162817	168460	471241	
C	2	10	16	19	22	23	25	26	27	28	30	31	33	34	
C	2	513	1698	1726	2395	3498	4315	8389	16408	18764	37417	166041	170667	502042	
C	3	10	16	19	22	25	26	27	28	29	30	31	32	33	35	37	
C	3	293	756	1063	1520	2448	4220	4363	6620	6680	11743	11871	18287	29709	121628	518072	
C	4	10	16	19	22	25	26	27	28	29	30	31	32	33	35	37	
C	4	465	1200	1561	2175	3368	5650	5807	8195	8259	14116	14249	20810	32323	117091	481987	
C	5	8	10	11	15	16	17	18	19	21	22	23	25	26	27	28	29	30	31	32	33	35	36	37	
C	5	107	419	477	552	846	1254	1572	1808	1965	2018	2771	4473	6337	6908	8212	9526	15461	17012	26081	36112	125524	130894	525298	
C	6	8	10	11	15	16	17	18	19	21	22	23	25	26	27	28	29	30	31	32	33	35	36	37	
C	6	106	391	445	507	726	1018	1308	1529	1698	1764	2435	3980	5793	6357	7573	8778	14276	15842	24493	33981	116046	121131	483108	
C	7	8	10	11	15	16	17	18	19	21	22	23	25	26	27	28	29	30	31	32	33	34	35	36	37	
C	7	118	477	547	637	935	1282	1598	1798	1985	2035	2772	4465	6229	6960	8064	9365	15156	16796	25579	35448	35449	121244	126545	504051	
C	8	8	10	11	14	15	16	17	18	19	20	21	22	23	25	26	27	28	29	30	31	32	33	34	35	36	37	38	39	
C	8	125	479	537	538	644	918	1257	1607	1824	1825	1997	2049	2796	4558	5373	7494	8442	9628	15611	16770	24765	32451	36480	65280	65291	115069	145326	511962	
C	9	8	10	11	15	16	17	18	19	20	21	22	23	24	25	26	27	28	29	30	31	32	33	34	35	36	37	38	39	
C	9	147	548	628	736	1032	1408	1766	2008	2010	2188	2248	3056	3058	4903	5740	8187	8976	10353	16423	17618	25760	33933	38012	67212	67219	117180	148486	510440	
C	10	8	9	10	11	13	15	16	17	18	19	20	21	22	23	24	25	26	27	28	29	30	31	32	33	34	35	36	37	38	39	
C	10	154	155	547	607	608	731	1008	1379	1715	1918	1919	2106	2180	2974	2980	4925	5759	8367	8881	10157	16416	17610	26095	34043	38216	68117	68124	118489	150675	512278	
C	11	5	7	8	9	10	11	12	15	16	17	18	19	20	21	22	23	24	25	26	27	28	29	30	31	32	33	34	35	36	37	38	39	
C	11	1	3	159	161	555	620	622	758	1049	1450	1841	2114	2116	2320	2406	3290	3306	5093	5962	8995	9311	10663	17122	18368	26813	34696	38925	68602	68611	119453	152884	513671	
C	12	6	7	8	9	10	11	13	14	15	16	17	18	19	20	21	22	23	24	25	26	27	28	29	30	31	32	33	34	35	36	37	38	39	
C	12	1	3	171	172	626	717	718	719	847	1178	1584	1952	2204	2205	2417	2491	3396	3436	5368	6227	9219	9512	10877	17640	18852	27722	35831	40014	70592	70595	121670	155469	510196	
C	13	6	7	8	9	10	11	12	14	15	16	17	18	19	20	21	22	23	24	25	26	27	28	29	30	31	32	33	34	35	36	37	38	39	40	41	
C	13	1	3	183	189	614	694	695	696	715	1119	1556	1928	2188	2191	2435	2505	2959	3434	5410	6285	9397	9699	11108	14123	18762	24009	33400	38224	44097	62267	76041	120430	145778	237976	508015	
C	14	6	7	8	9	10	11	12	13	14	15	16	17	18	19	20	21	22	23	24	25	26	27	28	29	30	31	32	33	34	35	36	37	38	39	40	41	
C	14	5	7	182	186	676	762	763	764	769	788	1188	1621	1990	2244	2245	2464	2536	3036	3551	5523	6445	9678	10014	11473	14469	19181	24707	34197	39248	45389	63938	77842	122913	148762	242325	511916	
C	15	6	7	8	9	10	11	12	13	14	15	16	17	18	19	20	21	22	23	24	25	26	27	28	29	30	31	32	33	34	35	36	37	38	39	40	41	
C	15	3	7	188	204	607	669	670	672	675	739	1139	1581	1990	2219	2223	2441	2512	3027	3546	5466	6358	9503	9844	11304	14445	19059	24537	34075	39055	45331	63754	77772	122738	148737	243890	509368	
C	16	6	7	8	9	10	11	12	13	14	15	16	17	18	19	20	21	22	23	24	25	26	27	28	29	30	31	32	33	34	35	36	37	38	39	40	41	
C	16	5	10	285	314	802	892	893	894	904	976	1435	1845	2263	2560	2563	2847	2922	3483	4186	6280	7309	10481	10860	12473	15846	20758	26227	36120	41152	47474	66223	80428	126531	153147	249096	510298	
C	17	6	7	8	9	10	11	12	13	14	15	16	17	18	19	20	21	22	23	24	25	26	27	28	29	30	31	32	33	34	35	36	37	38	39	40	41	
C	17	2	6	231	265	754	821	826	831	837	918	1356	1749	2154	2435	2438	2683	2769	3342	4016	6065	7062	10260	10643	12132	15520	20364	26074	35927	41134	47913	67035	81800	128825	156278	254381	513881	
C	18	5	6	7	8	9	10	11	12	13	14	15	16	17	18	19	20	21	22	23	24	25	26	27	28	29	30	31	32	33	34	35	36	37	38	39	40	41	
C	18	1	4	10	248	301	793	859	866	870	873	953	1386	1499	2294	2566	2578	2881	2970	3621	4441	6452	7506	10687	11058	12693	16227	21187	26587	33122	41679	48573	65567	81098	123194	155197	254733	511233	
C	19	5	6	7	8	9	10	11	12	13	14	15	16	17	18	19	20	21	22	23	24	25	26	27	28	29	30	31	32	33	34	35	36	37	38	39	40	41	
C	19	1	12	24	344	447	979	1078	1083	1089	1096	1233	1745	1863	2674	3031	3039	3372	3472	4187	5173	7253	8366	11675	12054	13747	17792	22828	28385	35327	44189	51583	68879	84278	127942	160398	261586	513376	
C	20	6	7	8	9	10	11	12	13	14	15	16	17	18	19	20	21	22	23	24	25	26	27	28	29	30	31	32	33	34	35	36	37	38	39	40	41	
C	20	9	22	321	424	861	915	920	927	944	1103	1562	1697	2461	2752	2766	3130	3210	3966	5007	6876	7950	11144	11579	13291	17402	22469	28004	34957	44092	51935	69189	85203	129908	163382	265885	516972	
C	21	6	7	8	9	10	11	12	13	14	15	16	17	18	19	20	21	22	23	24	25	26	27	28	29	30	31	32	33	34	35	36	37	38	39	40	41	
C	21	15	28	364	477	900	977	983	988	1001	1186	1707	1869	2567	2893	2910	3307	3427	4224	5371	7192	8289	11412	11821	13443	17857	23058	28297	35559	44386	52930	70100	86399	131670	164918	269275	514670	
C	22	6	7	8	9	10	11	12	13	14	15	16	17	18	19	20	21	22	23	24	25	26	27	28	29	30	31	32	33	34	35	36	37	38	39	40	41	
C	22	13	41	377	505	860	910	920	933	949	1189	1686	1870	2495	2779	2801	3211	3343	4114	5329	7173	8241	11221	11641	13322	17931	23152	28213	35443	44258	53008	69912	86156	132154	165676	270739	513048	
C	23	5	6	7	8	9	10	11	12	13	14	15	16	17	18	19	20	21	22	23	24	25	26	27	28	29	30	31	32	33	34	35	36	37	38	39	40	41	
C	23	1	19	37	330	470	752	782	790	802	827	1072	1573	1747	2312	2631	2656	3109	3256	4085	5441	7248	8396	11274	11764	13517	18345	23510	28513	36002	44998	54572	71659	88609	135816	169224	275769	519063	
C	24	6	7	8	9	10	11	12	13	14	15	16	17	18	19	20	21	22	23	24	25	26	27	28	29	30	31	32	33	34	35	36	37	38	39	40	41	
C	24	17	42	349	520	819	846	856	864	887	1198	1680	1840	2397	2687	2713	3174	3316	4115	5561	7282	8470	11191	11655	13443	18406	23527	28273	36094	44751	54841	71741	88370	136365	169380	277788	516257	
C	25	5	6	7	8	9	10	11	12	13	14	15	16	17	18	19	20	21	22	23	24	25	26	27	28	29	30	31	32	33	34	35	36	37	38	39	40	41	
C	25	1	42	92	580	892	1213	1255	1274	1287	1322	1642	2115	2286	2883	3242	3283	3811	3983	4836	6316	8070	9338	12062	12619	14394	19527	24775	29546	37273	45741	56658	73370	90275	138979	171372	281025	514187	
C	26	5	6	7	8	9	10	11	12	13	14	15	16	17	18	19	20	21	22	23	24	25	26	27	28	29	30	31	32	33	34	35	36	37	38	39	40	41	
C	26	5	58	129	680	1037	1308	1334	1363	1394	1445	1880	2449	2608	3164	3545	3595	4236	4422	5247	6879	8652	9943	12633	13189	15156	20595	26118	31023	39276	48009	59780	76814	94263	144233	176718	289270	518749	
C	27	5	6	7	8	9	10	11	12	13	14	15	16	17	18	19	20	21	22	23	24	25	26	27	28	29	30	31	32	33	34	35	36	37	38	39	40	41	
C	27	2	44	115	683	1113	1350	1370	1404	1432	1484	1948	2497	2670	3210	3589	3657	4390	4586	5427	7057	8852	10194	12883	13598	15709	21394	27090	31802	40482	49293	61653	78627	96400	147093	179665	293937	516485	
C	28	5	6	7	8	9	10	11	12	13	14	15	16	17	18	19	20	21	22	23	24	25	26	27	28	29	30	31	32	33	34	35	36	37	38	39	40	41	
C	28	6	79	166	781	1235	1415	1432	1468	1508	1565	2090	2588	2753	3292	3706	3778	4529	4791	5739	7489	9323	10761	13505	14272	16358	22277	28178	33037	41940	50647	64084	80696	98649	150225	183184	298573	516859	
C	29	5	6	7	8	9	10	11	12	13	14	15	16	17	18	19	20	21	22	23	24	25	26	27	28	29	30	31	32	33	34	35	36	37	38	39	40	41	
C	29	5	89	251	953	1513	1688	1702	1747	1808	1897	2467	2980	3134	3711	4145	4247	5039	5362	6357	8292	10148	11758	14519	15411	17585	23789	30006	34884	44370	53196	67626	84398	103666	156783	190797	308190	520054	
C	30	5	6	7	8	9	10	11	12	13	14	15	16	17	18	19	20	21	22	23	24	25	26	27	28	29	30	31	32	33	34	35	36	37	38	39	40	41	
C	30	4	119	285	936	1515	1639	1651	1702	1771	1875	2550	3085	3251	3878	4333	4445	5302	5686	6768	8811	10602	12230	14857	15837	18025	24282	30585	35451	45331	54432	69488	86342	105874	159763	193933	311466	517970	
C	31	5	6	7	8	9	10	11	12	13	14	15	16	17	18	19	20	21	22	23	24	25	26	27	28	29	30	31	32	33	34	35	36	37	38	39	40	41	
C	31	4	156	368	1114	1894	2005	2023	2104	2199	2328	3014	3559	3730	4360	4864	5013	5914	6279	7424	9391	11267	13179	15902	16981	19352	25733	32402	37287	47829	56843	72838	89751	109889	164642	199037	316905	516351	
C	32	5	6	7	8	9	10	11	12	13	14	15	16	17	18	19	20	21	22	23	24	25	26	27	28	29	30	31	32	33	34	35	36	37	38	39	40	41	
C	32	9	164	384	1199	1891	1971	1986	2066	2189	2351	3130	3625	3771	4433	4975	5161	6174	6617	7896	9988	11805	13843	16620	17920	20367	26842	33779	39050	50148	59564	76571	93853	114899	170692	206309	325610	519759	
C	33	5	6	7	8	9	10	11	12	13	14	15	16	17	18	19	20	21	22	23	24	25	26	27	28	29	30	31	32	33	34	35	36	37	38	39	40	41	
C	33	8	212	456	1330	2166	2210	2234	2359	2491	2691	3502	4003	4167	4820	5393	5597	6744	7245	8602	10797	12631	14916	17930	19369	21895	28553	35774	41396	53111	62700	80428	97992	120019	176277	213061	332739	518835	
C	34	5	6	7	8	9	10	11	12	13	14	15	16	17	18	19	20	21	22	23	24	25	26	27	28	29	30	31	32	33	34	35	36	37	38	39	40	41	
C	34	18	232	551	1301	2027	2065	2085	2197	2382	2615	3408	3847	4013	4644	5231	5497	6665	7234	8618	10868	12623	14910	17774	19485	22120	28883	36238	41902	53985	63901	82822	100655	123423	180671	218509	337589	517764	
C	35	5	6	7	8	9	10	11	12	13	14	15	16	17	18	19	20	21	22	23	24	25	26	27	28	29	30	31	32	33	34	35	36	37	38	39	40	41	
C	35	12	322	708	1571	2423	2449	2484	2642	2820	3096	3891	4320	4523	5216	5860	6160	7312	7990	9473	11748	13426	15988	18879	20818	23684	30198	37851	43883	56759	67219	86955	105592	129775	187439	226058	346053	519416	
C	36	5	6	7	8	9	10	11	12	13	14	15	16	17	18	19	20	21	22	23	24	25	26	27	28	29	30	31	32	33	34	35	36	37	38	39	40	41	
C	36	11	356	781	1643	2497	2504	2541	2737	2970	3274	4083	4474	4690	5391	6050	6423	7602	8301	9893	12176	13675	16557	19440	21605	24511	31180	39226	45519	58709	69618	90581	109705	134673	193161	232936	351698	520003	
C	37	5	6	7	8	9	10	11	12	13	14	15	16	17	18	19	20	21	22	23	24	25	26	27	28	29	30	31	32	33	34	35	36	37	38	39	40	41	
C	37	12	393	952	1942	2751	2766	2813	2995	3274	3637	4442	4823	5073	5845	6523	6922	8238	9094	10793	13160	14693	17852	20895	23340	26485	32907	41428	48207	61901	73128	95176	115176	141459	199452	240846	358855	517933	
C	38	5	6	7	8	9	10	11	12	13	14	15	16	17	18	19	20	21	22	23	24	25	26	27	28	29	30	31	32	33	34	35	36	37	38	39	40	41	
C	38	23	496	1138	2147	3059	3072	3139	3368	3699	4146	5061	5426	5695	6548	7338	7774	8967	9880	11965	14440	15849	19244	22408	25268	28658	35173	44023	51291	65940	78404	101670	122901	150384	208739	251912	368582	521421	
C	39	5	6	7	8	9	10	11	12	13	14	15	16	17	18	19	20	21	22	23	24	25	26	27	28	29	30	31	32	33	34	35	36	37	38	39	40	41	
C	39	21	400	923	1713	2358	2374	2444	2715	3127	3515	4330	4652	4909	5693	6314	6937	8071	9031	11107	13306	14632	18062	20671	23723	26649	33090	41692	48810	62810	74794	99457	118926	147020	198027	246364	349930	519367	
C	40	5	6	7	8	9	10	11	12	13	14	15	16	17	18	19	20	21	22	23	24	25	26	27	28	29	30	31	32	33	34	35	36	37	38	39	40	41	
C	40	32	426	986	1774	2353	2376	2460	2712	3092	3512	4188	4474	4702	5417	6081	6656	7786	8801	10946	13062	14311	17930	20460	23882	26998	33283	41896	49068	63178	75745	102399	122605	151811	200251	247633	347418	516806	
C	41	5	6	7	8	9	10	11	12	13	14	15	16	17	18	19	20	21	22	23	24	25	26	27	28	29	30	31	32	33	34	35	36	37	38	39	40	41	
C	41	40	458	959	1688	2182	2195	2289	2521	2881	3303	3895	4173	4424	5203	5885	6540	7595	8670	10824	12923	14043	17814	20430	24064	27398	33661	42549	50105	64654	78339	107411	128865	159777	208248	256654	355138	521851	
C	42	5	6	7	8	9	10	11	12	13	14	15	16	17	18	19	20	21	22	23	24	25	26	27	28	29	30	31	32	33	34	35	36	37	38	39	40	41	
C	42	21	339	815	1487	1849	1873	1968	2216	2632	3032	3523	3722	3933	4652	5207	5892	6859	7961	9978	11830	12830	16637	18785	22552	25444	31488	40017	47490	61370	74632	107089	128480	160576	201618	256090	341006	519372	
C	43	5	6	7	8	9	10	11	12	13	14	15	16	17	18	19	20	21	22	23	24	25	26	27	28	29	30	31	32	33	34	35	36	37	38	39	40	41	
C	43	31	388	912	1554	1962	1991	2097	2325	2737	3115	3614	3810	4070	4844	5410	6119	7108	8173	10345	12036	13025	17024	19217	22933	26147	31797	40411	48082	61790	75691	112042	134467	168080	207578	260840	340861	520304	
C	44	5	6	7	8	9	10	11	12	13	14	15	16	17	18	19	20	21	22	23	24	25	26	27	28	29	30	31	32	33	34	35	36	37	38	39	40	41	
C	44	30	383	886	1498	1786	1808	1923	2156	2546	2946	3344	3527	3755	4453	4975	5875	6747	7796	9911	11578	12566	16506	18606	22460	25811	31158	39858	47624	61638	76617	117212	140841	176217	213759	267786	344236	521610	
C	45	5	6	7	8	9	10	11	12	13	14	15	16	17	18	19	20	21	22	23	24	25	26	27	28	29	30	31	32	33	34	35	36	37	38	39	40	41	
C	45	33	357	895	1462	1730	1753	1882	2134	2571	2947	3267	3434	3671	4378	4908	5822	6629	7758	9935	11536	12471	16563	18643	22653	26214	31601	40266	48235	62764	78288	123783	148935	186532	222209	276724	348962	520541	
C	46	5	6	7	8	9	10	11	12	13	14	15	16	17	18	19	20	21	22	23	24	25	26	27	28	29	30	31	32	33	34	35	36	37	38	39	40	41	
C	46	28	363	913	1519	1761	1785	1912	2150	2594	2966	3293	3420	3690	4428	4974	5955	6735	7894	10092	11681	12593	16783	18914	22939	26650	32074	41031	49185	63971	80867	131283	157327	197022	230968	286824	355327	518897	
C	47	5	6	7	8	9	10	11	12	13	14	15	16	17	18	19	20	21	22	23	24	25	26	27	28	29	30	31	32	33	34	35	36	37	38	39	40	41	
C	47	41	541	1262	2036	2332	2349	2498	2766	3204	3645	3967	4141	4477	5427	6015	7201	8066	9414	11791	13601	14628	19242	21565	25736	30003	35466	44702	53466	69326	87689	143994	172180	214098	246896	303373	368495	521625	
C	48	5	6	7	8	9	10	11	12	13	14	15	16	17	18	19	20	21	22	23	24	25	26	27	28	29	30	31	32	33	34	35	36	37	38	39	40	41	
C	48	39	522	1273	2106	2344	2386	2560	2846	3363	3819	4134	4295	4641	5607	6230	7485	8371	9736	11941	13889	14792	19644	22175	26842	31235	37117	46848	55909	72322	91856	154134	183545	226999	256880	315728	377172	519981	
C	49	5	6	7	8	9	10	11	12	13	14	15	16	17	18	19	20	21	22	23	24	25	26	27	28	29	30	31	32	33	34	35	36	37	38	39	40	41	
C	49	58	537	1278	2012	2206	2256	2466	2744	3285	3711	4011	4164	4485	5474	6035	7342	8228	9643	11853	13891	14834	19814	22287	26973	31617	37760	47781	57325	74777	95905	165412	196131	241530	269921	329258	386587	518812	
C	50	5	6	7	8	9	10	11	12	13	14	15	16	17	18	19	20	21	22	23	24	25	26	27	28	29	30	31	32	33	34	35	36	37	38	39	40	41	
C	50	64	503	1177	1826	1981	2035	2239	2538	3047	3449	3740	3901	4238	5311	5792	7279	8140	9632	11863	13916	14883	20179	22793	27587	32626	39064	49100	58927	77238	99740	177298	210130	257404	284149	343909	398048	522500	
C	51	5	6	7	8	9	10	11	12	13	14	15	16	17	18	19	20	21	22	23	24	25	26	27	28	29	30	31	32	33	34	35	36	37	38	39	40	41	
C	51	55	472	1203	1829	1953	2014	2220	2498	2956	3314	3571	3722	4078	5194	5687	7238	8120	9509	11838	13899	14795	20031	22770	27534	32862	39408	49841	59864	78813	103155	188953	222733	271097	296494	355735	405706	520101	
C	52	5	6	7	8	9	10	11	12	13	14	15	16	17	18	19	20	21	22	23	24	25	26	27	28	29	30	31	32	33	34	35	36	37	38	39	40	41	
C	52	68	457	1211	1838	1943	2004	2276	2569	3069	3436	3712	3861	4260	5395	5820	7447	8377	9818	12145	14217	15236	20607	23337	27833	33235	40125	50905	61048	81153	106585	200723	236053	285673	309081	368060	414177	519895	
C	53	5	6	7	8	9	10	11	12	13	14	15	16	17	18	19	20	21	22	23	24	25	26	27	28	29	30	31	32	33	34	35	36	37	38	39	40	41	
C	53	70	476	1239	1826	1913	2000	2224	2512	3014	3420	3686	3842	4250	5456	5890	7708	8587	10032	12377	14552	15690	21215	24021	28696	34521	41709	52856	63535	84880	112047	215345	252217	303093	324940	382854	424908	522338	
C	54	5	6	7	8	9	10	11	12	13	14	15	16	17	18	19	20	21	22	23	24	25	26	27	28	29	30	31	32	33	34	35	36	37	38	39	40	41	
C	54	77	471	1345	2027	2103	2193	2438	2701	3163	3606	3883	4031	4524	5812	6271	8104	9063	10529	13094	14542	16537	22198	24979	29727	35863	43433	54671	65465	87414	116355	228759	266699	317592	338075	394170	432543	520071	
C	55	5	6	7	8	9	10	11	12	13	14	15	16	17	18	19	20	21	22	23	24	25	26	27	28	29	30	31	32	33	34	35	36	37	38	39	40	41	
C	55	93	496	1460	2105	2164	2262	2554	2829	3330	3798	4090	4239	4680	6022	6413	8351	9379	10891	13480	15114	17127	22842	25922	30584	37022	44890	56725	67949	91430	122238	243809	282306	333015	351803	405536	440733	519091	
C	56	5	6	7	8	9	10	11	12	13	14	15	16	17	18	19	20	21	22	23	24	25	26	27	28	29	30	31	32	33	34	35	36	37	38	39	40	41	
C	56	133	526	1472	2064	2125	2231	2527	2758	3202	3638	3934	4059	4508	5976	6345	8495	9488	11007	13665	15228	17452	23439	26586	31393	38120	46313	58472	69739	94533	127141	258487	297831	348457	365659	417819	449635	520323	
C	57	5	6	7	8	9	10	11	12	13	14	15	16	17	18	19	20	21	22	23	24	25	26	27	28	29	30	31	32	33	34	35	36	37	38	39	40	41	
C	57	115	507	1493	2060	2103	2216	2533	2793	3265	3716	4077	4214	4691	6223	6545	8833	9830	11340	14233	15888	18228	24162	27522	32012	39070	47589	60099	71899	97947	132182	273405	313268	362791	378563	428365	457220	520070	
C	58	5	6	7	8	9	10	11	12	13	14	15	16	17	18	19	20	21	22	23	24	25	26	27	28	29	30	31	32	33	34	35	36	37	38	39	40	41	
C	58	145	522	1570	2167	2200	2329	2659	2920	3382	3772	4162	4293	4736	6452	6753	8820	9705	11675	13821	15238	17728	24903	28438	33037	40578	49512	62127	74070	101777	137927	288940	328712	377532	391752	438572	463958	519793	
C	59	5	6	7	8	9	10	11	12	13	14	15	16	17	18	19	20	21	22	23	24	25	26	27	28	29	30	31	32	33	34	35	36	37	38	39	40	41	
C	59	181	589	1675	2272	2294	2431	2781	3059	3449	3800	4213	4353	4892	6704	6968	9175	10054	12188	14299	15814	18374	25868	29624	34101	41648	50856	64193	76484	105931	143797	305278	345565	393439	406439	451142	473700	522474	
C	60	5	6	7	8	9	10	11	12	13	14	15	16	17	18	19	20	21	22	23	24	25	26	27	28	29	30	31	32	33	34	35	36	37	38	39	40	41	
C	60	183	532	1712	2218	2235	2413	2752	2999	3408	3740	4169	4312	4861	6800	7060	9345	10174	12411	14644	16166	18956	26613	30384	34729	42498	52177	65661	78301	108403	147473	318254	358240	404412	415924	457178	477148	519951	
C	61	2	5	6	7	8	9	10	11	12	13	14	15	16	17	18	19	20	21	22	23	24	25	26	27	28	29	30	31	32	33	34	35	36	37	38	39	40	41	
C	61	307	491	857	2073	2596	2616	2790	3137	3428	3778	4102	4632	4771	5359	7370	7590	10001	10893	13300	15574	17061	19953	27515	31659	35796	43799	53703	67667	80406	112083	153169	332938	372465	416560	426801	465044	482592	519895	
C	62	2	5	6	7	8	9	10	11	12	13	14	15	16	17	18	19	20	21	22	23	24	25	26	27	28	29	30	31	32	33	34	35	36	37	38	39	40	41	
C	62	720	936	1334	2560	3060	3070	3288	3663	3949	4253	4583	5149	5286	5914	8030	8234	10854	11635	14022	16396	17920	20919	28662	32965	36981	45296	55434	69805	82968	116150	159197	349107	388053	430456	439766	475522	490977	523792	
C	63	2	5	6	7	8	9	10	11	12	13	14	15	16	17	18	19	20	21	22	23	24	25	26	27	28	29	30	31	32	33	34	35	36	37	38	39	40	41	
C	63	1032	1282	1639	3098	3651	3661	3892	4265	4582	4930	5217	5790	5913	6577	8852	9040	11811	12588	15062	17558	19131	22510	30081	34527	38352	46820	57346	71865	85047	119136	163080	360228	398182	438208	446402	478392	491652	519506	
C	64	2	5	6	7	8	9	10	11	12	13	14	15	16	17	18	19	20	21	22	23	24	25	26	27	28	29	30	31	32	33	34	35	36	37	38	39	40	41	
C	64	1376	1605	1947	3275	3763	3772	4013	4427	4760	5094	5387	5963	6167	6868	8503	9280	12123	12859	14754	17929	19586	23078	30529	33735	37315	47955	58665	73658	87184	122284	168025	372843	409600	446972	454225	483340	494872	519087	
C	65	2	5	6	7	8	9	10	11	12	13	14	15	16	17	18	19	20	21	22	23	24	25	26	27	28	29	30	31	32	33	34	35	36	37	38	39	40	41	
C	65	1816	2080	2411	3820	4275	4276	4570	4976	5313	5634	5896	6527	6733	7405	9203	9989	12918	13646	15661	18979	20686	24383	31992	35410	38984	49971	60955	76447	90365	127017	174403	388011	424181	459160	465423	491663	501813	522509	
C	66	2	5	6	7	8	9	10	11	12	13	14	15	16	17	18	19	20	21	22	23	24	25	26	27	28	29	30	31	32	33	34	35	36	37	38	39	40	41	
C	66	2195	2447	2726	4192	4636	4637	4925	5282	5610	5859	6100	6751	6963	7758	9512	10345	13459	14194	16104	19585	21305	25175	32678	36191	39545	50936	61883	77753	91565	129471	177714	397596	432168	464826	470280	493731	502296	520029	
C	67	2	5	6	7	8	10	11	12	13	14	15	16	17	18	19	20	21	22	23	24	25	26	27	28	29	30	31	32	33	34	35	36	37	38	39	40	41	
C	67	2567	2886	3170	4731	5122	5442	5798	6146	6373	6634	7317	7544	8309	10034	10970	14045	14654	16690	20245	21898	25988	33472	37076	40217	51957	63382	79550	93661	132591	182457	408751	442056	471999	476862	497690	505098	520205	
C	68	2	5	6	7	8	9	10	11	12	13	14	15	16	17	18	19	20	21	22	23	24	25	26	27	28	29	30	31	32	33	34	35	36	37	38	39	40	41	
C	68	3050	3419	3730	5383	5819	5820	6161	6526	6898	7117	7357	8104	8347	9145	10936	11877	15163	15776	17836	21560	23257	27510	34966	38716	41693	53776	65031	81608	96002	136196	187305	420025	452278	479883	484172	503124	509535	522512	
C	69	2	5	6	7	8	9	10	11	12	13	14	15	16	17	18	19	20	21	22	23	24	25	26	27	28	29	30	31	32	33	34	35	36	37	38	39	40	41	
C	69	3448	3825	4086	5674	6054	6055	6451	6816	7184	7397	7623	8418	8654	9463	11259	12229	15575	16161	16819	19673	23767	28299	35649	39448	42225	54232	65460	81998	96520	137518	189207	426245	456606	481736	485472	502442	507748	518657	
C	70	2	5	6	7	8	10	11	12	13	14	15	16	17	18	19	20	21	22	23	24	25	26	27	28	29	30	31	32	33	34	35	36	37	38	39	40	41	
C	70	3976	4367	4624	6293	6658	7025	7357	7769	7932	8175	9037	9290	10182	12009	13123	16594	17163	17808	20494	24769	29392	36585	40403	43084	55567	67055	83896	98610	140247	193263	435044	464118	487084	490286	505082	509692	518875	
C	71	2	5	6	7	8	10	11	12	13	14	15	16	17	18	19	20	21	22	23	24	25	26	27	28	29	30	31	32	33	34	35	36	37	38	39	40	41	
C	71	4409	4796	5036	6741	7105	7522	7829	8231	8407	8591	9544	9812	10702	12661	13808	17356	17874	18507	21368	25900	30780	38077	42228	44672	57633	69309	86529	101546	144290	199211	447151	474792	495651	498437	511661	515586	523110	
C	72	2	5	6	7	8	10	11	12	13	14	15	16	17	18	19	20	21	22	23	24	25	26	27	28	29	30	31	32	33	34	35	36	37	38	39	40	41	
C	72	4828	5233	5434	7070	7396	7810	8123	8536	8671	8861	9802	10060	10985	12944	14158	17722	18145	18655	21575	26231	31308	38266	42429	44650	57544	69009	86317	101192	144527	199967	451585	477941	496617	499058	510897	514145	520554	
C	73	2	5	6	7	8	10	11	12	13	14	15	16	17	18	19	20	21	22	23	24	25	26	27	28	29	30	31	32	33	34	35	36	37	38	39	40	41	
C	73	5368	5855	6087	8166	8554	9037	9363	9847	9994	10178	11233	11534	12541	14590	15873	19715	20166	20721	23758	28577	33882	40898	45490	47653	61098	72717	90618	105819	149966	206348	457670	482513	499019	501073	511217	513854	519073	
C	74	2	5	6	7	8	10	11	12	13	14	15	16	17	18	19	20	21	22	23	24	25	26	27	28	29	30	31	32	33	34	35	36	37	38	39	40	41	
C	74	6047	6592	6802	8868	9252	9809	10142	10637	10757	10928	11987	12305	13321	15507	16965	20899	21321	21876	25124	30303	35929	39526	47559	49590	63527	75447	93438	109190	154444	212162	467333	490758	505519	507205	516157	518414	522539	
C	75	2	5	6	7	8	10	11	12	13	14	15	16	17	18	19	20	21	22	23	24	25	26	27	28	29	30	31	32	33	34	35	36	37	38	39	40	41	
C	75	6676	7144	7308	8990	9568	10744	11358	11772	11995	12121	14350	14564	16312	18656	21333	29328	29867	30462	36508	47058	56794	63362	80484	84687	112073	135341	172615	206981	275260	371774	487618	502668	509407	510875	517807	519217	519961	
C	76	2	5	6	7	8	10	11	12	13	14	15	16	17	18	19	20	21	22	23	24	25	26	27	28	29	30	31	32	33	34	35	36	37	38	39	40	41	
C	76	6708	7178	7297	9028	9460	10200	10561	10993	11116	11214	12691	12903	14192	16191	18145	23526	23903	24299	28392	35749	42915	47045	58964	61373	80923	96726	124146	148059	215588	302218	481289	498213	507206	508288	515288	517176	518063	
C	77	2	5	6	7	8	10	11	12	13	14	15	16	17	18	19	20	21	22	23	24	25	26	27	28	29	30	31	32	33	34	35	36	37	38	39	40	41	
C	77	7145	7618	7731	9419	9759	10421	10692	11151	11249	11339	12657	12898	14021	15843	17583	21843	22115	22473	25794	31788	37864	41003	50649	52381	68437	81405	102567	121002	174187	242052	482803	501421	511305	512324	518577	520011	521550	
C	78	2	5	6	7	8	10	11	12	13	14	15	16	17	18	19	20	21	22	23	24	25	26	27	28	29	30	31	32	33	34	35	36	37	38	39	40	41	
C	78	7575	8019	8117	9773	10034	10607	10843	11241	11315	11405	12557	12805	13803	15684	17295	21096	21320	21653	24730	30193	36014	38589	47487	48855	63622	75358	94371	110783	158316	219678	482211	501088	510642	511476	516948	517960	519505	
C	79	2	5	6	7	8	10	11	12	13	14	15	16	17	18	19	20	21	22	23	24	25	26	27	28	29	30	31	32	33	34	35	36	37	38	39	40	41	
C	79	8042	8490	8580	10141	10406	10986	11221	11652	11704	11773	12957	13197	14205	16056	17635	21240	21443	21790	24835	30201	35924	38194	46920	48072	62012	73339	91631	107225	153515	212081	483644	502044	510994	511670	516236	516973	518350	
C	80	2	5	6	7	8	10	11	12	13	14	15	16	17	18	19	20	21	22	23	24	25	26	27	28	29	30	31	32	33	34	35	36	37	38	39	40	41	
C	80	8634	9073	9145	10822	11050	11632	11812	12236	12293	12361	13527	13784	14813	16753	18394	22037	22237	22534	25542	30968	36688	38701	47404	48465	62263	73374	91299	106774	152872	212016	490820	508522	516446	517000	520878	521446	522426	
C	81	2	5	6	7	8	10	11	12	13	14	15	16	17	18	19	20	21	22	23	24	25	26	27	28	29	30	31	32	33	34	35	36	37	38	39	40	41	
C	81	9109	9587	9660	11385	11606	12229	12392	12848	12901	12959	14209	14461	15444	17322	18976	22607	22751	23058	25970	31389	37323	39101	48047	48944	63175	74172	92008	107202	153012	212031	491727	508911	516040	516525	519933	520349	521114	
C	82	2	5	6	7	8	10	11	12	13	14	15	16	17	18	19	20	21	22	23	24	25	26	27	28	29	30	31	32	33	34	35	36	37	38	39	40	41	
C	82	9919	10432	10481	12231	12492	13099	13250	13707	13745	13812	15131	15410	16402	18364	20081	23634	23788	24092	27070	32593	38444	40062	49124	49905	64066	75008	92953	108484	154593	213545	493657	509890	516285	516645	519346	519626	520151	
C	83	2	5	6	7	8	9	10	11	12	13	14	15	16	17	18	19	20	21	22	23	24	25	26	27	28	29	30	31	32	33	34	35	36	37	38	39	40	41	
C	83	10345	10781	10838	12526	12786	12789	13447	13606	14083	14121	14175	15445	15718	16779	18764	20580	24278	24423	24708	27804	33388	39422	40943	50093	50812	65331	76530	94591	110104	156776	216686	496947	512382	518060	518338	520714	520924	521282	
C	84	2	5	6	7	8	10	11	12	13	14	15	16	17	18	19	20	21	22	23	24	25	26	27	28	29	30	31	32	33	34	35	36	37	38	39	40	41	
C	84	11308	11767	11822	13496	13722	14357	14502	14994	15024	15062	16279	16535	17566	19473	21345	24864	24985	25268	28336	33998	40167	41454	50799	51447	65859	77053	95390	111143	157978	218396	498195	513016	517969	518195	520081	520210	520454	
C	85	2	5	6	7	8	10	11	12	13	14	15	16	17	18	19	20	21	22	23	24	25	26	27	28	29	30	31	32	33	34	35	36	37	38	39	40	41	
C	85	12023	12565	12615	14258	14510	15164	15283	15743	15767	15801	17089	17362	18363	20370	22245	25713	25818	26093	29226	35063	41177	42437	51997	52561	67240	78136	96699	112227	159174	220025	498730	513055	517246	517413	518922	519010	519153	
C	86	2	5	6	7	8	10	11	12	13	14	15	16	17	18	19	20	21	22	23	24	25	26	27	28	29	30	31	32	33	34	35	36	37	38	39	40	41	
C	86	12998	13491	13517	15158	15381	16032	16128	16631	16655	16698	17957	18258	19325	21328	23311	26941	27028	27311	30420	36404	42836	43984	53856	54375	69211	80377	99072	115132	162729	224369	503302	517129	520912	521051	522226	522292	522414	
C	87	2	5	6	7	8	10	11	12	13	14	15	16	17	18	19	20	21	22	23	24	25	26	27	28	29	30	31	32	33	34	35	36	37	38	39	40	41	
C	87	13888	14375	14406	16108	16334	17004	17096	17560	17571	17607	18947	19261	20329	22408	24361	27849	27909	28190	31311	37154	43528	44567	54374	54837	69930	81022	100069	116271	164304	226154	502784	516096	519281	519380	520238	520279	520338	
C	88	2	5	6	7	8	9	10	11	12	13	14	15	16	17	18	19	20	21	22	23	24	25	26	27	28	29	30	31	32	33	34	35	36	37	38	39	40	41	
C	88	15042	15542	15570	17235	17428	17429	18054	18125	18622	18640	18666	19964	20239	21362	23423	25483	29006	29068	29358	32506	38458	44914	45868	55762	56168	71351	82506	101450	117667	165528	227922	504310	516991	519626	519696	520366	520392	520427	
C	89	2	5	6	7	8	10	11	12	13	14	15	16	17	18	19	20	21	22	23	24	25	26	27	28	29	30	31	32	33	34	35	36	37	38	39	40	41	
C	89	15854	16336	16357	18051	18252	18974	19057	19523	19535	19552	20817	21099	22190	24265	26318	29801	29846	30116	33342	39422	46043	46880	56921	57257	72549	83923	103542	120040	168498	231862	506494	518827	521087	521143	521567	521574	521591	
C	90	2	5	6	7	8	10	11	12	13	14	15	16	17	18	19	20	21	22	23	24	25	26	27	28	29	30	31	32	33	34	35	36	37	38	39	40	41	
C	90	17471	17920	17941	19516	19712	20333	20397	20875	20886	20905	22245	22565	23574	25721	27754	31129	31175	31453	34561	40612	47152	47936	58084	58391	73729	84886	104346	120683	169847	233446	505748	517568	519482	519516	519820	519826	519836	
C	91	2	5	6	7	8	10	11	12	13	14	15	16	17	18	19	20	21	22	23	24	25	26	27	28	29	30	31	32	33	34	35	36	37	38	39	40	41	
C	91	18925	19429	19447	21069	21284	21912	21958	22389	22397	22409	23696	23999	25034	27079	29081	32381	32423	32707	35897	41956	48641	49298	59548	59869	75414	86924	106833	124023	173499	238135	506315	517607	519168	519199	519408	519412	519414	
C	92	2	5	6	7	8	10	11	12	13	14	15	16	17	18	19	20	21	22	23	24	25	26	27	28	29	30	31	32	33	34	35	36	37	38	39	40	41	
C	92	19775	20265	20282	22001	22184	22797	22846	23294	23301	23318	24492	24790	25864	27893	29965	33360	33406	33674	36885	42958	49514	50092	60678	60927	76529	88071	108403	125463	175989	241693	510062	520713	521920	521934	522076	522077	522080	
C	93	2	5	6	7	8	10	11	12	13	14	15	16	17	18	19	20	21	22	23	24	25	26	27	28	29	30	31	32	33	34	35	36	37	38	39	40	
C	93	22807	23278	23294	24793	24947	25841	25940	26307	26315	26327	27614	27902	28962	30971	33053	36421	36455	36685	39866	46054	52663	53199	63587	63829	79562	91034	111465	128622	178634	244291	509165	519536	520506	520513	520590	520592	
C	94	2	5	6	7	8	10	11	12	13	14	15	16	17	18	19	20	21	22	23	24	25	26	27	28	29	30	31	32	33	34	35	36	37	38	39	
C	94	24589	24983	24995	26372	26518	27017	27052	27056	27417	27429	28610	28871	30016	32031	33938	37147	37168	37423	40560	46537	53181	53666	64180	64372	79907	91597	111548	128939	178939	244681	509021	519154	519893	519905	519951	
C	95	2	5	6	7	8	10	11	12	13	14	15	16	17	18	19	20	21	22	23	24	25	26	27	28	29	30	31	32	33	34	35	36	37	38	39	
C	95	27146	27478	27484	28619	28730	29159	29188	29191	29551	29562	30676	30960	31944	33798	35683	38720	38745	39014	42102	48138	54622	55069	65366	65549	80895	92813	113133	130611	181310	248143	511432	521092	521691	521696	521723	
C	96	2	5	6	7	8	10	11	12	13	14	15	16	17	18	19	20	21	22	23	24	25	26	27	28	29	30	31	32	33	34	35	36	37	38	39	
C	96	29431	29658	29663	30533	30609	30963	30979	30983	31252	31257	32240	32501	33301	35228	37066	39907	39923	40160	43138	48872	55361	55747	66005	66162	81610	93479	113918	131304	182415	249149	509656	519137	519596	519597	519615	
C	97	2	5	6	7	8	10	11	12	13	14	15	16	17	18	19	20	21	22	23	24	25	26	27	28	29	30	31	32	33	34	35	36	37	38	39	
C	97	32139	32275	32276	32823	32870	33089	33097	33098	33283	33288	34224	34489	35273	37097	38720	41339	41348	41601	44348	49950	56098	56422	66520	66641	81818	93852	114546	132211	183701	250387	508842	518113	518467	518469	518478	
C	98	2	5	7	8	10	11	13	14	15	16	17	18	19	20	21	22	23	24	25	26	27	28	29	30	31	32	33	34	35	36	37	39	
C	98	35516	35552	35769	35786	35880	35884	35962	35964	36715	37003	37661	39492	41007	43460	43466	43716	46422	51925	57867	58135	68176	68299	83452	95340	116485	134460	185906	253995	512849	522012	522255	522257	
C	99	2	13	14	15	16	17	18	19	20	21	22	23	24	25	26	27	28	29	30	31	32	33	34	35	36	37	39	
C	99	39920	39924	39926	40671	40939	41596	43440	44857	47165	47176	47491	50054	55226	60948	61212	70902	71014	85983	97991	118916	136815	188705	257421	511813	520558	520737	520739	
N	0	2	
N	0	1646	
N	1	2	
N	1	645	
N	2	2	
N	2	31	
N	3	
N	3	
N	4	2	
N	4	544	
N	5	2	
N	5	10	
N	6	
N	6	
N	7	
N	7	
N	8	
N	8	
N	9	
N	9	
N	10	
N	10	
N	11	
N	11	
N	12	
N	12	
N	13	
N	13	
N	14	
N	14	
N	15	
N	15	
N	16	
N	16	
N	17	
N	17	
N	18	
N	18	
N	19	
N	19	
N	20	
N	20	
N	21	
N	21	
N	22	
N	22	
N	23	
N	23	
N	24	
N	24	
N	25	
N	25	
N	26	2	
N	26	1	
N	27	
N	27	
N	28	
N	28	
N	29	
N	29	
N	30	
N	30	
N	31	
N	31	
N	32	
N	32	
N	33	
N	33	
N	34	
N	34	
N	35	
N	35	
N	36	
N	36	
N	37	
N	37	
N	38	
N	38	
N	39	
N	39	
N	40	
N	40	
N	41	
N	41	
N	42	
N	42	
N	43	2	
N	43	3	
N	44	
N	44	
N	45	2	
N	45	1	
N	46	
N	46	
N	47	
N	47	
N	48	
N	48	
N	49	
N	49	
N	50	2	
N	50	2	
N	51	
N	51	
N	52	
N	52	
N	53	
N	53	
N	54	
N	54	
N	55	2	
N	55	29	
N	56	2	
N	56	9	
N	57	2	
N	57	2	
N	58	
N	58	
N	59	2	
N	59	5	
N	60	
N	60	
N	61	
N	61	
N	62	
N	62	
N	63	2	
N	63	61	
N	64	
N	64	
N	65	
N	65	
N	66	2	
N	66	20	
N	67	
N	67	
N	68	
N	68	
N	69	
N	69	
N	70	
N	70	
N	71	2	
N	71	30	
N	72	2	
N	72	6	
N	73	
N	73	
N	74	
N	74	
N	75	
N	75	
N	76	
N	76	
N	77	
N	77	
N	78	2	
N	78	174	
N	79	2	
N	79	39	
N	80	
N	80	
N	81	2	
N	81	5	
N	82	2	
N	82	155	
N	83	2	
N	83	487	
N	84	2	
N	84	22	
N	85	2	
N	85	41	
N	86	2	
N	86	197	
N	87	2	
N	87	40	
N	88	2	
N	88	31	
N	89	2	
N	89	68	
N	90	2	
N	90	2	
N	91	2	
N	91	74	
N	92	2	
N	92	4109	
N	93	
N	93	
N	94	
N	94	
N	95	2	
N	95	69	
N	96	2	
N	96	38	
N	97	2	
N	97	1	
N	98	2	
N	98	140	
N	99	2	
N	99	346	
