.	0	2	15	27	30	31	32	33	34	35	
.	0	131	49877	94916	110055	264384	325310	467574	515940	3390660	
.	1	2	15	27	30	31	32	33	34	35	
.	1	30	36606	77181	96598	235083	306788	434239	504808	3390660	
.	2	15	27	30	31	32	33	34	35	
.	2	36774	69252	91785	231319	309276	435621	515123	3390660	
.	3	15	27	30	31	32	33	34	35	
.	3	36014	64938	88675	230062	309643	435448	514425	3390660	
.	4	2	15	27	30	31	32	33	34	35	
.	4	4115	38437	66174	87693	225984	301273	425704	503653	3390660	
.	5	14	15	16	27	28	30	31	34	35	36	37	38	39	40	
.	5	3932	6579	29814	85712	87774	107929	133797	250559	347892	502535	656354	938855	2178222	3390660	
.	6	14	15	16	27	28	30	31	34	35	36	37	38	39	40	
.	6	3659	6210	26977	57561	59660	80378	103248	189715	242126	373158	476257	689478	2007227	3390660	
.	7	14	15	16	27	28	30	31	34	35	36	37	38	39	40	
.	7	3357	5631	24541	46608	48687	68155	87942	160328	200256	312603	394371	585944	1724234	3390660	
.	8	14	15	16	27	28	30	31	34	35	36	37	38	39	40	
.	8	3184	5368	23137	43140	45126	63848	81905	146672	181312	280094	352209	537756	1551345	3390660	
.	9	14	15	16	27	28	30	31	34	35	36	37	38	39	40	
.	9	2865	4924	22375	41341	43231	61794	79220	142171	175126	269879	339705	527483	1490567	3390660	
.	10	14	15	16	27	28	30	31	34	35	36	37	38	39	40	
.	10	2792	4749	21943	40222	42099	60378	77571	138280	169440	261478	328817	514703	1444324	3390660	
.	11	14	15	16	27	28	30	31	34	35	36	37	38	39	40	
.	11	2680	4570	20997	39148	40950	58491	75006	134645	165025	255871	322512	510034	1424389	3390660	
.	12	14	15	16	27	28	30	31	34	35	36	37	38	39	40	
.	12	2724	4551	21330	39408	41094	59090	75676	135831	166394	257573	324087	511733	1418231	3390660	
.	13	14	15	16	27	28	30	31	34	35	36	37	38	39	40	
.	13	2760	4669	21850	39679	41398	59783	76754	136742	166388	257048	322380	507023	1404361	3390660	
.	14	14	15	16	27	28	30	31	34	35	36	37	38	39	40	
.	14	2820	4687	22196	40689	42429	61016	78262	138577	168408	259659	324613	510866	1397924	3390660	
.	15	14	15	16	27	28	30	31	34	35	36	37	38	39	40	
.	15	2760	4781	22417	40929	42683	61823	79120	139928	170099	262720	328821	516953	1405872	3390660	
.	16	14	15	16	27	28	30	31	34	35	36	37	38	39	40	
.	16	2959	4960	23163	41653	43587	63253	80129	142123	172958	266454	333519	530921	1427129	3390660	
.	17	14	15	16	27	28	30	31	34	35	36	37	38	39	40	
.	17	2845	4889	22597	41185	43104	62247	79444	141013	171867	264084	330588	521521	1418497	3390660	
.	18	14	15	16	27	28	30	31	34	35	36	37	38	39	40	
.	18	3016	5164	23254	42340	44369	63717	81496	144091	175917	269073	335900	525378	1420694	3390660	
.	19	14	15	16	27	28	30	31	34	35	36	37	38	39	40	
.	19	3076	5245	23787	43346	45442	65501	83274	146913	179884	275507	344323	542293	1443789	3390660	
.	20	14	15	16	27	28	30	31	34	35	36	37	38	39	40	
.	20	3242	5501	24024	44217	46286	66359	84452	149669	182943	278893	348133	546573	1456768	3390660	
.	21	2	14	15	16	27	28	30	31	34	35	36	37	38	39	40	
.	21	8	3107	5237	23294	42998	45061	64219	81936	145875	179023	273946	342441	539926	1448670	3390660	
.	22	14	15	16	27	28	30	31	34	35	36	37	38	39	40	
.	22	3266	5468	23960	43600	45621	65675	83300	147469	179889	275415	343279	540477	1442433	3390660	
.	23	14	15	16	27	28	30	31	34	35	36	37	38	39	40	
.	23	3140	5383	23701	43720	45776	65644	83394	148550	182634	279889	350204	552328	1466899	3390660	
.	24	14	15	16	27	28	30	31	34	35	36	37	38	39	40	
.	24	3255	5394	23716	43656	45659	65419	83353	148273	181809	277436	345614	540593	1452687	3390660	
.	25	14	15	16	27	28	30	31	34	35	36	37	38	39	40	
.	25	3235	5511	24857	44583	46620	66353	83822	148450	181126	277324	346037	541657	1450705	3390660	
.	26	14	15	16	27	28	30	31	34	35	36	37	38	39	40	
.	26	3300	5537	25506	45355	47355	67648	85058	149348	181888	278821	347897	544548	1454934	3390660	
.	27	2	14	15	16	27	28	30	31	34	35	36	37	38	39	40	
.	27	32	3399	5813	25495	46503	48574	68712	86753	152284	186128	282875	352244	547251	1466877	3390660	
.	28	14	15	16	27	28	30	31	34	35	36	37	38	39	40	
.	28	3551	5949	25794	46150	48202	68212	85740	150710	183912	279616	348116	546285	1460605	3390660	
.	29	14	15	16	27	28	30	31	34	35	36	37	38	39	40	
.	29	3448	5927	25711	46208	48318	68231	85693	150736	184327	280637	349870	549745	1469049	3390660	
.	30	14	15	16	27	28	30	31	34	35	36	37	38	39	40	
.	30	3446	5906	25164	45324	47463	67310	84689	149030	182552	278202	346830	547216	1468113	3390660	
.	31	14	15	16	27	28	30	31	34	35	36	37	38	39	40	
.	31	3484	5899	25453	45066	47186	67067	84423	147785	180470	275204	343072	540607	1455666	3390660	
.	32	14	15	16	27	28	30	31	34	35	36	37	38	39	40	
.	32	3646	6101	25831	46243	48415	68222	85592	149975	183517	278408	346116	543386	1461798	3390660	
.	33	14	15	16	27	28	30	31	34	35	36	37	38	39	40	
.	33	3527	5884	25971	46334	48524	68782	86247	150949	184471	281065	349691	547940	1463418	3390660	
.	34	14	15	16	27	28	30	31	34	35	36	37	38	39	40	
.	34	3687	6178	26388	47123	49252	69383	87124	151735	185221	281693	350399	545602	1465601	3390660	
.	35	14	15	16	27	28	30	31	34	35	36	37	38	39	40	
.	35	3772	6272	26995	48357	50530	70646	88763	155617	189669	287987	357259	551551	1478286	3390660	
.	36	14	15	16	27	28	30	31	34	35	36	37	38	39	40	
.	36	3784	6344	26712	47520	49728	69832	87246	152697	187406	284441	353299	550913	1476947	3390660	
.	37	14	15	16	27	28	30	31	34	35	36	37	38	39	40	
.	37	3927	6544	27336	48929	51211	72016	89844	157345	192854	291165	362340	565863	1492264	3390660	
.	38	14	15	16	27	28	30	31	34	35	36	37	38	39	40	
.	38	3811	6440	27588	49863	52102	72725	90969	158062	193666	292146	363103	563138	1491391	3390660	
.	39	14	15	16	27	28	30	31	34	35	36	37	38	39	40	
.	39	4078	6743	28358	50867	53224	74569	93020	161017	196860	296366	367716	570907	1496031	3390660	
.	40	14	15	16	27	28	30	31	34	35	36	37	38	39	40	
.	40	3955	6552	28167	51265	53519	74577	92959	161480	197171	297637	370075	574445	1505987	3390660	
.	41	14	15	16	27	28	30	31	34	35	36	37	38	39	40	
.	41	3815	6521	28003	50217	52569	73337	91383	158787	194405	293139	364519	567314	1496598	3390660	
.	42	14	15	16	27	28	30	31	34	35	36	37	38	39	40	
.	42	3916	6613	28318	50910	53258	74763	93102	162345	198818	299688	372093	579128	1512422	3390660	
.	43	14	15	16	27	28	30	31	34	35	36	37	38	39	40	
.	43	3993	6629	28336	50511	52886	74279	92544	161721	197204	297637	369474	577146	1507565	3390660	
.	44	14	15	16	27	28	30	31	34	35	36	37	38	39	40	
.	44	4043	6786	29095	52353	54723	76223	95094	164914	201339	302460	375277	577507	1513907	3390660	
.	45	14	15	16	27	28	30	31	34	35	36	37	38	39	40	
.	45	4268	7086	29445	52526	54881	76161	94787	164110	200952	301210	372867	572873	1512144	3390660	
.	46	14	15	16	27	28	30	31	34	35	36	37	38	39	40	
.	46	4235	7074	29115	51799	54239	75669	94214	164331	201275	301988	374400	580469	1521865	3390660	
.	47	14	15	16	27	28	30	31	34	35	36	37	38	39	40	
.	47	4442	7425	29871	52460	54943	77053	95632	166296	203238	305465	377549	585583	1526096	3390660	
.	48	14	15	16	27	28	30	31	34	35	36	37	38	39	40	
.	48	4726	7789	31646	56864	59545	82185	101625	176240	215993	320904	396178	603982	1560321	3390660	
.	49	14	15	16	27	28	30	31	34	35	36	37	38	39	40	
.	49	4756	7910	31124	56180	58886	81550	100562	175125	214731	319769	394646	606370	1568918	3390660	
.	50	14	15	16	27	28	30	31	34	35	36	37	38	39	40	
.	50	4754	7794	31309	56302	59036	81616	100706	175368	216046	321408	397491	611923	1574322	3390660	
.	51	14	15	16	27	28	30	31	34	35	36	37	38	39	40	
.	51	4590	7611	30527	54778	57411	80195	98945	172615	212889	317745	393016	607568	1575373	3390660	
.	52	14	15	16	27	28	30	31	34	35	36	37	38	39	40	
.	52	4668	7730	31498	55855	58517	82414	101586	177180	217331	324775	401842	620902	1589659	3390660	
.	53	14	15	16	27	28	30	31	34	35	36	37	38	39	40	
.	53	4610	7728	32231	56903	59479	83518	103280	179385	219483	329297	407160	623210	1596119	3390660	
.	54	14	15	16	27	28	30	31	34	35	36	37	38	39	40	
.	54	4806	8018	32322	57217	59874	83771	103521	180192	221105	330160	408272	623402	1608052	3390660	
.	55	14	15	16	27	28	30	31	34	35	36	37	38	39	40	
.	55	4984	8163	32776	57843	60733	84942	104590	182365	224175	333674	413433	632660	1626966	3390660	
.	56	14	15	16	27	28	30	31	34	35	36	37	38	39	40	
.	56	4756	7899	32866	57770	60606	85515	105282	183165	224542	335737	416007	639084	1633729	3390660	
.	57	14	15	16	27	28	30	31	34	35	36	37	38	39	40	
.	57	4531	7579	32855	58983	61694	86254	106279	184867	226980	340132	421913	638610	1642576	3390660	
.	58	14	15	16	27	28	30	31	34	35	36	37	38	39	40	
.	58	4531	7531	31666	56091	58781	82572	102999	179309	219923	330388	409157	617844	1622147	3390660	
.	59	14	15	16	27	28	30	31	34	35	36	37	38	39	40	
.	59	4969	8227	33873	59448	62359	86549	107328	184473	225059	335336	414040	621288	1607959	3390660	
.	60	14	15	16	27	28	30	31	34	35	36	37	38	39	40	
.	60	5157	8468	34045	60565	63361	88170	109085	188383	230691	343104	422696	631527	1625683	3390660	
.	61	14	15	16	27	28	30	31	34	35	36	37	38	39	40	
.	61	5251	8813	35825	62861	65799	91241	112626	193425	235875	350739	431412	641049	1636842	3390660	
.	62	14	15	16	27	28	30	31	34	35	36	37	38	39	40	
.	62	5238	8688	36206	63140	65974	91573	113106	193224	234732	349719	429539	637577	1626047	3390660	
.	63	14	15	16	27	28	30	31	34	35	36	37	38	39	40	
.	63	4987	8371	34769	61762	64470	89043	110416	189175	230755	343948	423043	629333	1619402	3390660	
.	64	14	15	16	27	28	30	31	34	35	36	37	38	39	40	
.	64	4995	8397	35677	62289	64927	89893	111699	190454	230860	344913	423622	626671	1609875	3390660	
.	65	14	15	16	27	28	30	31	34	35	36	37	38	39	40	
.	65	4878	8193	35477	62334	65018	89404	110964	188863	228843	342625	421134	623467	1601314	3390660	
.	66	14	15	16	27	28	30	31	34	35	36	37	38	39	40	
.	66	4990	8458	36680	64381	67081	92751	114568	194804	235685	351951	432424	638029	1618474	3390660	
.	67	14	15	16	27	28	30	31	34	35	36	37	38	39	40	
.	67	4845	8105	35345	62566	65269	90881	112221	193249	234935	352056	433568	646983	1644784	3390660	
.	68	14	15	16	27	28	30	31	34	35	36	37	38	39	40	
.	68	4878	8235	35659	62820	65546	90939	112527	192907	234633	350481	431911	642275	1640438	3390660	
.	69	14	15	16	27	28	30	31	34	35	36	37	38	39	40	
.	69	4915	8290	35658	63275	66042	91707	113508	194763	237121	354072	435491	646985	1644395	3390660	
.	70	14	15	16	27	28	30	31	34	35	36	37	38	39	40	
.	70	5093	8558	36786	63835	66681	93276	115080	195587	237264	354426	435072	646354	1639603	3390660	
.	71	2	14	15	16	27	28	30	31	34	35	36	37	38	39	40	
.	71	54	5336	8916	38082	66872	69895	96929	119364	202234	244965	364091	447991	664274	1665895	3390660	
.	72	14	15	16	27	28	30	31	34	35	36	37	38	39	40	
.	72	5188	8829	38284	66527	69363	96245	118666	202184	245081	366160	449658	665081	1672369	3390660	
.	73	14	15	16	27	28	30	31	34	35	36	37	38	39	40	
.	73	5311	8885	38976	67830	70854	98317	121118	206011	249521	371167	456020	674624	1680398	3390660	
.	74	14	15	16	27	28	30	31	34	35	36	37	38	39	40	
.	74	5322	8977	38741	67901	70915	98102	120819	205137	249182	370214	455120	672999	1680928	3390660	
.	75	14	15	16	27	28	30	31	34	35	36	37	38	39	40	
.	75	5198	8903	38392	66523	69591	96335	118759	202213	245356	366111	449266	663807	1673110	3390660	
.	76	14	15	16	27	28	30	31	34	35	36	37	38	39	40	
.	76	5322	9023	39188	68453	71377	98861	121768	206990	251120	372103	456243	674368	1685306	3390660	
.	77	14	15	16	27	28	30	31	34	35	36	37	38	39	40	
.	77	5662	9507	40279	70124	73357	101067	124295	210869	255158	377462	463111	683100	1700303	3390660	
.	78	14	15	16	27	28	30	31	34	35	36	37	38	39	40	
.	78	5844	9729	41820	72762	76099	104642	128215	216736	262292	385929	472642	695251	1712300	3390660	
.	79	14	15	16	27	28	30	31	34	35	36	37	38	39	40	
.	79	5654	9583	41353	72008	75213	103987	127315	216213	262480	387480	475540	701320	1723241	3390660	
.	80	14	15	16	27	28	30	31	34	35	36	37	38	39	40	
.	80	5940	9937	41817	73305	76553	105335	129332	218489	265637	390739	478580	702084	1725543	3390660	
.	81	14	15	16	27	28	30	31	34	35	36	37	38	39	40	
.	81	5875	9889	41379	72630	75958	104323	128131	216981	264117	388333	474549	695055	1718130	3390660	
.	82	14	15	16	27	28	30	31	34	35	36	37	38	39	40	
.	82	6016	10084	41866	73794	77200	106302	129809	220661	268565	396010	484727	709344	1736565	3390660	
.	83	14	15	16	27	28	30	31	34	35	36	37	38	39	40	
.	83	6435	10649	42940	75911	79628	109624	133827	227830	277995	407301	497973	728528	1759834	3390660	
.	84	14	15	16	27	28	30	31	34	35	36	37	38	39	40	
.	84	6426	10659	43268	76084	79661	109543	134332	227856	277638	407741	497997	723412	1764092	3390660	
.	85	14	15	16	27	28	30	31	34	35	36	37	38	39	40	
.	85	6399	10732	43594	75621	79239	109270	133829	226889	276679	406925	497174	722547	1761679	3390660	
.	86	14	15	16	27	28	30	31	34	35	36	37	38	39	40	
.	86	6437	10684	43387	76020	79463	109537	134163	227236	276920	408123	498495	723760	1770488	3390660	
.	87	14	15	16	27	28	30	31	34	35	36	37	38	39	40	
.	87	6349	10526	42888	75204	78791	108997	133466	225946	275710	406133	497034	721200	1770126	3390660	
.	88	14	15	16	27	28	30	31	34	35	36	37	38	39	40	
.	88	6493	10648	42785	75230	78810	109338	133460	227713	278439	410299	503226	731525	1785436	3390660	
.	89	14	15	16	27	28	30	31	34	35	36	37	38	39	40	
.	89	6589	10870	43914	76451	80316	111617	136378	232463	283621	417958	511234	742006	1800949	3390660	
.	90	14	15	16	27	28	30	31	34	35	36	37	38	39	40	
.	90	6616	11043	44807	77976	81862	113365	138668	235881	287956	422534	515803	749823	1811250	3390660	
.	91	14	15	16	27	28	30	31	34	35	36	37	38	39	40	
.	91	6585	10928	45241	78255	82134	114010	139309	235340	287270	423042	516329	747412	1811607	3390660	
.	92	14	15	16	27	28	30	31	34	35	36	37	38	39	40	
.	92	7066	11588	48022	82647	86644	120073	146323	245703	298774	436197	530851	763630	1824262	3390660	
.	93	14	15	16	27	28	30	31	34	35	36	37	38	39	40	
.	93	7091	11973	49224	84296	88398	121588	148327	248153	301646	440387	535808	767881	1833835	3390660	
.	94	14	15	16	27	28	30	31	34	35	36	37	38	39	40	
.	94	7520	12582	50286	86848	90963	124336	151576	251977	306775	445323	541690	772441	1838103	3390660	
.	95	14	15	16	27	28	30	31	34	35	36	37	38	39	40	
.	95	7488	12542	50424	87039	91410	125053	152293	254139	309246	448843	544906	778234	1844072	3390660	
.	96	14	15	16	27	28	30	31	34	35	36	37	38	39	40	
.	96	7506	12532	50959	87558	91842	125208	152477	254410	309674	450617	547247	778209	1843415	3390660	
.	97	14	15	16	27	28	30	31	34	35	36	37	38	39	40	
.	97	7608	12665	50961	87895	92123	125465	152973	255334	311610	452260	549276	781076	1847339	3390660	
.	98	14	15	16	27	28	30	31	34	35	36	37	38	39	40	
.	98	7874	12915	51549	89330	93637	127317	155248	257930	313240	454185	551103	781684	1851121	3390660	
.	99	14	15	16	27	28	30	31	34	35	36	37	38	39	40	
.	99	8098	13302	53477	91970	96476	130809	159245	262336	318594	461112	558067	787268	1855775	3390660	
.	100	14	15	16	27	28	30	31	34	35	36	37	38	39	40	
.	100	7504	12542	51235	89805	94037	126874	154672	256450	312515	454334	551636	781088	1850652	3390660	
.	101	14	15	16	27	28	30	31	34	35	36	37	38	39	40	
.	101	8345	14030	54322	199779	206071	233691	280972	543597	846885	1117573	1473498	1931905	3099864	3390660	
.	102	14	15	16	27	28	30	31	34	35	36	37	38	39	40	
.	102	6846	11244	46471	99662	103666	133204	171055	314446	414153	637728	812279	1115926	2855114	3390660	
.	103	14	15	16	27	28	30	31	34	35	36	37	38	39	40	
.	103	6159	10214	42121	79892	83478	111445	139504	243590	310624	473694	589349	801069	2305146	3390660	
.	104	14	15	16	27	28	30	31	34	35	36	37	38	39	40	
.	104	5639	9377	38324	69627	72896	99019	122815	211395	264607	399052	494066	699738	1927459	3390660	
.	105	14	15	16	27	28	30	31	34	35	36	37	38	39	40	
.	105	5538	9211	37510	66028	69255	94645	117168	199973	248337	371777	458638	666857	1762628	3390660	
.	106	14	15	16	27	28	30	31	34	35	36	37	38	39	40	
.	106	5354	8938	37606	65393	68840	94161	115704	195000	240714	359167	442346	651419	1690502	3390660	
.	107	14	15	16	27	28	30	31	34	35	36	37	38	39	40	
.	107	5547	9215	38459	67326	70803	96874	118757	199583	245986	365127	448283	660779	1674831	3390660	
.	108	14	15	16	27	28	30	31	34	35	36	37	38	39	40	
.	108	5659	9502	39135	68933	72414	98140	120381	201825	249154	368776	452253	664695	1678869	3390660	
.	109	14	15	16	27	28	30	31	34	35	36	37	38	39	40	
.	109	5609	9256	38630	67789	71087	95774	117620	196161	241825	358590	439913	647673	1650356	3390660	
.	110	14	15	16	27	28	30	31	34	35	36	37	38	39	40	
.	110	5495	9272	38655	68069	71594	96972	119078	198872	245090	362267	444800	656344	1660496	3390660	
.	111	14	15	16	27	28	30	31	34	35	36	37	38	39	40	
.	111	5742	9691	39599	68688	72205	97577	119765	198363	244361	361592	442142	651125	1644523	3390660	
.	112	14	15	16	27	28	30	31	34	35	36	37	38	39	40	
.	112	5936	9857	40828	70287	73991	100484	123109	203763	250398	369508	451497	662178	1657748	3390660	
.	113	14	15	16	27	28	30	31	34	35	36	37	38	39	40	
.	113	5578	9431	39727	68684	72324	98412	120650	199867	246332	364695	446347	657733	1650651	3390660	
.	114	14	15	16	27	28	30	31	34	35	36	37	38	39	40	
.	114	5814	9747	41204	71209	75048	101340	124206	204993	252991	372876	455657	669665	1666181	3390660	
.	115	14	15	16	27	28	30	31	34	35	36	37	38	39	40	
.	115	5830	9730	40797	70994	74803	101318	124057	204484	252561	372325	455155	667452	1671637	3390660	
.	116	14	15	16	27	28	30	31	34	35	36	37	38	39	40	
.	116	5917	9858	41275	71307	75093	101522	124348	204755	252314	371295	453848	666930	1665405	3390660	
.	117	14	15	16	27	28	30	31	34	35	36	37	38	39	40	
.	117	5888	9848	41048	71093	75031	101588	124080	204768	253349	373298	456277	673419	1671174	3390660	
.	118	14	15	16	27	28	30	31	34	35	36	37	38	39	40	
.	118	5985	9948	41497	71501	75438	102782	125845	207655	256931	379107	463248	681661	1687550	3390660	
.	119	14	15	16	27	28	30	31	34	35	36	37	38	39	40	
.	119	5810	9748	41556	71082	75056	101894	125130	204732	253049	373395	456845	672363	1678116	3390660	
.	120	2	14	15	16	27	28	30	31	34	35	36	37	38	39	40	
.	120	1	6260	10466	42986	73655	77816	105599	129167	211416	261561	384574	469805	688570	1700880	3390660	
.	121	14	15	16	27	28	30	31	34	35	36	37	38	39	40	
.	121	6223	10375	42706	74296	78670	106080	129610	212974	264336	388136	474241	694389	1709690	3390660	
.	122	14	15	16	27	28	30	31	34	35	36	37	38	39	40	
.	122	6135	10114	42054	73506	77633	104787	127647	209813	261234	384070	470352	691616	1706743	3390660	
.	123	14	15	16	27	28	30	31	34	35	36	37	38	39	40	
.	123	6160	10301	42631	74144	78525	106490	129635	213953	265947	391675	478576	706021	1720704	3390660	
.	124	14	15	16	27	28	30	31	34	35	36	37	38	39	40	
.	124	6454	10592	43632	74967	79431	108409	131759	217017	270396	398524	487251	714459	1742255	3390660	
.	125	14	15	16	27	28	30	31	34	35	36	37	38	39	40	
.	125	6389	10716	44321	75781	80329	109478	133703	218948	272548	402711	491283	715021	1747909	3390660	
.	126	14	15	16	27	28	30	31	34	35	36	37	38	39	40	
.	126	6555	10955	44787	76734	81491	111022	135481	221777	276286	405849	494905	720048	1752546	3390660	
.	127	14	15	16	27	28	30	31	34	35	36	37	38	39	40	
.	127	6787	11249	45811	78386	83076	113565	138524	226078	281929	413520	503941	730741	1763641	3390660	
.	128	14	15	16	27	28	30	31	34	35	36	37	38	39	40	
.	128	6990	11675	47861	82611	87785	118712	144434	235603	294609	430358	523447	752743	1795871	3390660	
.	129	14	15	16	27	28	30	31	34	35	36	37	38	39	40	
.	129	7199	11883	48217	83719	88854	119565	145521	237539	297946	435847	530405	761201	1813256	3390660	
.	130	14	15	16	27	28	30	31	34	35	36	37	38	39	40	
.	130	7195	12689	47394	82066	87366	118420	144356	234197	293584	430115	523049	750776	1805334	3390660	
.	131	14	15	16	27	28	30	31	34	35	36	37	38	39	40	
.	131	7473	12344	49905	84515	89721	121890	148468	240856	301214	439633	533399	760321	1814234	3390660	
.	132	14	15	16	27	28	30	31	34	35	36	37	38	39	40	
.	132	7420	12211	49078	84661	90004	121864	148462	239767	300207	438794	532426	758344	1815797	3390660	
.	133	2	14	15	16	27	28	30	31	34	35	36	37	38	39	40	
.	133	5	7363	13044	48873	83074	88352	119681	145391	235145	295042	431301	524111	750429	1802484	3390660	
.	134	2	14	15	16	27	28	30	31	34	35	36	37	38	39	40	
.	134	23	7259	12977	48458	82137	87344	118795	144350	233987	293420	429796	522915	750245	1804412	3390660	
.	135	14	15	16	27	28	30	31	34	35	36	37	38	39	40	
.	135	7146	11780	48082	82916	88343	119605	145568	235565	295798	432877	525791	753554	1805765	3390660	
.	136	14	15	16	27	28	30	31	34	35	36	37	38	39	40	
.	136	7330	13272	49113	84159	89675	121111	147077	237236	298531	435381	528437	754977	1811648	3390660	
.	137	14	15	16	27	28	30	31	34	35	36	37	38	39	40	
.	137	7410	14043	48974	83504	88907	120296	145953	235537	296084	432786	526315	754456	1809613	3390660	
.	138	14	15	16	27	28	30	31	34	35	36	37	38	39	40	
.	138	7475	13610	50089	85294	90981	123216	149258	240753	302899	440533	534725	764771	1820771	3390660	
.	139	14	15	16	27	28	30	31	34	35	36	37	38	39	40	
.	139	7439	16197	49163	83786	89361	121208	146923	237611	299477	437268	531253	760371	1824281	3390660	
.	140	14	15	16	27	28	30	31	34	35	36	37	38	39	40	
.	140	7384	15086	48848	83219	88909	120247	146381	235149	296847	434810	527563	752216	1812158	3390660	
.	141	14	15	16	27	28	30	31	34	35	36	37	38	39	40	
.	141	7575	18560	50004	84409	90340	122242	148478	238326	300833	438464	531806	758392	1817996	3390660	
.	142	14	15	16	27	28	30	31	34	35	36	37	38	39	40	
.	142	7965	17555	50906	86885	93081	125882	152443	245193	310278	450304	545885	777045	1838485	3390660	
.	143	14	15	16	27	28	30	31	34	35	36	37	38	39	40	
.	143	8308	18600	53705	90264	96519	131043	158535	253852	320807	465805	564065	797414	1870860	3390660	
.	144	14	15	16	27	28	30	31	34	35	36	37	38	39	40	
.	144	7906	21622	52726	89628	95969	130096	157823	252419	320534	466173	564185	796982	1880023	3390660	
.	145	14	15	16	27	28	30	31	34	35	36	37	38	39	40	
.	145	8265	27889	53670	89982	96336	130535	158231	251400	317709	463239	560198	787178	1865281	3390660	
.	146	14	15	16	27	28	30	31	34	35	36	37	38	39	40	
.	146	8094	26192	54015	91218	97765	132439	160650	255308	323631	470075	567981	796620	1878071	3390660	
.	147	14	15	16	27	28	30	31	34	35	36	37	38	39	40	
.	147	8151	28409	54344	91969	98723	133153	161715	257235	326544	475131	574644	804377	1889627	3390660	
.	148	14	15	16	27	28	30	31	34	35	36	37	38	39	40	
.	148	8217	29353	54366	91605	98485	133624	161930	257340	326815	474813	573943	803354	1891299	3390660	
.	149	14	15	16	27	28	30	31	34	35	36	37	38	39	40	
.	149	8788	34637	56549	94334	101454	137780	166950	263633	333847	483678	583241	812975	1898769	3390660	
.	150	14	15	16	27	28	30	31	34	35	36	37	38	39	40	
.	150	8872	30168	58436	97897	105321	142456	172600	271101	344955	497657	599472	829651	1923148	3390660	
.	151	2	14	15	16	27	28	30	31	34	35	36	37	38	39	40	
.	151	88	9316	34243	60271	101167	108901	146680	177446	277582	353976	510400	614066	844985	1944857	3390660	
.	152	2	14	15	16	27	28	30	31	34	35	36	37	38	39	40	
.	152	171	9333	37161	60778	101449	109404	147383	178310	279848	356393	514612	619232	851990	1959407	3390660	
.	153	2	14	15	16	27	28	30	31	34	35	36	37	38	39	40	
.	153	279	9666	34646	61222	102552	110735	149111	180221	283334	362286	522155	628208	863163	1975646	3390660	
.	154	2	14	15	16	27	28	30	31	34	35	36	37	38	39	40	
.	154	366	9760	35169	61906	102650	110875	149925	181263	284191	362781	521786	627770	863702	1979664	3390660	
.	155	2	14	15	16	27	28	30	31	34	35	36	37	38	39	40	
.	155	471	9735	41583	63041	104364	112737	152203	184180	286946	365394	526447	632207	865376	1978251	3390660	
.	156	2	14	15	16	27	28	30	31	34	35	36	37	38	39	40	
.	156	599	10055	49243	62672	103952	112431	152327	184165	286973	365942	527975	635248	871104	1984707	3390660	
.	157	2	14	15	16	27	28	30	31	34	35	36	37	38	39	40	
.	157	696	10249	45319	64275	106468	115249	155664	188371	293344	373664	538974	647628	884877	2003794	3390660	
.	158	2	14	15	16	27	28	30	31	34	35	36	37	38	39	40	
.	158	816	10617	55325	66548	109269	118233	160098	193538	299126	380390	547980	658050	896395	2017238	3390660	
.	159	2	14	15	16	27	28	30	31	34	35	36	37	38	39	40	
.	159	946	10943	53201	67672	111866	121460	163705	197323	304524	388707	559198	670983	911357	2038467	3390660	
.	160	2	14	15	16	27	28	30	31	34	35	36	37	38	39	40	
.	160	1081	11383	50905	69323	112980	122668	165226	199650	307259	391430	562991	674162	911125	2040577	3390660	
.	161	2	14	15	16	27	28	30	31	34	35	36	37	38	39	40	
.	161	1226	11482	58487	70369	115188	125174	168221	202962	311326	397595	569465	682414	921381	2054262	3390660	
.	162	2	14	15	16	27	28	30	31	34	35	36	37	38	39	40	
.	162	1384	11330	59570	68377	112012	121842	163907	197987	304872	390042	561795	674046	913148	2047953	3390660	
.	163	2	14	15	16	27	28	30	31	34	35	36	37	38	39	40	
.	163	1541	11634	61625	70072	114570	124632	166891	201429	308636	395015	566940	679658	920342	2053619	3390660	
.	164	2	14	15	16	27	28	30	31	34	35	36	37	38	39	40	
.	164	1714	12375	64678	72787	119026	130061	173781	209229	319270	409203	584551	699378	940573	2073408	3390660	
.	165	2	14	15	16	27	28	30	31	34	35	36	37	38	39	40	
.	165	1916	12672	68225	73456	119743	130915	174728	210834	320139	410422	587208	702856	943604	2080644	3390660	
.	166	2	14	15	16	25	26	27	28	30	31	34	35	36	37	38	39	40	
.	166	2132	16130	68792	73628	74694	74803	119852	131224	174836	210826	320752	412121	589138	705059	948026	2087852	3390660	
.	167	2	14	15	16	25	26	27	28	30	31	34	35	36	37	38	39	40	
.	167	2349	16558	70600	74914	76032	76138	122003	133861	178574	215514	325672	418940	597598	714626	958606	2099685	3390660	
.	168	2	14	15	16	25	26	27	28	30	31	34	35	36	37	38	39	40	
.	168	2578	19593	71478	75319	77235	77441	122348	134504	179522	216062	326349	420886	600841	718711	964485	2109540	3390660	
.	169	2	14	15	16	25	26	27	28	30	31	34	35	36	37	38	39	40	
.	169	2817	17062	70485	73841	74998	75100	119417	131749	175983	212007	321042	415561	594248	711852	957569	2103265	3390660	
.	170	2	14	15	16	25	26	27	28	30	31	34	35	36	37	38	39	40	
.	170	3082	20365	73404	76538	78375	78553	122695	135134	181246	218009	328464	424804	605056	723130	968104	2111843	3390660	
.	171	2	14	15	16	25	26	27	28	30	31	34	35	36	37	38	39	40	
.	171	3345	20828	74126	76896	78861	79079	123968	136850	183459	220891	332698	431809	614046	733673	980299	2126053	3390660	
.	172	2	14	15	16	25	26	27	28	30	31	34	35	36	37	38	39	40	
.	172	3672	25847	72152	74521	78078	78442	119634	132267	177125	213179	321598	419387	598807	716366	961503	2109130	3390660	
.	173	2	12	13	14	15	16	23	25	26	27	28	30	31	32	33	34	35	36	37	38	39	40	
.	173	3999	4754	6367	31167	74409	76600	77443	81911	82641	122155	134578	181236	217555	218586	219772	328291	423302	604075	721590	968142	2113959	3390660	
.	174	2	14	15	16	25	26	27	28	30	31	34	35	36	37	38	39	40	
.	174	4330	33863	78604	80593	86141	86647	127638	141433	189896	228004	340767	442445	628970	749996	998475	2148145	3390660	
.	175	2	12	13	14	15	16	23	25	26	27	28	30	31	32	33	34	35	36	37	38	39	40	
.	175	4720	5594	7490	40529	80397	82153	83099	89859	90821	130816	144657	195122	233775	234875	236178	351009	451941	640954	763290	1012472	2165780	3390660	
.	176	2	14	15	16	25	26	27	28	30	31	34	35	36	37	38	39	40	
.	176	5084	36412	83810	85488	91450	92082	134641	149516	200077	239429	354309	462776	653662	777306	1027102	2182203	3390660	
.	177	2	14	15	16	25	26	27	28	30	31	34	35	36	37	38	39	40	
.	177	5454	51008	86120	87571	97884	98903	137413	153013	204373	245249	362399	473261	666653	792027	1042295	2200954	3390660	
.	178	2	14	15	16	25	26	27	28	30	31	34	35	36	37	38	39	40	
.	178	5826	53432	85939	87181	98708	99810	137507	153440	204914	245481	361207	473763	667456	793147	1041751	2203212	3390660	
.	179	2	12	13	14	15	16	23	25	26	27	28	30	31	32	33	34	35	36	37	38	39	40	
.	179	6230	7149	9311	57203	86726	87763	88862	100510	102053	137686	152895	204968	245295	246570	248134	363247	472079	666593	791773	1039959	2209273	3390660	
.	180	2	14	15	16	25	26	27	28	30	31	34	35	36	37	38	39	40	
.	180	6584	43308	88969	89976	97804	98504	140456	156873	209531	251139	367833	482737	679068	805591	1053463	2218537	3390660	
.	181	2	12	13	14	15	16	23	25	26	27	28	30	31	32	33	34	35	36	37	38	39	40	
.	181	6988	7960	10182	54111	88525	89322	90413	100974	102375	138635	154218	206814	247519	248881	250478	365068	474346	669828	795901	1045066	2211877	3390660	
.	182	2	12	13	14	15	16	23	25	26	27	28	30	31	32	33	34	35	36	37	38	39	40	
.	182	7384	8419	10883	55122	90900	91632	92834	103603	105073	142178	158479	212762	254739	256128	257820	373750	485975	683784	810682	1061939	2226637	3390660	
.	183	2	12	13	14	15	16	23	25	26	27	28	30	31	32	33	34	35	36	37	38	39	40	
.	183	7825	9203	13050	62423	86870	87471	89209	102809	104713	136891	152622	204180	244580	246921	249629	360965	469663	663622	789303	1038118	2208614	3390660	
.	184	2	12	13	14	15	16	23	25	26	27	28	30	31	32	33	34	35	36	37	38	39	40	
.	184	8278	9729	13619	73752	89373	89935	91738	108665	110854	138847	154407	207694	248598	250911	253586	364791	472719	667977	792476	1038601	2204076	3390660	
.	185	2	12	13	14	15	16	23	25	26	27	28	30	31	32	33	34	35	36	37	38	39	40	
.	185	8695	9643	11995	62925	91178	91585	92753	106269	107943	140694	157395	210259	251941	253457	255193	366229	479620	675002	800221	1046889	2207014	3390660	
.	186	2	12	13	14	15	16	23	25	26	27	28	30	31	32	33	34	35	36	37	38	39	40	
.	186	9132	10267	12995	72446	95148	95559	96816	113242	115277	146349	163685	219154	261799	263391	265273	378387	494271	694275	821659	1072537	2232575	3390660	
.	187	2	12	13	14	15	16	23	25	26	27	28	30	31	32	33	34	35	36	37	38	39	40	
.	187	9549	12800	21980	83252	95834	96160	100166	118996	122391	149035	164714	221941	265258	270530	276850	390508	499008	700597	828804	1080026	2244854	3390660	
.	188	2	12	13	14	15	16	23	25	26	27	28	30	31	32	33	34	35	36	37	38	39	40	
.	188	9944	14832	30233	89609	94717	94972	101372	121385	125684	148654	162253	220148	262869	271355	281593	392617	491362	693431	821107	1072255	2247192	3390660	
.	189	2	12	13	14	15	16	23	25	26	27	28	30	31	32	33	34	35	36	37	38	39	40	
.	189	10343	15115	29625	83973	100186	100415	106687	124287	128223	156090	171314	231410	275706	283578	292992	407038	511866	717105	846021	1097336	2261327	3390660	
.	190	2	12	13	14	15	16	23	25	26	27	28	30	31	32	33	34	35	36	37	38	39	40	
.	190	10765	14013	23766	83584	103787	103961	108332	126804	130415	160676	178131	238157	283759	289303	296102	411305	529024	738730	871632	1125910	2293931	3390660	
.	191	2	12	13	14	15	16	23	25	26	27	28	30	31	32	33	34	35	36	37	38	39	40	
.	191	11197	12446	15544	74442	105781	105959	107439	124250	126661	161372	181799	240578	287277	289199	291589	407561	538040	748923	884141	1137371	2307882	3390660	
.	192	2	12	13	14	15	16	23	25	26	27	28	30	31	32	33	34	35	36	37	38	39	40	
.	192	11607	14862	24437	84661	103924	104066	108356	128295	132072	161818	180005	240552	286509	292378	299527	414327	535498	745532	879895	1134445	2308904	3390660	
.	193	2	12	13	14	15	16	23	25	26	27	28	30	31	32	33	34	35	36	37	38	39	40	
.	193	12048	16736	31027	95346	103154	103271	109492	132326	137152	160135	176321	237414	283031	291646	301771	412359	523884	733901	865562	1115875	2291351	3390660	
.	194	2	12	13	14	15	16	23	25	26	27	28	30	31	32	33	34	35	36	37	38	39	40	
.	194	12477	15859	26095	98770	107050	107141	111559	135635	139803	163129	181357	243389	290002	296145	303522	416357	537246	748385	881673	1135222	2303810	3390660	
.	195	2	12	13	14	15	16	23	25	26	27	28	30	31	32	33	34	35	36	37	38	39	40	
.	195	12898	16324	28149	98461	110610	110686	115389	139782	144034	169190	188211	251552	299194	305559	313037	427443	552703	767247	903171	1159152	2328605	3390660	
.	196	2	12	13	14	15	16	23	25	26	27	28	30	31	32	33	34	35	36	37	38	39	40	
.	196	13341	18578	35160	94870	111045	111111	118247	139831	144862	171294	188794	253547	301290	311071	322807	436254	553729	771051	906868	1162447	2337388	3390660	
.	197	2	12	13	14	15	16	23	25	26	27	28	30	31	32	33	34	35	36	37	38	39	40	
.	197	13774	19786	40220	99209	111658	111703	120197	143271	148973	173337	190287	255728	303560	315086	329037	441754	556017	772537	907805	1161970	2334551	3390660	
.	198	2	12	13	14	15	16	23	25	26	27	28	30	31	32	33	34	35	36	37	38	39	40	
.	198	14247	20027	38947	104453	112485	112527	120957	145842	151772	173876	190956	257042	305212	316658	330532	442485	558154	774218	909343	1163098	2335475	3390660	
.	199	2	12	13	14	15	16	23	25	26	27	28	30	31	32	33	34	35	36	37	38	39	40	
.	199	14686	23959	55421	112568	112984	113009	126094	150963	158491	176294	189809	259113	306693	325233	346990	457602	553356	770481	903605	1155997	2329198	3390660	
.	200	2	12	13	14	15	16	23	25	26	27	28	30	31	32	33	34	35	36	37	38	39	40	
.	200	15103	24847	58038	116589	117002	117023	130550	156361	164033	181757	195403	266521	315262	334284	356513	468018	564397	783559	917578	1170096	2332526	3390660	
.	201	2	12	13	14	15	16	23	25	26	27	28	30	31	32	33	34	35	36	37	38	39	40	
.	201	15552	23318	50459	120905	125408	125426	136343	164642	171792	192012	209128	281652	333407	348410	366343	481588	597708	822651	962033	1218895	2381487	3390660	
.	202	2	12	13	14	15	16	23	25	26	27	28	30	31	32	33	34	35	36	37	38	39	40	
.	202	15964	27196	66816	115379	119629	119644	136567	160864	170071	189232	201995	276018	326445	350339	379082	490431	582004	805212	941652	1196023	2372116	3390660	
.	203	2	12	13	14	15	16	23	25	26	27	28	30	31	32	33	34	35	36	37	38	39	40	
.	203	16392	25704	56318	120682	125140	125157	138698	166084	174329	193550	209101	282386	333767	353026	376258	488789	595475	821204	961078	1216581	2388404	3390660	
.	204	2	12	13	14	15	16	23	25	26	27	28	30	31	32	33	34	35	36	37	38	39	40	
.	204	16796	28326	68954	124278	124505	124522	141856	168950	178245	194835	207867	282921	334232	359085	388535	499507	591810	817765	955650	1210356	2383957	3390660	
.	205	2	12	13	14	15	16	23	25	26	27	28	30	31	32	33	34	35	36	37	38	39	40	
.	205	17289	29643	73204	126687	126873	126883	145525	173195	183668	199898	212539	290182	342319	369445	402494	512749	601604	830050	969701	1224675	2395409	3390660	
.	206	2	12	13	14	15	16	23	25	26	27	28	30	31	32	33	34	35	36	37	38	39	40	
.	206	17726	29055	71335	131334	131499	131510	148642	178508	188587	204700	218991	296011	349516	374788	404783	516937	616355	848568	990941	1248659	2420335	3390660	
.	207	2	12	13	14	15	16	23	25	26	27	28	30	31	32	33	34	35	36	37	38	39	40	
.	207	18197	27291	60098	136402	136552	136557	150610	184533	194009	210304	228146	305630	361561	381786	406449	519956	637354	873965	1019716	1278080	2447904	3390660	
.	208	2	12	13	14	15	16	23	25	26	27	28	30	31	32	33	34	35	36	37	38	39	40	
.	208	18688	33469	85915	136655	136769	136778	159407	188314	200645	216427	228475	311070	366535	399699	440447	552214	636362	873720	1018835	1279016	2450498	3390660	
.	209	2	12	13	14	15	16	22	23	24	25	26	27	28	30	31	32	33	34	35	36	37	38	39	40	
.	209	19148	35742	98144	132756	132842	132848	135624	159727	160997	185429	199073	214392	223581	307753	361795	401042	449322	559627	626560	863136	1006715	1267279	2445295	3390660	
.	210	2	12	13	14	15	16	23	25	26	27	28	30	31	32	33	34	35	36	37	38	39	40	
.	210	19625	35895	96967	136668	136742	136743	162030	189482	202471	217947	228210	313587	368929	407061	453256	564783	637589	876485	1020660	1281957	2456146	3390660	
.	211	2	12	13	14	15	16	22	23	24	25	26	27	28	30	31	32	33	34	35	36	37	38	39	40	
.	211	20074	38472	108882	132918	132983	132984	135729	162907	164188	186957	201146	215619	223042	308935	362890	406840	460906	569244	624543	861766	1005093	1263306	2445549	3390660	
.	212	2	12	13	14	15	16	22	23	24	25	26	27	28	30	31	32	33	34	35	36	37	38	39	40	
.	212	20548	39032	115527	134888	134935	134936	137553	165047	166336	188801	202616	217320	224839	311464	366266	410655	463994	573367	628766	865924	1008057	1265527	2442869	3390660	
.	213	2	12	13	14	15	22	23	24	25	26	27	28	30	31	32	33	34	35	36	37	38	39	40	
.	213	21037	40286	121565	138709	138760	141312	168605	169821	192641	206609	221650	229686	318139	373013	418198	471795	582674	639247	878166	1020060	1278972	2451637	3390660	
.	214	2	12	13	14	15	16	23	25	26	27	28	30	31	32	33	34	35	36	37	38	39	40	
.	214	21493	39740	108636	149830	149860	149861	177675	206912	220803	236667	247516	339078	397232	438955	489116	602994	677887	923837	1071234	1332016	2493189	3390660	
.	215	2	12	13	14	15	16	22	23	24	25	26	27	28	30	31	32	33	34	35	36	37	38	39	40	
.	215	21952	42429	126552	146037	146078	146079	148977	178276	179761	204299	219302	234361	242433	334763	392133	440638	499098	609613	665774	910847	1056622	1316802	2488841	3390660	
.	216	2	12	13	14	15	22	23	24	25	26	27	28	30	31	32	33	34	35	36	37	38	39	40	
.	216	22441	42206	128299	144840	144868	147769	176873	178285	202862	217974	232533	240334	332747	389992	438930	497768	607709	662961	908277	1053763	1312074	2488132	3390660	
.	217	2	12	13	14	15	16	22	23	24	25	26	27	28	30	31	32	33	34	35	36	37	38	39	40	
.	217	22950	42901	136178	146795	146818	146819	149865	179077	180611	204663	219474	233732	241876	334115	391588	440908	500177	609956	665127	910881	1056915	1316821	2494510	3390660	
.	218	2	12	13	14	15	22	23	24	25	26	27	28	30	31	32	33	34	35	36	37	38	39	40	
.	218	23420	43285	133203	147678	147697	150737	179881	181367	205061	219931	234323	242304	334807	392484	441986	501164	610785	665320	909957	1055904	1315162	2491780	3390660	
.	219	2	12	13	14	15	22	23	24	25	26	27	28	30	31	32	33	34	35	36	37	38	39	40	
.	219	23926	44837	134317	152862	152874	157686	186563	188992	213076	228506	243280	251563	346217	405147	456269	517815	628897	684358	933449	1081940	1342663	2512671	3390660	
.	220	2	12	13	14	15	22	23	24	25	26	27	28	30	31	32	33	34	35	36	37	38	39	40	
.	220	24444	45204	139397	152525	152532	157304	186174	188636	212654	228420	242882	251013	345214	404295	456166	518657	628742	683768	933556	1082881	1343494	2519012	3390660	
.	221	2	12	13	14	15	16	22	23	24	25	26	27	28	30	31	32	33	34	35	36	37	38	39	40	
.	221	24963	46120	147634	157083	157088	157089	170308	192585	199478	218077	234063	248872	257382	354072	414489	467677	531427	643406	697981	951479	1101819	1364312	2535793	3390660	
.	222	2	11	12	13	14	15	20	21	22	23	24	25	26	27	28	30	31	32	33	34	35	36	37	38	39	40	
.	222	25530	27392	51639	150947	158088	158097	158967	160777	174771	196747	203945	220452	235355	250046	258493	355938	416366	470042	534473	645963	701111	955103	1106610	1368932	2541122	3390660	
.	223	2	12	13	14	15	22	23	24	25	26	27	28	30	31	32	33	34	35	36	37	38	39	40	
.	223	26088	49011	150977	167578	167582	175006	204780	208679	233473	251124	266277	275061	375885	439401	496084	564804	678500	733615	992245	1145990	1409662	2569978	3390660	
.	224	2	11	12	13	14	15	20	21	22	23	24	25	26	27	28	30	31	32	33	34	35	36	37	38	39	40	
.	224	26673	28409	53895	150612	162814	162817	163726	165602	169838	201818	203850	228740	245004	259845	268182	367207	429179	485394	554980	666559	721363	978479	1132504	1398161	2572080	3390660	
.	225	2	12	13	14	15	22	23	24	25	26	27	28	30	31	32	33	34	35	36	37	38	39	40	
.	225	27306	51347	155851	173753	173759	179879	212160	215299	241720	260116	275617	284331	387754	452617	510952	580503	694844	749914	1012462	1167568	1430576	2589039	3390660	
.	226	2	11	12	13	14	15	20	21	22	23	24	25	26	27	28	30	31	32	33	34	35	36	37	38	39	40	
.	226	27920	29984	57765	164289	174609	174616	175650	177623	184737	216724	220350	245125	262444	277835	286806	390661	455599	514637	587708	702197	756993	1019449	1176529	1442450	2600863	3390660	
.	227	2	12	13	14	15	22	23	24	25	26	27	28	30	31	32	33	34	35	36	37	38	39	40	
.	227	28487	52986	159549	178644	178645	186944	218883	223307	250538	270068	285594	294456	400046	467000	528271	603676	718666	773984	1038679	1196133	1461965	2617792	3390660	
.	228	2	11	12	13	14	15	20	21	22	23	24	25	26	27	28	30	31	32	33	34	35	36	37	38	39	40	
.	228	29133	31366	61296	179614	185453	185454	186625	188745	198862	230277	235471	259903	278233	294467	303827	411831	479392	541316	617552	734723	790503	1057663	1217721	1484719	2635188	3390660	
.	229	2	11	12	13	14	15	20	21	22	23	24	25	26	27	28	30	31	32	33	34	35	36	37	38	39	40	
.	229	29728	31725	60336	178011	181245	181246	182375	184516	199765	226856	234985	255652	274198	289347	298293	404488	471881	534095	611347	724831	779607	1046115	1205871	1471169	2632280	3390660	
.	230	2	11	12	13	14	20	21	22	23	24	25	26	27	28	30	31	32	33	34	35	36	37	38	39	40	
.	230	30414	32351	60629	181036	181428	182501	184593	210830	228187	241989	254378	272368	287802	296912	403297	470403	532295	609449	724070	779335	1046257	1205687	1472936	2632663	3390660	
.	231	2	11	12	13	14	20	21	22	23	24	25	26	27	28	30	31	32	33	34	35	36	37	38	39	40	
.	231	31121	33184	62976	185277	188242	189412	191517	215578	235582	248353	262910	281273	297108	306332	415764	484265	547074	624017	740346	795796	1065562	1225515	1492260	2642657	3390660	
.	232	2	11	12	13	14	15	20	21	22	23	24	25	26	27	28	30	31	32	33	34	35	36	37	38	39	40	
.	232	31836	34106	65415	193541	193824	193825	195075	197296	223106	242826	256802	270777	289425	305991	315334	426497	496099	560753	639468	757623	812999	1085663	1247448	1513520	2659409	3390660	
.	233	2	11	12	13	14	15	20	21	22	23	24	25	26	27	28	30	31	32	33	34	35	36	37	38	39	40	
.	233	32616	34951	67244	197421	201102	201104	202358	204653	232293	251992	266409	280170	299461	315959	325579	438367	509548	575402	655023	773266	828695	1102319	1263835	1527835	2669590	3390660	
.	234	2	11	12	13	14	15	20	21	22	23	24	25	26	27	28	30	31	32	33	34	35	36	37	38	39	40	
.	234	33336	35737	69593	204958	208614	208615	209987	212333	233381	261142	272258	293081	313828	330543	340353	455763	528940	596576	681207	800026	856443	1132029	1297144	1561641	2692945	3390660	
.	235	2	11	12	13	14	15	20	21	22	23	24	25	26	27	28	30	31	32	33	34	35	36	37	38	39	40	
.	235	34051	37650	74819	206680	206867	206868	208892	212884	233556	263546	274164	294828	315319	331563	341115	455538	528542	597406	684716	801819	856986	1133032	1298985	1563888	2699376	3390660	
.	236	2	11	12	13	14	20	21	22	23	24	25	26	27	28	30	31	32	33	34	35	36	37	38	39	40	
.	236	34818	39464	79009	202731	202870	205658	211010	240293	262031	277193	289541	308292	324245	333619	447565	519873	588461	674529	790395	845933	1121429	1286161	1551759	2692929	3390660	
.	237	2	11	12	13	14	15	20	21	22	23	24	25	26	27	28	29	30	31	32	33	34	35	36	37	38	39	40	
.	237	35632	43304	92533	206881	207017	207018	211263	219683	247823	270922	285215	294519	310262	327830	338270	339674	450843	527341	591982	675740	793928	851496	1127036	1291307	1556737	2695359	3390660	
.	238	2	11	12	13	14	20	21	22	23	24	25	26	27	28	29	30	31	32	33	34	35	36	37	38	39	40	
.	238	36493	43326	91453	215626	215751	219416	226807	259096	280288	296661	305651	323127	340948	351331	352835	467134	545319	611754	697424	817758	875391	1152747	1317187	1581451	2709586	3390660	
.	239	2	11	12	13	14	20	21	22	23	24	25	26	27	28	29	30	31	32	33	34	35	36	37	38	39	40	
.	239	37276	49676	112769	212801	212895	219906	233854	263872	288791	303420	307926	320900	338474	348758	350364	464389	542404	608858	696237	815272	872411	1150456	1316749	1582347	2715148	3390660	
.	240	2	11	12	13	14	20	21	22	23	24	25	26	27	28	29	30	31	32	33	34	35	36	37	38	39	40	
.	240	38122	49309	111707	218787	218864	225133	237473	270588	293554	310107	314657	328965	346456	357091	358558	474878	554711	621627	709724	829533	886270	1166686	1332962	1597291	2724383	3390660	
.	241	2	11	12	13	14	20	21	22	23	24	25	26	27	28	29	30	31	32	33	34	35	36	37	38	39	40	
.	241	39036	57343	139605	211750	211813	222141	242817	266665	298886	309556	311151	319195	337436	348156	350616	462059	541756	605138	692697	812614	870502	1147144	1313307	1580194	2717681	3390660	
.	242	2	11	12	13	14	20	21	22	23	24	25	26	27	28	29	30	31	32	33	34	35	36	37	38	39	40	
.	242	40007	54634	129254	225388	225441	233848	250309	280631	308306	322521	325474	337191	357014	368686	372175	486619	572487	635548	725123	849373	909022	1187860	1356186	1621601	2740298	3390660	
.	243	2	11	12	13	14	20	21	22	23	24	25	26	27	28	29	30	31	32	33	34	35	36	37	38	39	40	
.	243	40962	66432	172934	226519	226558	241108	268965	284849	328493	334205	335593	339668	361276	374059	380789	487962	582957	638094	729027	853243	915582	1191219	1360178	1625263	2744408	3390660	
.	244	2	11	12	13	14	20	21	22	23	24	25	26	27	28	29	30	31	32	33	34	35	36	37	38	39	40	
.	244	41885	66527	172937	226862	226905	241422	268856	285746	329530	335631	337126	341777	362672	374969	380554	490677	582970	641039	732637	855769	916994	1193556	1361993	1626890	2748896	3390660	
.	245	2	11	12	13	14	20	21	22	23	24	25	26	27	28	29	30	31	32	33	34	35	36	37	38	39	40	
.	245	42876	59491	142574	229275	229312	238986	257436	288225	317682	331799	332801	343781	363364	375081	378759	493834	581270	645676	738685	861231	920084	1200179	1370063	1635375	2757312	3390660	
.	246	2	11	12	13	14	20	21	22	23	24	25	26	27	28	29	30	31	32	33	34	35	36	37	38	39	40	
.	246	43891	66473	168859	231942	231969	245045	269992	288552	329846	337000	340321	346746	365904	377346	379968	497793	583001	650383	743157	866445	925125	1207507	1377836	1642868	2761005	3390660	
.	247	2	11	12	13	14	20	21	22	23	24	25	26	27	28	29	30	31	32	33	34	35	36	37	38	39	40	
.	247	44997	67254	170503	232990	233011	246320	270670	292133	332002	341019	341895	348505	371389	384949	392972	499686	600744	653318	745768	871227	935007	1211591	1382366	1647930	2768134	3390660	
.	248	2	11	12	13	14	20	21	22	23	24	25	26	27	28	29	30	31	32	33	34	35	36	37	38	39	40	
.	248	46052	71102	183744	232034	232057	246988	274473	290877	336066	342047	343461	348010	368598	380856	385608	499188	590448	652241	746132	869325	930457	1210901	1381916	1647854	2768838	3390660	
.	249	2	11	12	13	14	20	21	22	23	24	25	26	27	28	29	30	31	32	33	34	35	36	37	38	39	40	
.	249	47278	77937	209311	239980	240000	257529	290172	299256	350676	352265	353383	354408	378254	392325	401277	507950	613164	662527	754643	881972	946761	1222855	1394576	1659321	2777141	3390660	
.	250	2	11	12	13	14	20	21	22	23	24	25	26	27	28	29	30	31	32	33	34	35	36	37	38	39	40	
.	250	48439	77542	206363	249751	249763	266482	296953	311608	361455	365920	367111	370397	392616	405979	412221	527511	626610	686028	781043	908059	969820	1252593	1423916	1687017	2789481	3390660	
.	251	2	11	12	13	14	20	21	22	23	24	25	26	27	28	29	30	31	32	33	34	35	36	37	38	39	40	
.	251	49596	78658	207525	243045	243053	260541	291834	304078	356124	359181	360345	362599	384945	398342	405430	516820	618559	674845	772226	897596	960150	1240552	1413790	1678925	2791546	3390660	
.	252	2	11	12	13	14	20	21	22	23	24	25	26	27	28	29	30	31	32	33	34	35	36	37	38	39	40	
.	252	50884	76310	194791	247207	247219	262260	288983	307935	351576	358789	359828	365392	386361	398888	403497	519876	614795	677842	773076	898322	958881	1242376	1415287	1678411	2790596	3390660	
.	253	2	11	12	13	14	20	21	22	23	24	25	26	27	28	29	30	31	32	33	34	35	36	37	38	39	40	
.	253	52250	78213	201174	264384	264393	279220	305954	328951	372120	381169	382181	389211	410460	422916	426656	550515	645795	713726	810884	938208	998091	1286467	1460366	1721196	2812178	3390660	
.	254	2	11	12	13	14	20	21	22	23	24	25	26	27	28	29	30	31	32	33	34	35	36	37	38	39	40	
.	254	53580	84310	224194	257980	257983	276769	309753	322949	377942	381164	381912	384295	409230	424252	435391	542024	657755	704652	803672	932081	998217	1274881	1448759	1711483	2810094	3390660	
.	255	2	11	12	13	14	20	21	22	23	24	25	26	27	28	29	30	31	32	33	34	35	36	37	38	39	40	
.	255	54986	86938	232531	265107	265109	284051	317301	329788	384268	387374	388359	390724	413247	426677	432807	551471	654082	715109	814160	941754	1003414	1289994	1464492	1727015	2818785	3390660	
.	256	2	11	12	13	14	20	21	22	23	24	25	26	27	28	29	30	31	32	33	34	35	36	37	38	39	40	
.	256	56488	86279	229083	277211	277214	294649	325768	344270	395468	401806	402220	406843	435027	451681	464797	572519	699536	740301	840466	973875	1041679	1320440	1495815	1757384	2835251	3390660	
.	257	2	11	12	13	14	20	21	22	23	24	25	26	27	28	29	30	31	32	33	34	35	36	37	38	39	40	
.	257	57984	88592	233588	281706	281710	299967	331322	350765	403914	410781	411378	416612	442789	458419	468326	583949	702678	754787	859348	991132	1056272	1341283	1518351	1781684	2851665	3390660	
.	258	2	11	12	13	14	20	21	22	23	24	25	26	27	28	29	30	31	32	33	34	35	36	37	38	39	40	
.	258	59500	96433	263158	281398	281399	303706	341429	350403	413820	414461	415289	415698	440862	455838	464822	583131	698159	754110	858597	989352	1053165	1339066	1515995	1778534	2852976	3390660	
.	259	2	11	12	13	14	20	21	22	23	24	25	26	27	28	29	30	31	32	33	34	35	36	37	38	39	40	
.	259	61076	93349	244125	280233	280234	299760	332978	349521	406669	411425	411773	415428	444194	461616	476471	582479	716222	753796	860079	994544	1063714	1341901	1519863	1783413	2857960	3390660	
.	260	2	11	12	13	14	20	21	22	23	24	25	26	27	28	29	30	31	32	33	34	35	36	37	38	39	40	
.	260	62718	95457	249521	285093	285094	304473	337659	354065	409656	414329	414804	418366	445189	461221	472361	587760	710413	758924	864637	997953	1063879	1347701	1525513	1788539	2860400	3390660	
.	261	2	11	12	13	14	20	21	22	23	24	25	26	27	28	29	30	31	32	33	34	35	36	37	38	39	40	
.	261	64513	100545	268325	307358	307360	327875	362751	379635	438020	443049	443503	447306	474897	491239	501782	624396	748681	801604	909614	1044645	1109854	1399218	1578878	1841337	2890961	3390660	
.	262	2	11	12	13	14	20	21	22	23	24	25	26	27	28	29	30	31	32	33	34	35	36	37	38	39	40	
.	262	66315	103470	276625	306586	306587	329362	366767	382080	447669	451418	451955	455024	482276	498389	509462	630678	757348	813104	927640	1061093	1126245	1414934	1596651	1858559	2903390	3390660	
.	263	2	11	12	13	20	21	22	23	24	25	27	28	29	30	31	32	33	34	35	36	37	38	39	40	
.	263	68206	107408	287102	298521	322680	362290	371132	440062	440125	440439	471913	490622	508900	612936	759549	790149	902635	1038866	1110958	1389191	1571463	1835392	2895340	3390660	
.	264	2	11	12	13	20	21	22	23	24	25	26	27	28	29	30	31	32	33	34	35	36	37	38	39	40	
.	264	70203	108496	291371	320144	342635	380718	395540	459660	463280	463834	466531	492060	507381	515598	646152	766186	829533	940593	1075258	1137842	1432864	1613769	1873204	2910695	3390660	
.	265	2	11	12	13	20	21	22	23	24	25	26	27	28	29	30	31	32	33	34	35	36	37	38	39	40	
.	265	72308	111658	299610	327759	351232	390086	405306	471009	474567	474943	477587	506143	523125	535373	658085	793023	844037	958678	1096038	1162012	1452216	1634436	1893554	2920439	3390660	
.	266	2	11	12	13	14	20	21	22	23	24	25	26	27	28	29	30	31	32	33	34	35	36	37	38	39	40	
.	266	74518	116081	311912	330639	330640	356001	397590	410070	482907	484766	485152	486598	515384	532519	545603	667661	805067	855263	974086	1110989	1177182	1467416	1650689	1911051	2933778	3390660	
.	267	2	11	12	13	20	21	22	23	24	25	27	28	29	30	31	32	33	34	35	36	37	38	39	40	
.	267	76771	118668	318943	327797	354076	396967	406635	482080	482112	482340	514354	533403	551795	661120	815753	848617	966916	1104842	1175550	1459182	1643556	1904351	2933906	3390660	
.	268	2	11	12	13	14	20	21	22	23	24	25	27	28	29	30	31	32	33	34	35	36	37	38	39	40	
.	268	79051	118442	308454	316438	316439	341298	382669	391573	463139	463168	463326	495368	514839	534895	636759	803458	828531	936167	1074411	1147149	1425890	1608991	1870514	2919464	3390660	
.	269	2	11	12	13	14	20	21	22	23	24	25	27	28	29	30	31	32	33	34	35	36	37	38	39	40	
.	269	81564	122449	322309	329898	329899	354728	395698	404297	473388	473418	473542	506356	525915	545252	650206	810139	834409	945729	1085683	1158454	1438594	1620533	1881010	2918554	3390660	
.	270	2	11	12	13	20	21	22	23	24	25	27	28	29	30	31	32	33	34	35	36	37	38	39	40	
.	270	84164	128065	340083	347333	373435	417049	426396	501119	501150	501350	532681	551474	567505	684107	842152	879895	987362	1125889	1194910	1480348	1662145	1920935	2935320	3390660	
.	271	2	11	12	13	20	21	22	23	24	25	27	28	29	30	31	32	33	34	35	36	37	38	39	40	
.	271	86923	129912	338142	344672	371010	415184	424940	501973	502001	502090	537338	558398	580494	684561	854185	873541	992026	1133671	1207307	1485876	1669764	1929403	2941465	3390660	
.	272	2	11	12	13	20	21	22	23	24	25	27	28	29	30	31	32	33	34	35	36	37	38	39	40	
.	272	89867	134951	352238	358339	385500	429928	439445	516398	516420	516556	550869	571168	590496	702483	865955	895090	1013873	1154981	1226252	1510810	1695122	1952309	2955184	3390660	
.	273	2	11	12	13	20	21	22	23	24	25	27	28	29	30	31	32	33	34	35	36	37	38	39	40	
.	273	92842	136541	346816	352253	379283	423921	433636	512129	512148	512229	547394	568514	591081	694327	866440	885849	1006173	1147225	1221169	1499876	1683624	1941426	2951725	3390660	
.	274	2	11	12	13	20	21	22	23	24	25	27	28	29	30	31	32	33	34	35	36	37	38	39	40	
.	274	95986	142442	364656	369890	397776	443746	453615	532760	532776	532859	569185	590838	613463	721389	898622	918960	1040148	1184597	1258028	1541697	1726750	1984098	2973075	3390660	
.	275	2	11	12	13	14	20	21	22	23	24	25	27	28	29	30	31	32	33	34	35	36	37	38	39	40	
.	275	99388	146659	376213	380962	380963	409528	456778	466933	548764	548782	548863	585093	606739	629929	739116	919908	940192	1063589	1207982	1281453	1564962	1752166	2010039	2988647	3390660	
.	276	2	11	12	13	14	20	21	22	23	24	25	27	28	29	30	31	32	33	34	35	36	37	38	39	40	
.	276	102918	151706	382393	386707	386708	416559	464688	475551	560310	560320	560338	600089	623992	652100	751539	955724	962534	1081394	1227474	1304059	1580773	1769028	2026838	2999352	3390660	
.	277	2	11	12	13	20	21	22	23	24	25	27	28	29	30	31	32	33	34	35	36	37	38	39	40	
.	277	106620	155020	384102	387975	418364	466900	478172	564391	564410	564442	602745	625749	653246	755308	946588	957552	1086814	1230710	1306050	1583475	1770987	2027202	2999754	3390660	
.	278	2	11	12	13	20	21	22	23	24	25	27	28	29	30	31	32	33	34	35	36	37	38	39	40	
.	278	110673	161869	404826	408394	439512	489635	500975	589117	589127	589212	625113	646398	668252	784457	971406	1001658	1124075	1266180	1336133	1622018	1809448	2063231	3012773	3390660	
.	279	2	11	12	13	20	21	22	23	24	25	27	28	29	30	31	32	33	34	35	36	37	38	39	40	
.	279	114947	165196	405934	409068	440729	491873	503641	594682	594689	594754	630387	651761	675580	787784	980497	1005987	1132827	1274736	1345799	1629869	1819500	2074547	3021734	3390660	
.	280	2	11	12	13	14	20	21	22	23	24	25	27	28	29	30	31	32	33	34	35	36	37	38	39	40	
.	280	119553	169669	412189	415108	415109	446880	498036	509804	600090	600102	600147	636652	658567	684324	794526	986810	1007398	1143340	1285685	1357471	1641315	1831496	2086904	3030474	3390660	
.	281	2	11	12	13	14	20	21	22	23	24	25	27	28	29	30	31	32	33	34	35	36	37	38	39	40	
.	281	124543	175866	424753	427376	427377	460374	512602	524412	615534	615543	615579	651778	673606	699023	809385	1011996	1032874	1160431	1302282	1373336	1655646	1845954	2098742	3035566	3390660	
.	282	2	11	12	13	20	21	22	23	24	25	27	28	29	30	31	32	33	34	35	36	37	38	39	40	
.	282	129774	178936	417644	419974	451241	502024	513678	603228	603237	603266	639538	661510	686575	795801	995008	1015720	1142916	1284848	1356458	1638510	1829072	2084262	3031613	3390660	
.	283	2	11	12	13	20	21	22	23	24	25	27	28	29	30	31	32	33	34	35	36	37	38	39	40	
.	283	135582	186527	434760	436962	469129	520080	531460	619263	619268	619300	654373	675422	697238	813479	995977	1026048	1158976	1299862	1369120	1654554	1843249	2095536	3032703	3390660	
.	284	2	11	12	13	20	21	22	23	24	25	27	28	29	30	31	32	33	34	35	36	37	38	39	40	
.	284	141762	191431	436140	438122	469834	521590	533033	623947	623950	623979	659250	680851	704533	816850	1013836	1039069	1166278	1306826	1376822	1659942	1848105	2100293	3033102	3390660	
.	285	2	11	12	13	20	21	22	23	24	25	27	28	29	30	31	32	33	34	35	36	37	38	39	40	
.	285	148872	197639	436775	438577	470069	521190	532844	624068	624070	624090	661464	684261	710741	816519	1022680	1038034	1166643	1308289	1381072	1660034	1849802	2102776	3036013	3390660	
.	286	2	11	12	13	20	21	22	23	24	25	27	28	29	30	31	32	33	34	35	36	37	38	39	40	
.	286	156887	208004	458091	459742	491404	542545	553618	641986	641989	642015	679462	701985	726425	838605	1034780	1055208	1192275	1335753	1407348	1688864	1878458	2129855	3048917	3390660	
.	287	2	11	12	13	20	21	22	23	24	25	27	28	29	30	31	32	33	34	35	36	37	38	39	40	
.	287	165595	214765	458532	459897	491788	543483	554760	646408	646410	646417	686064	710289	739498	840066	1059094	1064830	1195530	1339459	1414116	1689301	1880275	2131872	3052920	3390660	
.	288	2	11	12	13	20	21	22	23	24	27	28	29	30	31	32	33	34	35	36	37	38	39	40	
.	288	175286	223098	457975	459165	490073	539697	550475	638037	638040	678919	703633	733759	830967	1066289	1067029	1182735	1328034	1403656	1677339	1868037	2121470	3049336	3390660	
.	289	2	10	11	12	13	18	19	20	21	22	23	24	25	26	27	28	29	30	31	32	33	34	35	36	37	38	39	40	
.	289	186721	189761	235522	480273	481331	482197	483530	514073	569473	579416	660547	660548	662626	663234	701945	725881	754364	857788	1084543	1090193	1211165	1356726	1431214	1707040	1896891	2146952	3056835	3390660	
.	290	2	11	12	13	20	21	22	23	27	28	29	30	31	32	33	34	35	36	37	38	39	40	
.	290	199759	247139	487729	488698	519212	569658	580502	670668	711913	735976	766186	865324	1140195	1140991	1223254	1368410	1443672	1715236	1906550	2158918	3064509	3390660	
.	291	2	11	12	13	20	21	22	23	27	28	29	30	31	32	33	34	35	36	37	38	39	40	
.	291	215101	260529	491959	492809	522942	572658	583097	673135	713324	737673	767603	865085	1098083	1098635	1225320	1368605	1443920	1715277	1906777	2159019	3066911	3390660	
.	292	2	10	11	12	13	18	19	20	21	22	23	24	25	26	27	28	29	30	31	32	33	34	35	36	37	38	39	40	
.	292	233474	236118	278460	511099	511849	512674	513904	543013	597611	607052	687647	687649	689584	690202	728782	752340	781621	881265	1123642	1124164	1241496	1386120	1461413	1733910	1923805	2174604	3072082	3390660	
.	293	2	10	11	12	13	18	19	20	21	22	23	25	26	27	28	29	30	31	32	33	34	35	36	37	38	39	40	
.	293	256672	259289	301173	537876	538562	539341	540539	570189	625528	634834	716965	719005	719642	758388	782358	811559	913257	1165685	1166182	1277488	1422456	1496241	1769852	1959612	2205873	3083580	3390660	
.	294	2	10	11	12	13	18	19	20	21	22	23	24	25	26	27	28	29	30	31	32	33	34	35	36	37	38	39	40	
.	294	284249	286676	325524	550580	551168	551877	553069	581292	634884	643765	724086	724087	725957	726556	764519	788003	816782	918162	1184409	1184871	1283256	1427433	1501667	1774154	1964122	2210864	3086849	3390660	
.	295	2	10	11	12	13	18	19	20	21	22	23	24	25	26	27	28	29	30	31	32	33	34	35	36	37	38	39	40	
.	295	319921	321895	356519	565026	565532	566160	567193	594512	646025	654176	731611	731612	733423	733981	770319	792865	820693	920356	1207500	1208000	1284583	1428669	1502406	1774413	1964381	2211053	3087559	3390660	
.	296	2	10	11	12	13	18	19	20	21	22	23	24	25	26	27	28	29	30	31	32	33	34	35	36	37	38	39	40	
.	296	367718	369466	398798	588501	588957	589492	590470	615123	664037	671593	744703	744704	746509	747040	782251	804203	830767	930943	1197852	1198191	1297015	1440252	1513848	1785050	1975987	2221819	3091852	3390660	
.	297	2	10	11	12	13	18	19	20	21	22	23	24	25	26	27	28	29	30	31	32	33	34	35	36	37	38	39	40	
.	297	431350	432684	455556	618363	618659	619120	620021	642003	685327	691461	755416	755417	757061	757541	790399	811283	835802	935665	1229659	1230047	1299947	1443281	1516657	1788184	1978563	2225782	3095112	3390660	
.	298	2	10	11	12	13	18	19	20	21	22	23	25	26	27	28	29	30	31	32	33	34	35	36	37	38	39	40	
.	298	527386	528742	541427	656477	656680	657241	658390	673816	709262	713069	757719	760451	761278	788058	805856	825488	924404	1245039	1245424	1277196	1420434	1494369	1766408	1956867	2206463	3091759	3390660	
.	299	2	10	11	12	13	18	19	20	21	22	23	25	26	27	28	29	30	31	32	33	34	35	36	37	38	39	40	
.	299	717970	718148	721751	766605	766666	766864	767256	777411	797545	799750	826855	827754	827997	848947	862016	873583	975412	1238988	1239232	1312427	1455198	1527397	1798997	1982549	2225324	3095082	3390660	
A	0	15	27	30	31	32	33	34	35	
A	0	12506	23578	27214	63964	79003	114620	127569	899477	
A	1	15	27	30	31	32	33	34	35	
A	1	9281	19501	24006	58959	77570	111857	133095	937314	
A	2	15	27	30	31	32	33	34	35	
A	2	10660	19047	25254	62466	84058	117935	141234	902764	
A	3	15	27	30	31	32	33	34	35	
A	3	9720	16864	22708	57638	77292	109580	129838	862327	
A	4	15	27	30	31	32	33	34	35	
A	4	10292	17302	23430	59624	79821	111902	133749	877779	
A	5	14	15	16	27	28	30	31	34	35	36	37	38	39	40	
A	5	798	1405	8889	19905	20404	26532	33391	59697	76275	113639	147980	217753	519345	886394	
A	6	14	15	16	27	28	30	31	34	35	36	37	38	39	40	
A	6	773	1399	8360	16352	16853	23587	30382	53930	65932	102897	132151	190754	528877	883852	
A	7	14	15	16	27	28	30	31	34	35	36	37	38	39	40	
A	7	741	1303	7629	13179	13684	19922	25792	45427	54393	86393	109817	162004	462265	889657	
A	8	14	15	16	27	28	30	31	34	35	36	37	38	39	40	
A	8	769	1359	7556	12749	13270	19554	25024	42895	50512	79084	99773	151578	413258	870576	
A	9	14	15	16	27	28	30	31	34	35	36	37	38	39	40	
A	9	754	1273	7348	12482	12989	19204	24625	42437	50297	78327	99166	152095	405864	883185	
A	10	14	15	16	27	28	30	31	34	35	36	37	38	39	40	
A	10	703	1228	7104	11923	12392	18301	23489	40217	47676	74360	93910	145092	391567	886308	
A	11	14	15	16	27	28	30	31	34	35	36	37	38	39	40	
A	11	635	1125	6566	11413	11844	17330	22252	38465	45422	71620	90684	141634	384865	886566	
A	12	14	15	16	27	28	30	31	34	35	36	37	38	39	40	
A	12	702	1141	6334	10952	11404	16879	21649	38017	45231	70912	89979	140926	380571	889574	
A	13	14	15	16	27	28	30	31	34	35	36	37	38	39	40	
A	13	678	1145	6471	10925	11371	16954	21886	37687	44389	69262	87482	136549	370851	894292	
A	14	14	15	16	27	28	30	31	34	35	36	37	38	39	40	
A	14	762	1259	7082	11880	12388	18613	23744	40552	47494	74011	92437	143898	375281	887335	
A	15	14	15	16	27	28	30	31	34	35	36	37	38	39	40	
A	15	685	1193	6685	11210	11667	17712	22728	38982	45677	71677	90176	141346	370134	886933	
A	16	14	15	16	27	28	30	31	34	35	36	37	38	39	40	
A	16	755	1295	7064	11545	12127	18767	23564	40726	47708	74881	93898	149485	381584	888083	
A	17	14	15	16	27	28	30	31	34	35	36	37	38	39	40	
A	17	664	1158	6460	11019	11478	17074	21720	37520	44494	69496	87989	139554	370267	880398	
A	18	14	15	16	27	28	30	31	34	35	36	37	38	39	40	
A	18	582	986	5630	9990	10401	15227	19442	34203	41160	64381	81892	129752	360127	884316	
A	19	14	15	16	27	28	30	31	34	35	36	37	38	39	40	
A	19	622	1037	5977	10381	10860	16478	20748	36722	43973	69293	88277	142048	373580	885267	
A	20	14	15	16	27	28	30	31	34	35	36	37	38	39	40	
A	20	687	1159	6095	10783	11221	16594	21024	37144	44525	69829	88999	142587	376076	880232	
A	21	14	15	16	27	28	30	31	34	35	36	37	38	39	40	
A	21	580	1028	5957	10447	10890	16169	20538	36716	43953	68681	87302	140016	374257	882291	
A	22	14	15	16	27	28	30	31	34	35	36	37	38	39	40	
A	22	644	1075	5633	9938	10383	15655	19782	35302	42451	66718	85046	137406	369061	883118	
A	23	14	15	16	27	28	30	31	34	35	36	37	38	39	40	
A	23	751	1308	7193	12408	12928	19386	24397	42779	51239	79532	100753	158679	399254	878519	
A	24	14	15	16	27	28	30	31	34	35	36	37	38	39	40	
A	24	624	1071	5760	10720	11146	16357	20578	37011	45113	70269	89567	141391	379333	877506	
A	25	14	15	16	27	28	30	31	34	35	36	37	38	39	40	
A	25	679	1139	6181	10957	11455	16690	20942	37162	44938	70299	89741	142038	377448	881032	
A	26	14	15	16	27	28	30	31	34	35	36	37	38	39	40	
A	26	726	1253	6543	11392	11889	17596	21965	38710	46339	72482	91977	145434	379587	875946	
A	27	14	15	16	27	28	30	31	34	35	36	37	38	39	40	
A	27	656	1159	6134	11052	11510	16855	21236	37300	44989	70219	89426	140912	375530	877369	
A	28	14	15	16	27	28	30	31	34	35	36	37	38	39	40	
A	28	600	1091	5948	10462	10916	16263	20488	36543	43992	68688	87356	139868	374160	881503	
A	29	14	15	16	27	28	30	31	34	35	36	37	38	39	40	
A	29	664	1155	5972	10619	11086	16494	20744	36681	43998	68880	87619	140549	373905	875067	
A	30	14	15	16	27	28	30	31	34	35	36	37	38	39	40	
A	30	716	1248	6699	11449	11970	17880	22375	39124	46702	72768	92052	147210	382685	876532	
A	31	14	15	16	27	28	30	31	34	35	36	37	38	39	40	
A	31	690	1211	6632	11238	11722	17390	21959	38197	45523	71180	90102	143346	379101	877971	
A	32	14	15	16	27	28	30	31	34	35	36	37	38	39	40	
A	32	682	1155	6202	10910	11343	16568	20763	36429	43836	68210	86580	137819	374054	875254	
A	33	14	15	16	27	28	30	31	34	35	36	37	38	39	40	
A	33	845	1373	7181	12184	12706	18723	23342	40446	48215	75056	94860	149444	386309	875615	
A	34	14	15	16	27	28	30	31	34	35	36	37	38	39	40	
A	34	865	1465	7739	12857	13364	19620	24565	42205	49876	77268	97011	150783	390838	879908	
A	35	14	15	16	27	28	30	31	34	35	36	37	38	39	40	
A	35	829	1415	7597	12879	13407	19448	24431	41956	49770	76639	95944	148348	386682	872941	
A	36	14	15	16	27	28	30	31	34	35	36	37	38	39	40	
A	36	817	1382	7400	12416	12974	18985	23840	40796	48457	75124	94468	147544	384061	876453	
A	37	14	15	16	27	28	30	31	34	35	36	37	38	39	40	
A	37	859	1435	7489	12578	13139	19341	24092	41784	49723	77140	97529	153026	393239	877699	
A	38	14	15	16	27	28	30	31	34	35	36	37	38	39	40	
A	38	773	1304	6784	11929	12409	17770	22324	38768	46672	71997	91410	143365	381940	875205	
A	39	14	15	16	27	28	30	31	34	35	36	37	38	39	40	
A	39	856	1408	7268	12504	13067	18999	23807	41324	49435	76475	96428	150890	389006	875094	
A	40	14	15	16	27	28	30	31	34	35	36	37	38	39	40	
A	40	964	1581	8423	14191	14804	21659	26978	46068	54269	83353	104270	161581	403286	876348	
A	41	14	15	16	27	28	30	31	34	35	36	37	38	39	40	
A	41	914	1583	8566	13923	14535	21434	26679	45483	53407	82255	102691	158536	397850	873461	
A	42	14	15	16	27	28	30	31	34	35	36	37	38	39	40	
A	42	930	1546	7860	13186	13792	20520	25609	44286	52298	80615	100862	157340	396757	874528	
A	43	14	15	16	27	28	30	31	34	35	36	37	38	39	40	
A	43	877	1472	8041	13348	13981	20959	26057	44822	52647	81043	101147	158382	397559	875695	
A	44	14	15	16	27	28	30	31	34	35	36	37	38	39	40	
A	44	749	1301	6716	11750	12236	17408	21851	37833	45279	70249	89054	138576	376721	874509	
A	45	14	15	16	27	28	30	31	34	35	36	37	38	39	40	
A	45	762	1317	6942	12078	12543	17890	22404	38635	46468	71788	90938	141313	379123	875803	
A	46	14	15	16	27	28	30	31	34	35	36	37	38	39	40	
A	46	835	1424	7560	12919	13492	19650	24523	42577	50574	77897	98001	153744	396288	877337	
A	47	14	15	16	27	28	30	31	34	35	36	37	38	39	40	
A	47	924	1549	8047	13243	13858	20311	25266	43793	51805	79923	99938	156038	397181	872250	
A	48	14	15	16	27	28	30	31	34	35	36	37	38	39	40	
A	48	915	1520	7591	13255	13776	19641	24371	42027	50458	77102	97523	151173	395059	874519	
A	49	14	15	16	27	28	30	31	34	35	36	37	38	39	40	
A	49	873	1501	7669	13234	13848	19988	24716	42750	51147	78297	98452	153846	397934	876343	
A	50	14	15	16	27	28	30	31	34	35	36	37	38	39	40	
A	50	941	1576	8185	14060	14694	21097	26038	44783	53442	82004	103214	160079	405671	872723	
A	51	14	15	16	27	28	30	31	34	35	36	37	38	39	40	
A	51	937	1566	7926	13467	14060	20719	25620	44387	52906	81448	102598	159597	406456	874655	
A	52	14	15	16	27	28	30	31	34	35	36	37	38	39	40	
A	52	1091	1807	9368	15514	16192	24083	29593	50930	60142	92076	114644	176343	425247	877603	
A	53	14	15	16	27	28	30	31	34	35	36	37	38	39	40	
A	53	1070	1864	9902	16170	16934	25346	31369	53283	62421	95276	118509	180162	428759	872132	
A	54	14	15	16	27	28	30	31	34	35	36	37	38	39	40	
A	54	1163	2000	10370	16995	17765	26153	32182	54586	64075	96959	120357	181703	433221	875116	
A	55	14	15	16	27	28	30	31	34	35	36	37	38	39	40	
A	55	1194	1944	9822	16098	16862	24922	30665	52383	61609	94142	117442	178690	430770	876076	
A	56	14	15	16	27	28	30	31	34	35	36	37	38	39	40	
A	56	1225	2094	11095	17783	18658	28276	34652	58659	68409	104027	128812	194244	448006	874177	
A	57	14	15	16	27	28	30	31	34	35	36	37	38	39	40	
A	57	1136	1892	10164	17179	17957	26208	32096	54987	65247	99236	124159	185741	444999	875252	
A	58	14	15	16	27	28	30	31	34	35	36	37	38	39	40	
A	58	960	1561	8367	14361	14978	21817	27089	46865	56070	86145	108297	165005	423027	877434	
A	59	14	15	16	27	28	30	31	34	35	36	37	38	39	40	
A	59	956	1626	8463	14639	15280	21670	26827	46128	55381	84792	107147	161722	416152	872028	
A	60	14	15	16	27	28	30	31	34	35	36	37	38	39	40	
A	60	1056	1749	8939	15482	16129	23288	28768	49378	58997	89974	113045	169801	425511	874614	
A	61	14	15	16	27	28	30	31	34	35	36	37	38	39	40	
A	61	1081	1820	9298	15855	16584	23679	29217	50129	59846	91220	114328	171162	428710	877602	
A	62	14	15	16	27	28	30	31	34	35	36	37	38	39	40	
A	62	1109	1861	9218	15632	16294	23407	29071	49724	59190	90363	113076	169369	423854	873946	
A	63	14	15	16	27	28	30	31	34	35	36	37	38	39	40	
A	63	1008	1693	8678	15159	15751	22317	27568	46968	56356	85975	107684	162377	415215	873567	
A	64	14	15	16	27	28	30	31	34	35	36	37	38	39	40	
A	64	1076	1802	8906	15321	15915	22559	28075	47831	57238	86909	108604	161972	413622	877128	
A	65	14	15	16	27	28	30	31	34	35	36	37	38	39	40	
A	65	1027	1753	9037	15448	16048	22563	28029	47446	56506	86044	107676	159986	408449	873990	
A	66	14	15	16	27	28	30	31	34	35	36	37	38	39	40	
A	66	1209	2035	10463	17267	18026	26006	32079	53785	63340	95411	118038	173991	422638	875241	
A	67	14	15	16	27	28	30	31	34	35	36	37	38	39	40	
A	67	1296	2171	11456	18406	19235	28226	34627	57968	67819	102786	126595	188158	441689	876013	
A	68	14	15	16	27	28	30	31	34	35	36	37	38	39	40	
A	68	1234	2123	11094	18243	18985	27356	33751	56758	66707	100517	124603	184191	440707	872462	
A	69	14	15	16	27	28	30	31	34	35	36	37	38	39	40	
A	69	1214	2070	10890	18095	18888	27162	33413	56199	66066	99860	123602	182709	438927	873264	
A	70	14	15	16	27	28	30	31	34	35	36	37	38	39	40	
A	70	1169	1966	10197	16982	17711	25673	31629	53076	62770	95361	118306	176596	431162	876489	
A	71	14	15	16	27	28	30	31	34	35	36	37	38	39	40	
A	71	1358	2278	11479	18995	19837	28590	35058	58427	68432	103214	127534	187562	443998	874384	
A	72	14	15	16	27	28	30	31	34	35	36	37	38	39	40	
A	72	1350	2248	11205	18286	19143	27814	34253	57723	67759	102159	126403	186655	444466	876066	
A	73	14	15	16	27	28	30	31	34	35	36	37	38	39	40	
A	73	1212	2068	10529	17786	18565	26936	33054	56110	66324	100421	124598	184817	441978	877276	
A	74	14	15	16	27	28	30	31	34	35	36	37	38	39	40	
A	74	1144	1949	9896	16993	17701	25459	31338	53102	62996	95618	119356	178263	434720	872681	
A	75	14	15	16	27	28	30	31	34	35	36	37	38	39	40	
A	75	1071	1868	9429	16236	16957	24277	29937	50985	60744	92636	115752	172827	431491	875663	
A	76	14	15	16	27	28	30	31	34	35	36	37	38	39	40	
A	76	1056	1760	9055	15592	16190	23308	28749	49393	59009	89843	112072	168534	426284	876181	
A	77	14	15	16	27	28	30	31	34	35	36	37	38	39	40	
A	77	1112	1833	9449	16215	16919	24050	29724	50474	60215	91348	114256	170789	429178	872471	
A	78	14	15	16	27	28	30	31	34	35	36	37	38	39	40	
A	78	1190	1932	9923	16972	17767	25544	31475	53534	63214	95690	119060	177516	434778	874056	
A	79	14	15	16	27	28	30	31	34	35	36	37	38	39	40	
A	79	1155	1963	10168	17110	17890	25871	31478	53853	63903	97068	120846	180702	441354	874996	
A	80	14	15	16	27	28	30	31	34	35	36	37	38	39	40	
A	80	1201	1987	9865	17054	17775	25184	31025	52774	63179	95910	119992	178159	440237	873823	
A	81	14	15	16	27	28	30	31	34	35	36	37	38	39	40	
A	81	1266	2092	10442	17975	18705	26368	32360	55076	65992	99412	123581	181659	445895	874662	
A	82	14	15	16	27	28	30	31	34	35	36	37	38	39	40	
A	82	1410	2378	11743	19735	20624	29718	36284	61519	72968	109535	135466	197724	462769	877334	
A	83	14	15	16	27	28	30	31	34	35	36	37	38	39	40	
A	83	1484	2463	12511	20881	21874	31739	38759	65258	76903	114957	141549	205954	470830	873518	
A	84	14	15	16	27	28	30	31	34	35	36	37	38	39	40	
A	84	1550	2540	13244	22005	23013	33122	40561	67085	78775	117756	144755	207818	477258	876103	
A	85	14	15	16	27	28	30	31	34	35	36	37	38	39	40	
A	85	1554	2592	12916	21366	22320	32089	39241	65622	77279	115903	142767	205939	474298	877018	
A	86	14	15	16	27	28	30	31	34	35	36	37	38	39	40	
A	86	1578	2599	12889	21412	22335	32154	39204	65673	77398	115727	142273	205567	474813	874618	
A	87	14	15	16	27	28	30	31	34	35	36	37	38	39	40	
A	87	1505	2549	12790	21385	22306	32136	39279	65731	77432	115753	142749	205220	474721	874564	
A	88	14	15	16	27	28	30	31	34	35	36	37	38	39	40	
A	88	1562	2609	12781	21280	22274	32323	39349	65920	77700	116412	144091	208304	479577	877941	
A	89	14	15	16	27	28	30	31	34	35	36	37	38	39	40	
A	89	1640	2694	13399	21984	23042	33630	40810	68185	79923	119939	147183	212114	479771	872220	
A	90	14	15	16	27	28	30	31	34	35	36	37	38	39	40	
A	90	1595	2712	13288	21622	22636	33138	40550	67905	79475	118769	145690	211092	479834	874470	
A	91	14	15	16	27	28	30	31	34	35	36	37	38	39	40	
A	91	1554	2535	13044	21278	22328	32557	39795	66538	78093	117200	144124	208438	478544	877569	
A	92	14	15	16	27	28	30	31	34	35	36	37	38	39	40	
A	92	1604	2614	12821	21418	22401	32243	39282	66162	78154	116742	143788	207376	477662	873632	
A	93	14	15	16	27	28	30	31	34	35	36	37	38	39	40	
A	93	1496	2564	12779	21731	22675	32088	39118	65609	78179	116814	144896	208037	480787	876120	
A	94	14	15	16	27	28	30	31	34	35	36	37	38	39	40	
A	94	1456	2407	11874	20850	21722	30196	36867	62723	75588	112767	140589	201565	477689	876949	
A	95	14	15	16	27	28	30	31	34	35	36	37	38	39	40	
A	95	1460	2454	11872	20754	21773	30764	37454	63555	76341	113607	140927	202718	475795	872432	
A	96	14	15	16	27	28	30	31	34	35	36	37	38	39	40	
A	96	1496	2529	12505	21555	22527	31474	38388	64501	77278	115106	142683	203741	477938	874178	
A	97	14	15	16	27	28	30	31	34	35	36	37	38	39	40	
A	97	1583	2623	12537	21527	22446	31416	38360	64426	77317	114971	142264	203043	478555	877050	
A	98	14	15	16	27	28	30	31	34	35	36	37	38	39	40	
A	98	1612	2630	12399	21388	22285	30982	37961	63386	75801	112713	139601	199116	475136	873764	
A	99	14	15	16	27	28	30	31	34	35	36	37	38	39	40	
A	99	1763	2904	13751	23320	24306	33552	40919	67705	80781	119299	146787	207139	483270	875227	
A	100	14	15	16	27	28	30	31	34	35	36	37	38	39	40	
A	100	1774	2936	14011	23692	24732	34368	41936	69065	82185	121678	149524	211342	485974	876968	
A	101	14	15	16	27	28	30	31	34	35	36	37	38	39	40	
A	101	1976	3330	16228	47866	49144	58080	72449	136264	198942	265267	356828	477886	794693	874174	
A	102	14	15	16	27	28	30	31	34	35	36	37	38	39	40	
A	102	1919	3202	15631	30201	31419	42150	54994	97126	120116	183741	232621	312128	748469	873901	
A	103	14	15	16	27	28	30	31	34	35	36	37	38	39	40	
A	103	1668	2800	13765	23827	24861	34520	43408	73625	89081	137190	170767	226847	613213	876674	
A	104	14	15	16	27	28	30	31	34	35	36	37	38	39	40	
A	104	1431	2438	12004	20012	20955	29998	37193	62865	74899	114697	142142	198457	511968	873097	
A	105	14	15	16	27	28	30	31	34	35	36	37	38	39	40	
A	105	1450	2380	11722	19116	19990	28813	35783	59661	70720	107555	132722	190544	471355	874988	
A	106	14	15	16	27	28	30	31	34	35	36	37	38	39	40	
A	106	1397	2358	11783	19064	19950	28258	34575	57177	67862	102488	126808	185063	452779	878150	
A	107	14	15	16	27	28	30	31	34	35	36	37	38	39	40	
A	107	1391	2371	11713	19636	20539	28874	35403	59136	70600	105654	130588	189776	454577	872980	
A	108	14	15	16	27	28	30	31	34	35	36	37	38	39	40	
A	108	1469	2482	12177	20578	21516	29812	36439	60460	72244	107991	133154	192627	457984	874281	
A	109	14	15	16	27	28	30	31	34	35	36	37	38	39	40	
A	109	1463	2428	11859	19699	20506	28327	34890	57082	68080	102182	125760	182505	443524	876317	
A	110	14	15	16	27	28	30	31	34	35	36	37	38	39	40	
A	110	1406	2345	11465	18894	19744	27397	33711	55520	66309	99061	122494	179781	439776	873855	
A	111	14	15	16	27	28	30	31	34	35	36	37	38	39	40	
A	111	1400	2315	11217	18725	19558	26947	33182	54745	65302	97950	120813	175920	432757	873949	
A	112	14	15	16	27	28	30	31	34	35	36	37	38	39	40	
A	112	1329	2170	10591	17857	18615	25489	31491	52155	62823	94306	116671	170920	428784	876599	
A	113	14	15	16	27	28	30	31	34	35	36	37	38	39	40	
A	113	1238	2049	10222	17364	18197	25259	30977	51176	61791	93142	115580	170334	426024	876035	
A	114	14	15	16	27	28	30	31	34	35	36	37	38	39	40	
A	114	1245	2100	10153	17185	17943	24646	30148	50219	60740	91358	113426	168045	423803	874010	
A	115	14	15	16	27	28	30	31	34	35	36	37	38	39	40	
A	115	1151	1850	9440	16300	17016	23381	28776	47511	57858	87424	108828	161698	418183	877168	
A	116	14	15	16	27	28	30	31	34	35	36	37	38	39	40	
A	116	1202	1950	9348	16131	16888	23073	28570	47112	57116	85903	107120	159880	414007	872948	
A	117	14	15	16	27	28	30	31	34	35	36	37	38	39	40	
A	117	1090	1854	9007	15630	16354	22555	27763	46420	56524	85438	106807	160953	415420	874708	
A	118	14	15	16	27	28	30	31	34	35	36	37	38	39	40	
A	118	1305	2071	9646	16398	17247	23973	29484	49001	59311	89671	111549	167191	422758	875848	
A	119	14	15	16	27	28	30	31	34	35	36	37	38	39	40	
A	119	1170	1904	9626	16374	17143	23739	29219	48264	58641	88151	110001	163833	418777	873427	
A	120	14	15	16	27	28	30	31	34	35	36	37	38	39	40	
A	120	1268	2077	9767	16736	17505	24257	29875	49299	59992	90395	112609	167563	425812	874967	
A	121	14	15	16	27	28	30	31	34	35	36	37	38	39	40	
A	121	1420	2268	10755	17984	18926	26294	32384	53731	64787	97129	120326	177788	436511	875528	
A	122	14	15	16	27	28	30	31	34	35	36	37	38	39	40	
A	122	1453	2278	11150	18726	19694	27639	33725	55432	66476	99619	123043	182081	439532	873775	
A	123	14	15	16	27	28	30	31	34	35	36	37	38	39	40	
A	123	1495	2468	11982	19531	20573	29524	35856	58909	70299	105611	129731	192098	449539	874803	
A	124	14	15	16	27	28	30	31	34	35	36	37	38	39	40	
A	124	1501	2411	11802	19285	20354	29174	35428	58683	70353	105823	130698	192493	454153	875921	
A	125	14	15	16	27	28	30	31	34	35	36	37	38	39	40	
A	125	1472	2398	11737	19331	20362	28649	35103	57745	69433	104365	128800	188062	450836	871500	
A	126	14	15	16	27	28	30	31	34	35	36	37	38	39	40	
A	126	1537	2527	12001	19830	20913	29281	35723	58405	70778	105926	131060	191598	456674	873839	
A	127	14	15	16	27	28	30	31	34	35	36	37	38	39	40	
A	127	1652	2691	12708	20944	22063	31262	38116	62587	75545	112665	138977	201759	467224	876295	
A	128	14	15	16	27	28	30	31	34	35	36	37	38	39	40	
A	128	1716	2815	13461	22152	23396	33099	40204	65708	79321	118441	145184	207702	476707	874036	
A	129	14	15	16	27	28	30	31	34	35	36	37	38	39	40	
A	129	1729	2849	13525	22306	23501	32742	39883	65244	78765	117307	144139	207122	475884	875263	
A	130	14	15	16	27	28	30	31	34	35	36	37	38	39	40	
A	130	1643	2899	12655	21180	22436	31532	38567	62369	75699	112925	138974	200088	467490	875123	
A	131	14	15	16	27	28	30	31	34	35	36	37	38	39	40	
A	131	1788	2963	13653	22127	23385	32736	39984	65115	78521	116632	143063	203982	472924	873054	
A	132	14	15	16	27	28	30	31	34	35	36	37	38	39	40	
A	132	1794	2919	13634	22588	23849	33248	40492	65636	79346	117842	144339	205075	476508	874764	
A	133	14	15	16	27	28	30	31	34	35	36	37	38	39	40	
A	133	1664	3002	13147	21506	22732	31719	38705	62814	75965	112987	138879	199609	468149	878139	
A	134	14	15	16	27	28	30	31	34	35	36	37	38	39	40	
A	134	1732	3043	12967	21213	22440	31658	38569	62613	75502	112781	138663	199861	467352	873569	
A	135	14	15	16	27	28	30	31	34	35	36	37	38	39	40	
A	135	1664	2723	13125	21642	22935	32457	39674	64150	77270	115086	140881	202565	469326	874399	
A	136	14	15	16	27	28	30	31	34	35	36	37	38	39	40	
A	136	1753	3094	13282	21728	23040	32541	39643	64125	77447	115111	140953	202159	471332	876068	
A	137	14	15	16	27	28	30	31	34	35	36	37	38	39	40	
A	137	1733	3338	13443	21756	22994	32617	39577	64557	77515	115462	141421	203262	471932	873691	
A	138	14	15	16	27	28	30	31	34	35	36	37	38	39	40	
A	138	1776	3190	13539	22043	23371	32985	40156	64854	78205	116052	142336	204609	473310	875687	
A	139	14	15	16	27	28	30	31	34	35	36	37	38	39	40	
A	139	1565	3630	12711	20844	22128	30963	37862	61288	74475	110973	136611	196905	467818	876237	
A	140	14	15	16	27	28	30	31	34	35	36	37	38	39	40	
A	140	1602	3394	12347	20393	21612	30093	36796	59716	72809	108809	134268	193903	463239	873717	
A	141	14	15	16	27	28	30	31	34	35	36	37	38	39	40	
A	141	1775	4357	13206	21355	22737	32007	38865	62622	75771	112825	138589	200194	469183	876019	
A	142	14	15	16	27	28	30	31	34	35	36	37	38	39	40	
A	142	1806	4219	13840	22408	23920	33895	40924	66279	80302	118980	145431	208403	477858	876443	
A	143	14	15	16	27	28	30	31	34	35	36	37	38	39	40	
A	143	1945	4584	14876	23738	25255	35788	43365	69562	84001	124263	151884	215580	486958	874116	
A	144	14	15	16	27	28	30	31	34	35	36	37	38	39	40	
A	144	1801	5269	13988	22945	24488	34691	41912	67201	81703	121132	148404	210946	484484	876382	
A	145	14	15	16	27	28	30	31	34	35	36	37	38	39	40	
A	145	1842	6874	13878	22501	23966	33360	40623	65304	79342	117468	144022	204639	478129	877685	
A	146	14	15	16	27	28	30	31	34	35	36	37	38	39	40	
A	146	1783	6470	14095	22815	24351	34226	41574	66284	80536	118987	145674	206575	479526	874267	
A	147	14	15	16	27	28	30	31	34	35	36	37	38	39	40	
A	147	1702	6694	13597	22429	24017	33715	40927	65405	79896	118782	145936	206766	480349	874354	
A	148	14	15	16	27	28	30	31	34	35	36	37	38	39	40	
A	148	1831	7051	13852	22698	24275	34055	41335	66172	80640	119650	146520	207584	483637	878517	
A	149	14	15	16	27	28	30	31	34	35	36	37	38	39	40	
A	149	1761	7800	13294	21902	23489	32857	39868	63774	78249	116047	142459	202346	477054	873233	
A	150	14	15	16	27	28	30	31	34	35	36	37	38	39	40	
A	150	1652	6225	12652	21220	22700	31516	38424	61458	76460	112919	139382	197510	475197	874348	
A	151	2	14	15	16	27	28	30	31	34	35	36	37	38	39	40	
A	151	26	1770	7203	13087	21970	23612	32566	39761	63420	78805	116539	143179	201898	481210	875075	
A	152	2	14	15	16	27	28	30	31	34	35	36	37	38	39	40	
A	152	44	1870	8250	13880	23018	24745	34113	41374	65884	81507	120369	147834	207924	487618	872897	
A	153	2	14	15	16	27	28	30	31	34	35	36	37	38	39	40	
A	153	71	1964	7899	14407	23742	25577	35326	42922	68530	84851	124948	153261	214527	496170	874624	
A	154	2	14	15	16	27	28	30	31	34	35	36	37	38	39	40	
A	154	101	1926	7868	14194	23563	25410	35057	42649	67991	84350	124339	152664	214359	499151	877510	
A	155	2	14	15	16	27	28	30	31	34	35	36	37	38	39	40	
A	155	121	2071	9685	14938	24545	26460	36516	44256	70086	86590	127556	155723	216505	499187	874073	
A	156	2	14	15	16	27	28	30	31	34	35	36	37	38	39	40	
A	156	172	2150	11812	15205	24836	26740	37437	45354	71657	88334	129926	159422	221574	503929	874735	
A	157	2	14	15	16	27	28	30	31	34	35	36	37	38	39	40	
A	157	187	2408	11744	17057	27226	29321	41165	49905	78050	95314	139604	169691	233784	518012	877250	
A	158	2	14	15	16	27	28	30	31	34	35	36	37	38	39	40	
A	158	189	2565	15016	18361	28859	31035	43741	52785	82070	99552	145403	176154	240652	522700	874153	
A	159	2	14	15	16	27	28	30	31	34	35	36	37	38	39	40	
A	159	259	2527	13906	18055	28653	31026	43197	52083	81077	99125	145085	176097	240170	524960	874680	
A	160	2	14	15	16	27	28	30	31	34	35	36	37	38	39	40	
A	160	272	2568	12625	17475	27912	30285	41856	50776	78989	97266	142757	173631	236135	525829	876895	
A	161	2	14	15	16	27	28	30	31	34	35	36	37	38	39	40	
A	161	300	2498	14518	17661	28260	30720	42156	50977	79204	97874	142691	173886	236663	525892	872936	
A	162	2	14	15	16	27	28	30	31	34	35	36	37	38	39	40	
A	162	355	2594	15262	17583	27988	30387	42191	51065	79375	97710	143301	174136	237632	524759	873732	
A	163	2	14	15	16	27	28	30	31	34	35	36	37	38	39	40	
A	163	431	2796	15926	18190	28597	31000	43017	52114	80399	99147	144437	175177	239058	526524	875956	
A	164	2	14	15	16	27	28	30	31	34	35	36	37	38	39	40	
A	164	478	2995	16658	18904	29657	32234	44444	53786	82526	101825	148160	179445	243004	531234	874159	
A	165	2	14	15	16	27	28	30	31	34	35	36	37	38	39	40	
A	165	494	2987	17940	19347	30310	33000	45447	54965	84082	103353	150472	182163	245806	534938	875492	
A	166	2	14	15	16	25	26	27	28	30	31	34	35	36	37	38	39	40	
A	166	549	3882	18101	19440	19639	19660	30358	33082	45545	55192	84727	104573	152276	184001	248646	540060	878551	
A	167	2	14	15	16	25	26	27	28	30	31	34	35	36	37	38	39	40	
A	167	608	3960	18935	20186	20379	20406	31488	34440	47634	57697	87863	108205	156740	189167	254426	543037	874648	
A	168	2	14	15	16	25	26	27	28	30	31	34	35	36	37	38	39	40	
A	168	668	5367	21556	22785	23152	23189	34640	37791	52844	63502	95589	116268	167544	200802	268486	555784	875942	
A	169	2	14	15	16	25	26	27	28	30	31	34	35	36	37	38	39	40	
A	169	719	4506	21367	22467	22684	22701	33902	37077	52127	62891	94868	115486	167000	200419	267866	554066	875048	
A	170	2	14	15	16	25	26	27	28	30	31	34	35	36	37	38	39	40	
A	170	805	5420	22506	23528	23883	23925	35105	38485	54315	65230	98256	119316	171318	204959	272064	557252	874097	
A	171	2	14	15	16	25	26	27	28	30	31	34	35	36	37	38	39	40	
A	171	914	5625	21869	22783	23171	23205	34509	37991	53289	64052	96422	118060	169891	203779	270933	558128	876248	
A	172	2	14	15	16	25	26	27	28	30	31	34	35	36	37	38	39	40	
A	172	949	6939	20354	21056	21770	21822	32320	35610	49728	59732	90610	112179	162240	195126	261846	550613	877976	
A	173	2	12	13	14	15	16	23	25	26	27	28	30	31	32	33	34	35	36	37	38	39	40	
A	173	1101	1253	1653	8100	20277	20892	21053	21998	22165	31862	34983	48937	58690	58898	59152	88547	109251	158220	190977	257316	546030	873230	
A	174	2	14	15	16	25	26	27	28	30	31	34	35	36	37	38	39	40	
A	174	1146	8999	22175	22775	23930	24027	34284	37827	52987	63775	95548	117507	169132	203335	270299	559283	874123	
A	175	2	12	13	14	15	16	23	25	26	27	28	30	31	32	33	34	35	36	37	38	39	40	
A	175	1295	1501	1984	10933	22387	22918	23106	24525	24722	34652	38146	53768	64443	64678	64948	96813	118619	170548	204550	271733	562005	878799	
A	176	2	14	15	16	25	26	27	28	30	31	34	35	36	37	38	39	40	
A	176	1381	9347	22720	23208	24452	24580	34700	38425	53623	64476	95731	118748	170913	204999	271914	561770	873877	
A	177	2	14	15	16	25	26	27	28	30	31	34	35	36	37	38	39	40	
A	177	1430	13908	24022	24477	26703	26890	36440	40438	56458	67737	100703	124261	177110	211811	278730	568778	874291	
A	178	2	14	15	16	25	26	27	28	30	31	34	35	36	37	38	39	40	
A	178	1566	14456	23678	24050	26659	26911	36508	40619	56329	67546	99899	124667	177682	212612	279199	571629	876402	
A	179	2	12	13	14	15	16	23	25	26	27	28	30	31	32	33	34	35	36	37	38	39	40	
A	179	1692	1910	2476	15117	23127	23429	23672	26234	26616	35383	39155	54176	65098	65411	65752	96814	120698	173056	208103	274353	568360	874590	
A	180	2	14	15	16	25	26	27	28	30	31	34	35	36	37	38	39	40	
A	180	1724	11411	24003	24306	26075	26237	36582	40883	56400	67932	99977	126071	179702	215344	282023	576430	875746	
A	181	2	12	13	14	15	16	23	25	26	27	28	30	31	32	33	34	35	36	37	38	39	40	
A	181	1873	2077	2641	14625	24219	24431	24672	27133	27468	36563	40728	56458	67692	68007	68398	100014	124893	178762	214230	281629	575410	876938	
A	182	2	12	13	14	15	16	23	25	26	27	28	30	31	32	33	34	35	36	37	38	39	40	
A	182	1970	2197	2842	15335	25980	26213	26446	28918	29242	38806	43128	60574	72435	72762	73161	106386	131876	187741	224320	292928	584017	873853	
A	183	2	12	13	14	15	16	23	25	26	27	28	30	31	32	33	34	35	36	37	38	39	40	
A	183	2015	2319	3268	17086	24025	24224	24605	27601	28046	36190	40363	55908	66956	67515	68135	98919	123214	176514	211755	278748	573345	875215	
A	184	2	12	13	14	15	16	23	25	26	27	28	30	31	32	33	34	35	36	37	38	39	40	
A	184	2247	2570	3612	20663	25012	25181	25585	29493	30020	37303	41430	57244	68622	69177	69823	100759	125764	179348	214536	280607	574073	876175	
A	185	2	12	13	14	15	16	23	25	26	27	28	30	31	32	33	34	35	36	37	38	39	40	
A	185	2201	2406	2969	16794	24555	24669	24906	28040	28415	36496	40936	56415	67662	68009	68409	98683	124954	178131	213367	278860	572670	874277	
A	186	2	12	13	14	15	16	23	25	26	27	28	30	31	32	33	34	35	36	37	38	39	40	
A	186	2394	2638	3381	20819	27520	27663	27969	31879	32384	40696	45382	62534	74816	75201	75673	107880	135211	191311	227707	295746	587380	874584	
A	187	2	12	13	14	15	16	23	25	26	27	28	30	31	32	33	34	35	36	37	38	39	40	
A	187	2501	3304	5904	23844	27445	27542	28516	32880	33702	40862	45118	62891	75255	76557	78078	110504	136133	193167	230335	298452	592295	878006	
A	188	2	12	13	14	15	16	23	25	26	27	28	30	31	32	33	34	35	36	37	38	39	40	
A	188	2592	3926	8629	26664	28156	28246	29876	34668	35747	42063	45800	63963	76282	78547	80956	113245	135850	192582	229117	297036	590141	873606	
A	189	2	12	13	14	15	16	23	25	26	27	28	30	31	32	33	34	35	36	37	38	39	40	
A	189	2684	3881	8187	24687	29479	29538	31091	35247	36198	43428	47591	66747	79593	81509	83755	116686	140785	198751	235790	303954	595215	874169	
A	190	2	12	13	14	15	16	23	25	26	27	28	30	31	32	33	34	35	36	37	38	39	40	
A	190	2781	3596	6452	24082	30166	30228	31287	35640	36519	44652	49453	68017	81106	82496	84138	117311	145020	204114	242248	311234	604417	875779	
A	191	2	12	13	14	15	16	23	25	26	27	28	30	31	32	33	34	35	36	37	38	39	40	
A	191	2935	3208	4022	21652	31122	31186	31524	35702	36303	45566	51213	69912	83462	83941	84529	118352	149650	209648	248870	317979	611003	875065	
A	192	2	12	13	14	15	16	23	25	26	27	28	30	31	32	33	34	35	36	37	38	39	40	
A	192	3040	3961	6940	25958	32056	32106	33213	38182	39081	47194	52410	72591	86468	87995	89774	124225	153002	213788	252708	321950	613816	874522	
A	193	2	12	13	14	15	16	23	25	26	27	28	30	31	32	33	34	35	36	37	38	39	40	
A	193	3172	4539	8976	29045	31526	31568	33177	38818	40013	46527	51150	70930	84589	86958	89518	122268	148673	209430	247663	315856	609050	876222	
A	194	2	12	13	14	15	16	23	25	26	27	28	30	31	32	33	34	35	36	37	38	39	40	
A	194	3243	4175	7284	29933	32447	32480	33630	39606	40635	47186	52368	72065	85905	87468	89317	122500	151519	211742	250393	319525	611086	873322	
A	195	2	12	13	14	15	16	23	25	26	27	28	30	31	32	33	34	35	36	37	38	39	40	
A	195	3341	4285	7769	29409	33146	33171	34304	40245	41333	48164	53493	73781	87756	89433	91199	124628	153812	215005	254198	323744	616253	875473	
A	196	2	12	13	14	15	16	23	25	26	27	28	30	31	32	33	34	35	36	37	38	39	40	
A	196	3583	4899	9723	27189	31876	31902	33703	38772	39983	46883	51616	71471	85069	87570	90392	122690	149791	209777	248292	316860	611244	876646	
A	197	2	12	13	14	15	16	23	25	26	27	28	30	31	32	33	34	35	36	37	38	39	40	
A	197	3658	5228	11106	27868	31345	31361	33420	38867	40314	46633	51076	70159	83565	86632	90035	121255	147311	206417	244641	312042	606683	873633	
A	198	2	12	13	14	15	16	23	25	26	27	28	30	31	32	33	34	35	36	37	38	39	40	
A	198	3704	5133	10489	28900	31174	31190	33277	39176	40696	46451	51045	70103	83502	86495	89928	120585	147437	206449	244625	311936	607732	875561	
A	199	2	12	13	14	15	16	23	25	26	27	28	30	31	32	33	34	35	36	37	38	39	40	
A	199	3845	6026	14486	30046	30162	30179	33337	38957	40916	45550	49071	67980	80849	85632	90930	120647	142015	199806	237030	304499	601701	875785	
A	200	2	12	13	14	15	16	23	25	26	27	28	30	31	32	33	34	35	36	37	38	39	40	
A	200	3970	6258	15199	30579	30705	30711	34140	40245	42307	46828	50373	69286	82317	87252	92918	122590	144297	202667	240445	307826	603290	874143	
A	201	2	12	13	14	15	16	23	25	26	27	28	30	31	32	33	34	35	36	37	38	39	40	
A	201	3991	5849	13035	31735	32985	32991	35721	42457	44368	49545	54101	73715	87667	91675	96366	127020	154021	214430	253566	321808	617749	874449	
A	202	2	12	13	14	15	16	23	25	26	27	28	30	31	32	33	34	35	36	37	38	39	40	
A	202	4181	6948	17603	30433	31455	31458	35600	41282	43796	48556	51805	71612	85249	91484	98896	128313	149014	208000	246234	313510	612001	876414	
A	203	2	12	13	14	15	16	23	25	26	27	28	30	31	32	33	34	35	36	37	38	39	40	
A	203	4306	6532	15034	33037	34207	34211	37610	44293	46537	51542	55718	76079	90235	95309	101328	131914	156747	217687	257461	325292	620477	873199	
A	204	2	12	13	14	15	16	23	25	26	27	28	30	31	32	33	34	35	36	37	38	39	40	
A	204	4371	7445	19146	34936	34999	35004	39432	45894	48362	52803	56306	77734	92023	98583	106154	136446	157709	218716	257634	325171	619909	874054	
A	205	2	12	13	14	15	16	23	25	26	27	28	30	31	32	33	34	35	36	37	38	39	40	
A	205	4420	7918	21064	37017	37087	37093	42109	48975	51824	56371	59839	82591	97863	105489	114124	145672	166387	230346	270747	338596	632539	875946	
A	206	2	12	13	14	15	16	23	25	26	27	28	30	31	32	33	34	35	36	37	38	39	40	
A	206	4502	7588	20114	37884	37928	37931	42474	49912	52685	57265	61196	83605	99063	106214	114100	145682	168980	233360	274410	342547	635953	872512	
A	207	2	12	13	14	15	16	23	25	26	27	28	30	31	32	33	34	35	36	37	38	39	40	
A	207	4648	7232	17171	40444	40492	40493	44234	52860	55397	60030	65032	88621	105260	110913	117315	149745	177898	244475	286483	355574	647466	874678	
A	208	2	12	13	14	15	16	23	25	26	27	28	30	31	32	33	34	35	36	37	38	39	40	
A	208	4821	8965	25445	41332	41371	41375	47328	54327	57430	62107	65476	90661	107290	116460	126316	158802	178178	244949	286390	355640	646502	875070	
A	209	2	12	13	14	15	16	22	23	24	25	26	27	28	30	31	32	33	34	35	36	37	38	39	40	
A	209	4915	9496	29181	40121	40146	40147	40762	47108	47411	53152	56521	60991	63571	88807	105049	115698	127248	159691	174575	240850	281913	351048	642555	873718	
A	210	2	12	13	14	15	16	23	25	26	27	28	30	31	32	33	34	35	36	37	38	39	40	
A	210	5083	9364	27161	39281	39312	39313	45684	52207	55379	59629	62346	86555	102431	112765	123691	154931	170898	236450	277150	346252	639456	873035	
A	211	2	12	13	14	15	22	23	24	25	26	27	28	30	31	32	33	34	35	36	37	38	39	40	
A	211	5300	9819	28888	35716	35734	36355	43187	43475	48555	52039	55831	57710	80674	95531	107075	120100	149239	160761	224034	264018	331931	632905	877580	
A	212	2	12	13	14	15	22	23	24	25	26	27	28	30	31	32	33	34	35	36	37	38	39	40	
A	212	5433	9902	30192	35604	35620	36189	42956	43241	48228	51480	55276	57127	79999	94845	106204	119009	148045	159412	221883	261321	329138	628049	874655	
A	213	2	12	13	14	15	22	23	24	25	26	27	28	30	31	32	33	34	35	36	37	38	39	40	
A	213	5688	9999	30844	35399	35409	35944	42561	42861	47923	51504	55148	57031	79405	93831	105404	118895	147409	158909	220714	260189	328594	629317	876716	
A	214	2	12	13	14	15	23	25	26	27	28	30	31	32	33	34	35	36	37	38	39	40	
A	214	5809	10020	27926	38728	38743	45548	52138	55763	59674	62396	86439	102069	112927	125515	155141	171009	235323	276252	345198	641277	876562	
A	215	2	12	13	14	15	22	23	24	25	26	27	28	30	31	32	33	34	35	36	37	38	39	40	
A	215	5804	10589	32758	38052	38069	38680	45896	46232	51776	55566	59307	61310	85314	100728	113250	127758	156771	168260	232117	272892	341560	638828	874221	
A	216	2	12	13	14	15	22	23	24	25	26	27	28	30	31	32	33	34	35	36	37	38	39	40	
A	216	6059	10769	33057	37493	37501	38109	45223	45555	51142	54983	58691	60637	84833	100091	112793	127413	156430	167963	231929	272579	339860	638124	875939	
A	217	2	12	13	14	15	16	22	23	24	25	26	27	28	30	31	32	33	34	35	36	37	38	39	40	
A	217	6139	10889	35453	38475	38480	38481	39141	46311	46672	52165	56043	59628	61537	85202	100541	113305	128200	156649	167977	231574	272162	340200	640030	876828	
A	218	2	12	13	14	15	22	23	24	25	26	27	28	30	31	32	33	34	35	36	37	38	39	40	
A	218	6203	10876	34692	38536	38543	39178	46402	46742	52229	56152	59689	61637	85518	100998	113888	128824	157116	168177	231889	272504	340116	637999	873068	
A	219	2	12	13	14	15	22	23	24	25	26	27	28	30	31	32	33	34	35	36	37	38	39	40	
A	219	6349	11380	35858	40946	40949	42031	49437	50042	55775	59834	63552	65580	90572	106657	120381	136089	165577	176899	243125	284594	352628	648457	874332	
A	220	2	12	13	14	15	22	23	24	25	26	27	28	30	31	32	33	34	35	36	37	38	39	40	
A	220	6421	11567	37668	41379	41383	42541	49975	50570	56436	60572	64271	66248	91424	107690	121693	137442	166729	178059	243998	285414	353825	651112	876514	
A	221	2	12	13	14	15	22	23	24	25	26	27	28	30	31	32	33	34	35	36	37	38	39	40	
A	221	6518	11937	41793	44600	44602	47857	53595	55213	59543	63542	67502	69727	96710	113942	128141	143693	174489	185709	254159	296222	365289	657148	873352	
A	222	2	11	12	13	14	15	20	21	22	23	24	25	26	27	28	30	31	32	33	34	35	36	37	38	39	40	
A	222	6656	7069	13519	42984	45230	45232	45376	45830	49274	55007	56774	60654	64448	68398	70624	98286	115584	130204	146010	177507	188911	257444	300054	368950	660773	874463	
A	223	2	12	13	14	15	22	23	24	25	26	27	28	30	31	32	33	34	35	36	37	38	39	40	
A	223	6785	12774	42721	47948	47949	49653	57537	58463	64308	68716	72750	75066	103315	121479	136881	153931	185532	197080	267590	310869	380140	671291	876953	
A	224	2	11	12	13	14	20	21	22	23	24	25	26	27	28	30	31	32	33	34	35	36	37	38	39	40	
A	224	7032	7378	13837	41928	45531	45689	46122	47124	55346	55862	61594	65591	69430	71541	98188	115540	130574	147702	177855	189019	257327	300155	369438	664868	873255	
A	225	2	12	13	14	15	22	23	24	25	26	27	28	30	31	32	33	34	35	36	37	38	39	40	
A	225	7239	13570	44359	49893	49895	51294	59709	60421	66474	71067	75251	77555	106546	124968	140661	157398	189084	200281	271175	314750	383324	673131	874991	
A	226	2	11	12	13	14	15	20	21	22	23	24	25	26	27	28	30	31	32	33	34	35	36	37	38	39	40	
A	226	7463	7901	15104	46602	49664	49668	49873	50341	52100	60289	61175	66886	71050	75108	77496	106523	124804	140664	158151	190188	201438	272032	315421	385277	675851	877312	
A	227	2	12	13	14	22	23	24	25	26	27	28	30	31	32	33	34	35	36	37	38	39	40	
A	227	7483	14044	45079	50736	52615	60820	61878	68089	72884	76961	79247	108511	127420	143822	162112	193792	204997	275962	319773	388884	677592	874452	
A	228	2	11	12	13	14	15	20	21	22	23	24	25	26	27	28	30	31	32	33	34	35	36	37	38	39	40	
A	228	7756	8198	15977	50337	52043	52044	52255	52753	55118	63091	64327	70039	74502	78853	81333	111491	130143	146623	165216	197035	208452	279151	323521	393236	681409	875087	
A	229	2	11	12	13	14	15	20	21	22	23	24	25	26	27	28	30	31	32	33	34	35	36	37	38	39	40	
A	229	7781	8193	15357	48759	49697	49698	49889	50385	54093	60850	62806	67491	72001	75927	78185	106729	125425	141922	161002	191262	202196	272817	317332	386718	680387	876315	
A	230	2	11	12	13	14	20	21	22	23	24	25	26	27	28	30	31	32	33	34	35	36	37	38	39	40	
A	230	8000	8414	15534	50233	50357	50534	51022	57451	61773	65201	68024	72445	76570	78925	107392	126051	142692	161462	192122	203456	274044	318104	387735	679378	874176	
A	231	2	11	12	13	14	20	21	22	23	24	25	26	27	28	30	31	32	33	34	35	36	37	38	39	40	
A	231	8323	8723	16109	50595	51503	51706	52227	57882	62884	66027	69389	73803	77868	80191	109512	128353	145254	163823	194766	205750	276732	320706	389808	680587	874222	
A	232	2	11	12	13	14	15	20	21	22	23	24	25	26	27	28	30	31	32	33	34	35	36	37	38	39	40	
A	232	8332	8808	16558	52589	52674	52675	52879	53413	59452	64402	67868	71096	75741	80015	82376	111895	131056	148190	167416	199106	210157	282213	326775	395985	685901	876219	
A	233	2	11	12	13	14	15	20	21	22	23	24	25	26	27	28	30	31	32	33	34	35	36	37	38	39	40	
A	233	8643	9134	16920	53911	55019	55020	55260	55852	62555	67350	70937	74246	79287	83240	85608	116121	135868	153570	173954	205410	216427	288642	333557	402416	689602	873145	
A	234	2	11	12	13	14	15	20	21	22	23	24	25	26	27	28	30	31	32	33	34	35	36	37	38	39	40	
A	234	8656	9160	17876	57155	58262	58263	58513	59084	64339	71592	74455	79521	85078	89218	91696	123230	144017	162408	184591	216360	227281	300840	347142	416161	699556	875025	
A	235	2	11	12	13	14	20	21	22	23	24	25	26	27	28	30	31	32	33	34	35	36	37	38	39	40	
A	235	8972	9770	18929	55652	55710	56106	57032	62066	69630	72307	77240	82679	86659	89002	119113	139287	157921	180401	211002	221921	294979	341300	410512	698708	875403	
A	236	2	11	12	13	14	20	21	22	23	24	25	26	27	28	30	31	32	33	34	35	36	37	38	39	40	
A	236	9240	10388	20559	55262	55300	55864	57206	64180	69436	73224	76051	80762	84742	87071	117053	137087	155189	176681	207342	218332	290236	335886	404914	693321	873902	
A	237	2	11	12	13	14	20	21	22	23	24	25	26	27	28	29	30	31	32	33	34	35	36	37	38	39	40	
A	237	9469	11330	24170	55762	55806	56720	58904	65483	71070	74631	76798	80769	85058	87557	87818	117485	138148	155337	176535	207637	219029	291586	337447	406716	695712	876392	
A	238	2	11	12	13	14	20	21	22	23	24	25	26	27	28	29	30	31	32	33	34	35	36	37	38	39	40	
A	238	9621	11218	23580	57643	57682	58432	60339	68103	73431	77438	79545	84186	88555	90998	91273	121713	142889	160985	183225	214518	225773	298593	344987	413683	701103	877355	
A	239	2	11	12	13	14	20	21	22	23	24	25	26	27	28	29	30	31	32	33	34	35	36	37	38	39	40	
A	239	9784	12791	29588	57354	57381	58823	62407	69423	75573	79164	80257	83634	87846	90323	90614	120347	141330	158946	181132	212024	223206	296488	342673	411806	698868	874442	
A	240	2	11	12	13	14	20	21	22	23	24	25	26	27	28	29	30	31	32	33	34	35	36	37	38	39	40	
A	240	9892	12633	29696	60067	60096	61460	64755	72661	78423	82438	83536	87239	91595	94107	94371	125450	147555	165576	188229	219250	230240	304128	350564	419571	704025	874662	
A	241	2	11	12	13	14	20	21	22	23	24	25	26	27	28	29	30	31	32	33	34	35	36	37	38	39	40	
A	241	10077	14783	37785	58489	58507	60646	65957	71395	79127	81696	82124	84177	88737	91350	91775	122064	143943	160739	182371	214199	225561	299025	345043	414833	703009	877281	
A	242	2	11	12	13	14	20	21	22	23	24	25	26	27	28	29	30	31	32	33	34	35	36	37	38	39	40	
A	242	10393	13925	34174	61578	61590	63368	67679	74726	81362	84609	85303	88207	92902	95682	96289	127222	150631	167472	189266	222401	234111	307562	354030	422866	705594	874285	
A	243	2	11	12	13	14	20	21	22	23	24	25	26	27	28	29	30	31	32	33	34	35	36	37	38	39	40	
A	243	10517	16839	46756	62387	62401	65505	72884	76357	87128	88543	88931	89981	95164	98160	99397	129165	155309	170491	192758	225501	237508	311448	358452	427146	708477	874313	
A	244	2	11	12	13	14	20	21	22	23	24	25	26	27	28	29	30	31	32	33	34	35	36	37	38	39	40	
A	244	10666	16742	46417	61506	61522	64690	72032	75820	86886	88395	88818	90015	94956	97848	98886	128979	153950	169916	193191	225078	237048	311180	358243	427269	712532	876687	
A	245	2	11	12	13	14	20	21	22	23	24	25	26	27	28	29	30	31	32	33	34	35	36	37	38	39	40	
A	245	11092	15148	37653	61976	61987	64056	69061	76241	83773	87359	87653	90515	95249	97995	98657	129833	153991	171481	195024	227060	238503	312461	360101	429216	712386	874539	
A	246	2	11	12	13	14	20	21	22	23	24	25	26	27	28	29	30	31	32	33	34	35	36	37	38	39	40	
A	246	11315	16698	44430	62324	62331	65130	71750	75944	86095	87911	88737	90312	94828	97545	98032	129466	152669	170782	194048	226457	237805	311982	359425	428642	712201	875404	
A	247	2	11	12	13	14	20	21	22	23	24	25	26	27	28	29	30	31	32	33	34	35	36	37	38	39	40	
A	247	11554	16906	45370	63021	63029	65886	72315	77299	87378	89632	89886	91593	96885	99968	101411	130948	158670	173149	196533	229414	241815	315642	363072	432087	716299	877099	
A	248	2	11	12	13	14	20	21	22	23	24	25	26	27	28	29	30	31	32	33	34	35	36	37	38	39	40	
A	248	11977	17895	49327	63090	63098	66295	73741	77367	88773	90223	90630	91775	96580	99521	100309	130848	156095	172868	196522	228744	240765	315270	362665	432034	714428	874389	
A	249	2	11	12	13	14	20	21	22	23	24	25	26	27	28	29	30	31	32	33	34	35	36	37	38	39	40	
A	249	12362	19513	55155	63739	63740	67445	76151	77906	90695	91102	91416	91677	97179	100263	101865	130619	159372	172986	195988	228861	241283	315215	363034	432020	716634	876057	
A	250	2	11	12	13	14	20	21	22	23	24	25	26	27	28	29	30	31	32	33	34	35	36	37	38	39	40	
A	250	12588	19401	53573	65355	65362	68934	76966	80038	92358	93411	93749	94596	99583	102620	103709	134258	161012	177283	201200	233858	245738	320515	367892	436400	718485	876237	
A	251	2	11	12	13	14	20	21	22	23	24	25	26	27	28	29	30	31	32	33	34	35	36	37	38	39	40	
A	251	12860	19466	52795	62068	62071	65728	73747	76267	89611	90359	90684	91281	96153	98929	100200	128713	155668	170862	195933	227187	238966	312243	360288	429610	716655	876044	
A	252	2	11	12	13	14	20	21	22	23	24	25	26	27	28	29	30	31	32	33	34	35	36	37	38	39	40	
A	252	13258	19026	50815	65055	65061	68405	75518	79836	91389	93180	93486	94980	99555	102253	103144	133196	159280	176695	201877	233440	244863	320018	368300	436711	720331	875025	
A	253	2	11	12	13	14	20	21	22	23	24	25	26	27	28	29	30	31	32	33	34	35	36	37	38	39	40	
A	253	13652	19454	52265	69128	69133	72416	79615	84757	96177	98462	98765	100709	105313	107995	108659	140885	166963	185445	211063	243222	254533	330762	379611	447734	725570	875893	
A	254	2	11	12	13	14	20	21	22	23	24	25	26	27	28	29	30	31	32	33	34	35	36	37	38	39	40	
A	254	13835	20859	58041	67170	67173	71268	79978	82694	96657	97454	97670	98306	103869	107131	109118	137689	169091	181800	207712	240049	252459	325870	374106	442543	722940	874675	
A	255	2	11	12	13	20	21	22	23	24	25	26	27	28	29	30	31	32	33	34	35	36	37	38	39	40	
A	255	13980	21365	60117	69092	73089	81775	84461	98217	99026	99298	99950	104916	107838	108941	140076	167702	184173	209444	241636	253360	328733	377139	445398	724564	875153	
A	256	2	11	12	13	20	21	22	23	24	25	26	27	28	29	30	31	32	33	34	35	36	37	38	39	40	
A	256	14362	21322	60452	73863	77648	85842	89876	102628	104280	104391	105587	111925	115614	117960	147980	182603	193708	218786	252783	265549	340463	389139	456908	732076	877591	
A	257	2	11	12	13	14	20	21	22	23	24	25	26	27	28	29	30	31	32	33	34	35	36	37	38	39	40	
A	257	14646	21732	61555	75065	75067	79041	87292	91492	104768	106480	106644	108081	113813	117338	119065	150923	183335	197439	223682	257552	269802	345742	394939	463269	733444	873244	
A	258	2	11	12	13	14	20	21	22	23	24	25	26	27	28	29	30	31	32	33	34	35	36	37	38	39	40	
A	258	15532	24262	71376	76646	76647	81445	91577	93261	109322	109504	109751	109826	115492	118955	120513	153081	184489	199722	226052	260000	272093	347738	396760	464796	736155	876064	
A	259	2	11	12	13	20	21	22	23	24	25	26	27	28	29	30	31	32	33	34	35	36	37	38	39	40	
A	259	15646	23346	66192	76576	80770	89679	93223	107505	108724	108824	109752	116182	120097	122774	153469	190207	200416	226856	261888	274701	350265	399804	468111	739815	878230	
A	260	2	11	12	13	14	20	21	22	23	24	25	26	27	28	29	30	31	32	33	34	35	36	37	38	39	40	
A	260	15994	23936	68281	78894	78895	83058	91834	95293	108968	110134	110253	111152	117182	120854	122773	155936	189618	202509	228107	263131	275678	351487	400136	467902	737471	874626	
A	261	2	11	12	13	14	20	21	22	23	24	25	26	27	28	29	30	31	32	33	34	35	36	37	38	39	40	
A	261	16317	25011	74753	86823	86824	91239	100316	103806	118115	119364	119488	120441	126864	130622	132393	167970	202111	216248	242248	278117	290437	367678	416944	484708	746228	874262	
A	262	2	11	12	13	14	20	21	22	23	24	25	26	27	28	29	30	31	32	33	34	35	36	37	38	39	40	
A	262	17090	25790	74865	83607	83608	88452	98244	101248	117247	118145	118297	119123	125382	129038	130936	165092	199613	214374	242482	277406	289589	367070	417114	485205	750671	878418	
A	263	2	11	12	13	20	21	22	23	24	25	27	28	29	30	31	32	33	34	35	36	37	38	39	40	
A	263	17450	26811	77749	81245	86313	96628	98159	115150	115169	115253	122334	126378	129443	160344	200290	208511	235569	271214	284594	359658	409737	477914	746078	875567	
A	264	2	11	12	13	20	21	22	23	24	25	26	27	28	29	30	31	32	33	34	35	36	37	38	39	40	
A	264	18109	26808	77432	85787	90480	100285	103231	118743	119630	119770	120488	126262	129730	131160	166248	198471	215270	242280	277491	289382	366753	416564	484047	749372	876211	
A	265	2	11	12	13	20	21	22	23	24	25	26	27	28	29	30	31	32	33	34	35	36	37	38	39	40	
A	265	18396	27630	81050	89261	94247	104469	107531	123978	124830	124945	125658	131972	135787	137880	172467	209412	223153	251944	287676	300109	377999	428379	495498	754794	877008	
A	266	2	11	12	13	14	20	21	22	23	24	25	26	27	28	29	30	31	32	33	34	35	36	37	38	39	40	
A	266	18763	28433	84639	90085	90086	95614	106977	109452	128166	128661	128771	129169	135497	139340	141742	176178	214698	228464	258576	293908	306376	384190	435226	502152	758249	874617	
A	267	2	11	12	13	20	21	22	23	24	25	27	28	29	30	31	32	33	34	35	36	37	38	39	40	
A	267	19477	29601	87479	90217	96087	107513	109376	128995	129008	129068	136213	140324	143617	175959	218735	227828	258631	294176	307305	383758	435151	502444	760198	876177	
A	268	2	11	12	13	14	20	21	22	23	24	25	27	28	29	30	31	32	33	34	35	36	37	38	39	40	
A	268	19828	29208	83907	86319	86320	91918	102945	104723	123696	123708	123753	130669	134905	138550	168185	214142	221125	248867	283857	297259	373115	424101	491936	755940	875757	
A	269	2	11	12	13	14	20	21	22	23	24	25	27	28	29	30	31	32	33	34	35	36	37	38	39	40	
A	269	20357	30248	87491	89751	89752	95361	106715	108371	126840	126849	126885	134142	138466	142072	172926	217207	223972	252818	288021	301530	377597	428208	495161	754849	874233	
A	270	2	11	12	13	20	21	22	23	24	25	27	28	29	30	31	32	33	34	35	36	37	38	39	40	
A	270	20908	30913	90453	92612	98495	110347	112138	131890	131899	131955	138644	142617	145586	178640	222237	232739	260551	296265	309228	385737	436175	502972	757805	873710	
A	271	2	11	12	13	20	21	22	23	24	25	27	28	29	30	31	32	33	34	35	36	37	38	39	40	
A	271	21622	31398	88088	89900	95778	107850	109787	130515	130523	130550	137863	142174	146382	175900	222487	227929	259434	294446	308240	383381	434897	502745	760238	876980	
A	272	2	11	12	13	20	21	22	23	24	25	27	28	29	30	31	32	33	34	35	36	37	38	39	40	
A	272	22292	32160	90449	92226	98147	109834	111728	132225	132235	132282	139466	143547	147165	178142	222369	230201	261414	296147	309205	384982	436262	503528	759743	873648	
A	273	2	11	12	13	20	21	22	23	24	25	27	28	29	30	31	32	33	34	35	36	37	38	39	40	
A	273	22821	32682	89093	90611	96311	107891	109733	130317	130324	130346	137522	141780	145860	175106	221208	226498	258015	292913	306414	380520	431535	498994	758810	875258	
A	274	2	11	12	13	20	21	22	23	24	25	27	28	29	30	31	32	33	34	35	36	37	38	39	40	
A	274	23706	34706	96985	98550	104564	116685	118593	138888	138894	138924	146706	151244	155265	186746	235102	240687	271492	307764	321395	397541	449114	516302	767536	876514	
A	275	2	11	12	13	14	20	21	22	23	24	25	27	28	29	30	31	32	33	34	35	36	37	38	39	40	
A	275	24214	35390	101562	102991	102992	109184	121661	123510	144305	144307	144331	152093	156728	160859	193619	243256	248853	279708	316775	330334	407047	458651	525174	770783	872740	
A	276	2	11	12	13	20	21	22	23	24	25	27	28	29	30	31	32	33	34	35	36	37	38	39	40	
A	276	24788	36198	102668	103970	110404	123056	124972	146622	146624	146630	155114	160284	165178	196568	252020	254007	283895	321397	335440	411196	463319	530369	774325	874127	
A	277	2	11	12	13	20	21	22	23	24	25	27	28	29	30	31	32	33	34	35	36	37	38	39	40	
A	277	26017	37764	105048	106288	112946	125930	128175	150877	150884	150895	159042	163985	169099	200890	253733	256702	289970	326689	340330	415304	467233	534017	777265	876189	
A	278	2	11	12	13	20	21	22	23	24	25	27	28	29	30	31	32	33	34	35	36	37	38	39	40	
A	278	26847	39733	113298	114480	121616	135198	137403	160700	160702	160726	168515	173252	177350	212753	264614	272906	304273	340655	353027	429730	481544	546638	780265	873112	
A	279	2	11	12	13	20	21	22	23	24	25	27	28	29	30	31	32	33	34	35	36	37	38	39	40	
A	279	27290	40688	116870	117942	125424	139496	141894	165710	165714	165732	173684	178571	182898	218207	272128	279096	311543	348300	360789	437325	488998	553328	782532	871262	
A	280	2	11	12	13	14	20	21	22	23	24	25	27	28	29	30	31	32	33	34	35	36	37	38	39	40	
A	280	28449	42351	119876	120851	120852	128461	142713	145159	168921	168927	168946	177202	182298	187126	222143	275901	281554	316124	352992	365521	442985	494926	559710	787984	874421	
A	281	2	11	12	13	20	21	22	23	24	25	27	28	29	30	31	32	33	34	35	36	37	38	39	40	
A	281	29527	43067	119745	120608	128343	142472	144865	168483	168486	168499	176310	181174	185886	219697	275972	281609	314152	350158	362642	438517	490535	554773	783837	870566	
A	282	2	11	12	13	20	21	22	23	24	25	27	28	29	30	31	32	33	34	35	36	37	38	39	40	
A	282	30724	43820	118199	118980	126211	140408	142776	166286	166289	166298	174203	178922	183620	216881	272392	278113	309977	346074	358737	435099	487041	551262	783155	872273	
A	283	2	11	12	13	20	21	22	23	24	25	27	28	29	30	31	32	33	34	35	36	37	38	39	40	
A	283	32091	45401	121569	122295	129756	144034	146342	169372	169374	169390	177077	181767	185891	220461	271849	280031	313631	349582	362005	438933	490776	554442	784822	872965	
A	284	2	11	12	13	20	21	22	23	24	25	27	28	29	30	31	32	33	34	35	36	37	38	39	40	
A	284	33500	46418	121884	122553	129806	144256	146556	170488	170489	170497	178366	183020	187404	221370	276413	283350	315731	351646	364052	440456	492288	556221	784839	873406	
A	285	2	11	12	13	20	21	22	23	25	27	28	29	30	31	32	33	34	35	36	37	38	39	40	
A	285	35434	48095	122206	122785	130128	144520	146859	170950	170953	179085	184002	188755	221434	279118	283450	315714	351750	364588	440282	492276	556342	784346	872352	
A	286	2	11	12	13	20	21	22	23	24	25	27	28	29	30	31	32	33	34	35	36	37	38	39	40	
A	286	37141	49977	124385	124913	132070	146132	148325	170658	170659	170666	178699	183568	187944	221425	275665	281292	315223	351389	364310	440838	493053	556595	785983	872663	
A	287	2	11	12	13	20	21	22	23	25	27	28	29	30	31	32	33	34	35	36	37	38	39	40	
A	287	39396	51407	123733	124193	131396	145487	147637	171185	171187	179497	184529	189761	220332	280594	282228	314813	350753	364305	439502	492089	556472	786873	872927	
A	288	2	11	12	13	20	21	22	23	27	28	29	30	31	32	33	34	35	36	37	38	39	40	
A	288	41463	53240	123601	123993	130745	144455	146554	169273	177815	182957	188232	218921	284145	284396	312965	349643	363168	438489	491147	555685	785990	872407	
A	289	2	10	11	12	13	18	19	20	21	22	23	25	26	27	28	29	30	31	32	33	34	35	36	37	38	39	40	
A	289	44408	45039	56441	131273	131610	131765	132083	139091	154260	156086	176728	177160	177260	185624	190717	195679	228513	291826	293334	322767	360293	373745	450475	502325	565796	790838	874671	
A	290	2	11	12	13	20	21	22	23	27	28	29	30	31	32	33	34	35	36	37	38	39	40	
A	290	47348	59289	133222	133549	140413	154888	156894	179985	188781	193974	199276	231146	306384	306640	326516	363389	376713	452247	504330	567635	790132	870921	
A	291	2	11	12	13	20	21	22	23	27	28	29	30	31	32	33	34	35	36	37	38	39	40	
A	291	51115	62748	134035	134334	141174	155152	157168	180645	189300	194439	199714	231109	296514	296717	328083	364348	377733	452847	505362	568982	792219	872029	
A	292	2	10	11	12	13	18	19	20	21	22	23	24	25	26	27	28	29	30	31	32	33	34	35	36	37	38	39	40	
A	292	55735	56336	67335	139089	139323	139485	139801	146382	161699	163533	184350	184351	184758	184878	193209	198235	203462	235232	302659	302840	332016	368594	382067	456624	508818	572462	794346	873302	
A	293	2	10	11	12	13	18	19	20	21	22	23	25	26	27	28	29	30	31	32	33	34	35	36	37	38	39	40	
A	293	60436	60980	71350	142644	142904	143058	143340	149943	165234	167018	188319	188710	188824	197133	202233	207554	239603	309265	309446	337391	373815	386958	462066	514163	576680	794478	871503	
A	294	2	10	11	12	13	18	19	20	21	22	23	25	26	27	28	29	30	31	32	33	34	35	36	37	38	39	40	
A	294	66591	67117	77162	145339	145520	145655	145911	152395	167362	169174	189894	190275	190407	198360	203478	208749	240887	313233	313377	337790	374186	387477	462185	514533	577548	795813	872364	
A	295	2	10	11	12	13	18	19	20	21	22	23	25	26	27	28	29	30	31	32	33	34	35	36	37	38	39	40	
A	295	74905	75307	84551	147330	147506	147618	147851	154108	168375	169931	189955	190339	190447	198267	203104	208306	239345	317182	317350	336417	372864	386429	460989	513454	576978	798725	876883	
A	296	2	10	11	12	13	18	19	20	21	22	23	24	25	26	27	28	29	30	31	32	33	34	35	36	37	38	39	40	
A	296	86749	87197	95201	153157	153312	153415	153624	159488	173194	174801	194214	194215	194575	194662	202323	207150	212221	242977	315620	315732	341143	376817	389959	464013	516503	579844	797457	872934	
A	297	2	10	11	12	13	18	19	20	21	22	23	25	26	27	28	29	30	31	32	33	34	35	36	37	38	39	40	
A	297	102464	102738	108936	156929	157023	157112	157288	162371	174346	175623	192638	192942	193037	200313	204709	209320	239272	318467	318589	336572	371899	385229	459164	511792	576162	797676	874274	
A	298	2	10	11	12	13	18	19	20	21	22	23	25	26	27	28	29	30	31	32	33	34	35	36	37	38	39	40	
A	298	126635	126983	130524	165369	165450	165558	165843	169530	179376	180153	192065	192654	192819	198779	202636	206452	236443	321921	322040	330166	365651	379005	452552	505467	570479	797723	875928	
A	299	2	10	11	12	13	18	19	20	21	22	23	25	26	27	28	29	30	31	32	33	34	35	36	37	38	39	40	
A	299	175831	175875	176783	190408	190432	190466	190564	192997	198754	199241	206649	206825	206869	211598	214551	216965	247052	317955	318035	337260	372453	385633	458844	509576	573001	797166	874970	
T	0	15	27	30	31	32	33	34	35	
T	0	13882	27923	32198	76948	93886	134282	146417	910625	
T	1	15	27	30	31	32	33	34	35	
T	1	7910	20272	24871	60781	78772	112551	126673	927844	
T	2	15	27	30	31	32	33	34	35	
T	2	7331	16728	21640	56567	75256	107805	122325	935086	
T	3	15	27	30	31	32	33	34	35	
T	3	7544	16102	21093	57344	76649	110375	126245	922509	
T	4	15	27	30	31	32	33	34	35	
T	4	7358	16011	20440	57017	75055	109453	124405	909948	
T	5	14	15	16	27	28	30	31	34	35	36	37	38	39	40	
T	5	257	582	6160	25095	25285	28716	35375	62622	95614	130044	181405	264264	589510	870722	
T	6	14	15	16	27	28	30	31	34	35	36	37	38	39	40	
T	6	257	630	5713	14597	14787	18687	25068	45411	57454	89765	121190	178280	547794	894530	
T	7	14	15	16	27	28	30	31	34	35	36	37	38	39	40	
T	7	293	627	5538	11895	12149	16303	22051	39616	47791	77081	101031	147735	462193	899800	
T	8	14	15	16	27	28	30	31	34	35	36	37	38	39	40	
T	8	282	640	5131	10903	11130	15043	20241	36229	43439	69899	91099	135372	418212	912036	
T	9	14	15	16	27	28	30	31	34	35	36	37	38	39	40	
T	9	208	509	4932	10188	10415	14405	19325	34298	40636	65412	84843	127482	386018	891303	
T	10	14	15	16	27	28	30	31	34	35	36	37	38	39	40	
T	10	303	647	5534	10808	11048	15529	20761	36244	42143	67527	86858	130795	380148	890281	
T	11	14	15	16	27	28	30	31	34	35	36	37	38	39	40	
T	11	264	607	5224	10546	10814	14945	19995	35058	40996	66149	85609	129599	373873	886926	
T	12	14	15	16	27	28	30	31	34	35	36	37	38	39	40	
T	12	268	609	5300	10622	10823	15132	20211	35282	41538	66652	85741	129133	372273	888622	
T	13	14	15	16	27	28	30	31	34	35	36	37	38	39	40	
T	13	315	720	6178	11693	11936	16876	22452	38749	44868	71471	91023	136060	378628	891023	
T	14	14	15	16	27	28	30	31	34	35	36	37	38	39	40	
T	14	311	686	6016	11773	12032	16759	22365	38507	44732	70688	89955	134856	375997	888465	
T	15	14	15	16	27	28	30	31	34	35	36	37	38	39	40	
T	15	323	681	5955	11618	11899	16633	22186	38062	44195	70189	89272	133762	373351	888662	
T	16	14	15	16	27	28	30	31	34	35	36	37	38	39	40	
T	16	350	729	6175	12179	12430	16843	22240	38124	44730	70470	90162	135088	379426	892826	
T	17	14	15	16	27	28	30	31	34	35	36	37	38	39	40	
T	17	316	738	6272	12184	12496	17543	23191	39745	46206	72647	92789	138185	382777	889108	
T	18	14	15	16	27	28	30	31	34	35	36	37	38	39	40	
T	18	368	797	6518	12565	12852	18087	24106	41150	47850	75501	96417	143304	387200	888508	
T	19	14	15	16	27	28	30	31	34	35	36	37	38	39	40	
T	19	390	912	7064	13896	14221	19589	25629	43220	51063	79359	100992	148332	397055	888346	
T	20	14	15	16	27	28	30	31	34	35	36	37	38	39	40	
T	20	367	838	6817	13526	13823	18979	24922	42464	50049	77742	99197	145107	393818	885272	
T	21	14	15	16	27	28	30	31	34	35	36	37	38	39	40	
T	21	297	762	6211	12458	12752	17479	23061	39736	47061	74041	94955	140422	388694	886448	
T	22	14	15	16	27	28	30	31	34	35	36	37	38	39	40	
T	22	378	778	6562	12943	13236	18184	23901	41143	48457	75869	96621	141988	389287	886302	
T	23	14	15	16	27	28	30	31	34	35	36	37	38	39	40	
T	23	302	704	5775	11862	12118	16578	21995	38144	45648	71738	91959	136255	382719	885616	
T	24	14	15	16	27	28	30	31	34	35	36	37	38	39	40	
T	24	349	772	6264	12398	12673	17690	23490	40399	47471	74427	94838	139845	386669	885535	
T	25	14	15	16	27	28	30	31	34	35	36	37	38	39	40	
T	25	361	827	6816	12904	13204	18123	23626	40466	47463	74791	95027	139981	384989	885025	
T	26	14	15	16	27	28	30	31	34	35	36	37	38	39	40	
T	26	395	822	6926	12994	13281	18344	23821	40461	47248	74068	94130	138940	384386	880395	
T	27	14	15	16	27	28	30	31	34	35	36	37	38	39	40	
T	27	345	726	6102	12236	12491	17043	22366	38000	44651	69745	88826	131153	372892	880178	
T	28	14	15	16	27	28	30	31	34	35	36	37	38	39	40	
T	28	355	773	6152	12010	12258	16430	21624	36914	43455	68267	87166	128782	370343	883369	
T	29	14	15	16	27	28	30	31	34	35	36	37	38	39	40	
T	29	333	748	5982	11754	12009	16055	21017	35850	42562	66762	85403	126732	367324	881799	
T	30	14	15	16	27	28	30	31	34	35	36	37	38	39	40	
T	30	304	705	5605	11232	11468	15471	20432	35117	41568	65723	84500	125682	368816	879608	
T	31	14	15	16	27	28	30	31	34	35	36	37	38	39	40	
T	31	339	746	5799	11420	11675	15828	20737	35592	41966	66164	84908	126703	369366	880953	
T	32	14	15	16	27	28	30	31	34	35	36	37	38	39	40	
T	32	345	772	6102	11926	12178	16526	21624	37027	43675	68450	87488	130020	370792	877849	
T	33	14	15	16	27	28	30	31	34	35	36	37	38	39	40	
T	33	311	697	6038	11788	12060	16284	21364	36532	43020	67713	86596	128583	369148	876968	
T	34	14	15	16	27	28	30	31	34	35	36	37	38	39	40	
T	34	341	747	6135	12043	12317	16672	21879	37044	43661	68977	88268	131232	373226	878123	
T	35	14	15	16	27	28	30	31	34	35	36	37	38	39	40	
T	35	363	788	6577	12725	13008	17648	23043	39202	45667	71659	91402	135082	378226	876381	
T	36	14	15	16	27	28	30	31	34	35	36	37	38	39	40	
T	36	314	693	5618	11168	11394	15288	19929	34476	41001	64792	83206	123858	367516	874648	
T	37	14	15	16	27	28	30	31	34	35	36	37	38	39	40	
T	37	366	824	6057	12298	12551	16836	21710	37108	44252	68615	87972	130413	372912	878910	
T	38	14	15	16	27	28	30	31	34	35	36	37	38	39	40	
T	38	415	900	7159	14092	14403	19308	24798	41746	49438	76401	97274	142657	388801	874092	
T	39	14	15	16	27	28	30	31	34	35	36	37	38	39	40	
T	39	389	837	6710	13850	14122	18696	24026	40403	48217	73827	94153	137886	381773	873699	
T	40	14	15	16	27	28	30	31	34	35	36	37	38	39	40	
T	40	385	821	6657	13859	14137	18635	23959	40385	48475	74402	95435	139088	387239	876591	
T	41	14	15	16	27	28	30	31	34	35	36	37	38	39	40	
T	41	354	841	6473	13384	13633	17794	22965	38662	46548	71763	92202	135653	384929	874628	
T	42	14	15	16	27	28	30	31	34	35	36	37	38	39	40	
T	42	362	880	6713	13815	14121	18481	23801	39979	47949	73951	94341	137588	385525	874416	
T	43	14	15	16	27	28	30	31	34	35	36	37	38	39	40	
T	43	377	861	6519	13219	13477	17719	22911	38950	46334	71914	92090	134533	382245	876852	
T	44	14	15	16	27	28	30	31	34	35	36	37	38	39	40	
T	44	490	1000	7916	15387	15746	21226	27301	45611	53983	82392	104221	151477	399779	872402	
T	45	14	15	16	27	28	30	31	34	35	36	37	38	39	40	
T	45	385	839	6936	13686	14002	18626	24168	40781	48105	74069	93987	137473	383195	873289	
T	46	14	15	16	27	28	30	31	34	35	36	37	38	39	40	
T	46	326	748	6117	12496	12736	16611	21504	36647	43881	67904	87356	128192	373669	875442	
T	47	14	15	16	27	28	30	31	34	35	36	37	38	39	40	
T	47	396	831	6233	12701	12951	16952	21970	37180	44375	68639	87868	128297	374630	874022	
T	48	14	15	16	27	28	30	31	34	35	36	37	38	39	40	
T	48	426	937	6945	13968	14294	18838	24222	40919	48435	74096	94143	137467	382692	872285	
T	49	14	15	16	27	28	30	31	34	35	36	37	38	39	40	
T	49	369	801	6138	12977	13249	17186	22049	37461	45023	69060	88552	129949	376830	873880	
T	50	14	15	16	27	28	30	31	34	35	36	37	38	39	40	
T	50	335	719	5407	12032	12240	15432	19815	34043	41894	63991	82966	121558	366155	873195	
T	51	14	15	16	27	28	30	31	34	35	36	37	38	39	40	
T	51	306	663	5169	11522	11716	14868	19246	33226	40791	62962	81711	120423	370581	875076	
T	52	14	15	16	27	28	30	31	34	35	36	37	38	39	40	
T	52	302	694	5369	11694	11909	15182	19648	33554	40867	62956	81655	120552	370207	875965	
T	53	14	15	16	27	28	30	31	34	35	36	37	38	39	40	
T	53	357	787	5888	12291	12512	16129	20861	35319	42722	66265	85498	125609	375356	871999	
T	54	14	15	16	27	28	30	31	34	35	36	37	38	39	40	
T	54	329	704	5219	11274	11466	14713	19072	32975	40224	62232	80895	119574	374234	872699	
T	55	14	15	16	27	28	30	31	34	35	36	37	38	39	40	
T	55	306	629	5008	10972	11176	14196	18474	32259	39742	61203	80149	119137	379409	875679	
T	56	14	15	16	27	28	30	31	34	35	36	37	38	39	40	
T	56	318	635	4734	10764	10945	13634	17737	30653	38195	59166	77996	115785	377417	873429	
T	57	14	15	16	27	28	30	31	34	35	36	37	38	39	40	
T	57	320	718	5665	11809	12031	15731	20326	34682	41980	65183	84355	124302	379881	870950	
T	58	14	15	16	27	28	30	31	34	35	36	37	38	39	40	
T	58	355	776	6297	12362	12652	16955	22327	37989	45411	71190	91858	134239	398256	873842	
T	59	14	15	16	27	28	30	31	34	35	36	37	38	39	40	
T	59	415	844	6743	13351	13668	18113	23521	39380	46469	72172	92050	133735	387584	871305	
T	60	14	15	16	27	28	30	31	34	35	36	37	38	39	40	
T	60	387	853	6520	12994	13281	17717	22906	38790	46033	71233	90848	131992	387518	871302	
T	61	14	15	16	27	28	30	31	34	35	36	37	38	39	40	
T	61	402	926	6954	13586	13868	18432	23886	40239	47449	73351	93331	135291	390110	872938	
T	62	14	15	16	27	28	30	31	34	35	36	37	38	39	40	
T	62	523	1094	8366	15526	15863	21197	27130	44816	52087	80106	101024	144817	399616	874010	
T	63	14	15	16	27	28	30	31	34	35	36	37	38	39	40	
T	63	527	1129	8601	16194	16558	22211	28666	47135	54920	84073	106096	152032	409364	870550	
T	64	14	15	16	27	28	30	31	34	35	36	37	38	39	40	
T	64	591	1325	10149	18023	18462	25110	32218	52486	60206	92151	115046	163900	422765	873634	
T	65	14	15	16	27	28	30	31	34	35	36	37	38	39	40	
T	65	587	1347	10132	18172	18620	25233	32270	52854	60803	93090	116148	165624	423344	871855	
T	66	14	15	16	27	28	30	31	34	35	36	37	38	39	40	
T	66	602	1332	9932	18211	18615	24902	31666	51877	59948	92097	115235	163798	422247	872131	
T	67	14	15	16	27	28	30	31	34	35	36	37	38	39	40	
T	67	477	1049	7941	15629	15946	20940	26963	45127	53290	81586	103579	149037	412798	873796	
T	68	14	15	16	27	28	30	31	34	35	36	37	38	39	40	
T	68	487	1049	8089	15505	15846	20814	26834	44836	52888	81329	102945	147826	409134	871478	
T	69	14	15	16	27	28	30	31	34	35	36	37	38	39	40	
T	69	509	1147	8451	16174	16520	21922	28104	46845	55138	84603	106939	153394	414080	870434	
T	70	14	15	16	27	28	30	31	34	35	36	37	38	39	40	
T	70	551	1208	8841	16425	16816	22720	29041	47644	55481	85067	107099	152706	414004	873951	
T	71	14	15	16	27	28	30	31	34	35	36	37	38	39	40	
T	71	530	1148	8443	16253	16623	22127	28372	46880	55027	84254	106792	152752	414380	869786	
T	72	14	15	16	27	28	30	31	34	35	36	37	38	39	40	
T	72	519	1238	9262	17350	17698	23364	29906	49117	57569	88110	110925	158164	423477	871043	
T	73	14	15	16	27	28	30	31	34	35	36	37	38	39	40	
T	73	593	1211	9325	17245	17638	23232	29649	48572	56945	86964	109799	156180	421210	873079	
T	74	14	15	16	27	28	30	31	34	35	36	37	38	39	40	
T	74	531	1144	8633	16580	16979	22331	28607	47149	55474	84774	107157	152779	416935	872188	
T	75	14	15	16	27	28	30	31	34	35	36	37	38	39	40	
T	75	540	1234	9537	17446	17883	23860	30517	50042	58289	89265	112035	159422	424172	871087	
T	76	14	15	16	27	28	30	31	34	35	36	37	38	39	40	
T	76	588	1299	9703	18160	18559	24491	31405	51261	59983	90992	114283	162145	427247	873694	
T	77	14	15	16	27	28	30	31	34	35	36	37	38	39	40	
T	77	609	1341	9681	18248	18672	24582	31316	51357	59977	90762	114199	161780	427730	873045	
T	78	14	15	16	27	28	30	31	34	35	36	37	38	39	40	
T	78	614	1276	9842	18773	19210	24997	31764	51739	60842	91330	114902	162147	428545	870902	
T	79	14	15	16	27	28	30	31	34	35	36	37	38	39	40	
T	79	612	1365	10076	19332	19748	25698	32610	53343	63078	94657	119195	167257	436746	873939	
T	80	14	15	16	27	28	30	31	34	35	36	37	38	39	40	
T	80	593	1347	10230	19478	19918	26153	33161	53971	63585	95217	119405	168475	436633	870197	
T	81	14	15	16	27	28	30	31	34	35	36	37	38	39	40	
T	81	601	1317	9839	18865	19334	25412	32266	52893	62292	93617	117711	166388	435366	870445	
T	82	14	15	16	27	28	30	31	34	35	36	37	38	39	40	
T	82	568	1232	9186	18230	18637	24195	30615	50420	60037	91161	115136	162501	433605	872345	
T	83	14	15	16	27	28	30	31	34	35	36	37	38	39	40	
T	83	442	1039	7848	16456	16815	21309	27185	45459	55299	82838	106024	151100	422305	873192	
T	84	14	15	16	27	28	30	31	34	35	36	37	38	39	40	
T	84	507	1085	8093	16608	16954	21818	27954	46527	56000	84700	107791	153651	424447	869798	
T	85	14	15	16	27	28	30	31	34	35	36	37	38	39	40	
T	85	564	1196	8921	17530	17962	23535	29845	49499	59056	88998	112696	159881	431452	873311	
T	86	14	15	16	27	28	30	31	34	35	36	37	38	39	40	
T	86	574	1257	9050	17809	18207	23946	30612	49980	59502	90343	114599	162142	437688	871901	
T	87	14	15	16	27	28	30	31	34	35	36	37	38	39	40	
T	87	492	1045	8154	16241	16656	21753	27885	46379	55514	84923	108357	154926	431114	872517	
T	88	14	15	16	27	28	30	31	34	35	36	37	38	39	40	
T	88	501	1063	7620	15490	15811	20340	25896	43497	52687	80683	103576	148382	423811	873712	
T	89	14	15	16	27	28	30	31	34	35	36	37	38	39	40	
T	89	460	992	7436	15065	15414	19909	25477	42745	51724	78953	101416	145812	421824	872020	
T	90	14	15	16	27	28	30	31	34	35	36	37	38	39	40	
T	90	451	1030	7761	15851	16227	20700	26529	44108	53640	81064	104027	148749	425163	871117	
T	91	14	15	16	27	28	30	31	34	35	36	37	38	39	40	
T	91	558	1216	8744	17116	17528	22736	28930	47342	56822	86513	110331	156973	436941	874544	
T	92	14	15	16	27	28	30	31	34	35	36	37	38	39	40	
T	92	627	1269	9341	18027	18519	24207	30779	50362	59958	90254	114245	161310	438630	872913	
T	93	14	15	16	27	28	30	31	34	35	36	37	38	39	40	
T	93	655	1365	9761	18538	19027	24807	31505	51713	61247	92338	116699	164600	444760	870021	
T	94	14	15	16	27	28	30	31	34	35	36	37	38	39	40	
T	94	583	1329	10078	19305	19837	26208	33273	54037	63849	95960	120765	169417	447706	872909	
T	95	14	15	16	27	28	30	31	34	35	36	37	38	39	40	
T	95	694	1490	10944	20606	21189	27885	35189	56750	66949	99952	125179	174595	454258	872046	
T	96	14	15	16	27	28	30	31	34	35	36	37	38	39	40	
T	96	728	1573	11613	21530	22146	29236	36845	59459	69873	104176	130220	181368	458380	871045	
T	97	14	15	16	27	28	30	31	34	35	36	37	38	39	40	
T	97	729	1560	11517	21701	22320	29547	37348	60419	71364	106606	133506	185291	464384	874683	
T	98	14	15	16	27	28	30	31	34	35	36	37	38	39	40	
T	98	827	1754	12462	22857	23499	31193	39302	63224	74032	110316	137429	190263	469000	871830	
T	99	14	15	16	27	28	30	31	34	35	36	37	38	39	40	
T	99	898	1834	12867	23737	24459	32369	40707	64806	75944	112675	139845	192382	471226	871000	
T	100	14	15	16	27	28	30	31	34	35	36	37	38	39	40	
T	100	774	1666	11784	22770	23403	30264	38013	61360	72550	107942	134994	186379	467477	874541	
T	101	14	15	16	27	28	30	31	34	35	36	37	38	39	40	
T	101	667	1552	11119	57688	59057	62511	72733	128066	228264	276568	383667	514920	795099	870837	
T	102	14	15	16	27	28	30	31	34	35	36	37	38	39	40	
T	102	587	1218	9193	24122	24690	28764	37627	67858	91017	138094	189125	281902	738085	872248	
T	103	14	15	16	27	28	30	31	34	35	36	37	38	39	40	
T	103	534	1164	8274	18544	19034	23369	30277	52378	65871	102462	133578	186918	591600	874546	
T	104	14	15	16	27	28	30	31	34	35	36	37	38	39	40	
T	104	477	996	7430	15990	16395	20357	26127	44209	54667	84051	109162	154324	480882	873287	
T	105	14	15	16	27	28	30	31	34	35	36	37	38	39	40	
T	105	475	994	7585	15376	15842	19993	25695	43055	52636	81026	104035	148153	436041	870449	
T	106	14	15	16	27	28	30	31	34	35	36	37	38	39	40	
T	106	524	1092	7943	15527	16021	20740	26356	43640	52644	81068	103389	147844	422056	872164	
T	107	14	15	16	27	28	30	31	34	35	36	37	38	39	40	
T	107	561	1147	8338	16154	16716	21706	27520	45199	54095	83146	105330	150269	415801	871565	
T	108	14	15	16	27	28	30	31	34	35	36	37	38	39	40	
T	108	613	1293	8610	16842	17428	22475	28534	46973	56140	85371	107905	153998	418338	871769	
T	109	14	15	16	27	28	30	31	34	35	36	37	38	39	40	
T	109	604	1249	9040	17493	18081	23385	29583	48392	57474	87595	110350	157462	421576	874623	
T	110	14	15	16	27	28	30	31	34	35	36	37	38	39	40	
T	110	626	1331	9056	17674	18324	23945	30436	49773	59398	90240	113639	161338	424181	871525	
T	111	14	15	16	27	28	30	31	34	35	36	37	38	39	40	
T	111	629	1370	9447	17990	18637	24191	30663	49476	59008	89732	112449	159773	421310	872509	
T	112	14	15	16	27	28	30	31	34	35	36	37	38	39	40	
T	112	720	1548	10732	19630	20346	27075	34143	54714	64306	97321	121182	170832	434714	872886	
T	113	14	15	16	27	28	30	31	34	35	36	37	38	39	40	
T	113	660	1491	10396	19030	19728	26141	33032	52842	62257	94819	118245	167238	429274	870400	
T	114	14	15	16	27	28	30	31	34	35	36	37	38	39	40	
T	114	700	1458	10723	19918	20698	27211	34373	54868	64915	97834	122043	172136	434918	872089	
T	115	14	15	16	27	28	30	31	34	35	36	37	38	39	40	
T	115	769	1585	10769	19998	20772	27290	34478	55277	65364	98812	123244	173590	438889	873169	
T	116	14	15	16	27	28	30	31	34	35	36	37	38	39	40	
T	116	694	1498	11150	20479	21274	28014	35207	56146	66309	99285	123495	173666	436102	873592	
T	117	14	15	16	27	28	30	31	34	35	36	37	38	39	40	
T	117	721	1507	10584	19831	20645	27014	33957	54282	64750	97133	121214	170253	432532	870826	
T	118	14	15	16	27	28	30	31	34	35	36	37	38	39	40	
T	118	666	1478	10745	19976	20691	27216	34286	54734	65268	98168	122653	172815	439483	874722	
T	119	14	15	16	27	28	30	31	34	35	36	37	38	39	40	
T	119	701	1492	10905	19720	20577	27149	34366	54503	64250	97345	121405	171347	436689	871184	
T	120	14	15	16	27	28	30	31	34	35	36	37	38	39	40	
T	120	695	1513	10898	19854	20625	26958	34094	54269	64420	97041	121159	170863	436786	871601	
T	121	14	15	16	27	28	30	31	34	35	36	37	38	39	40	
T	121	695	1451	10315	19992	20793	26756	33557	53452	64278	96336	120941	170025	437650	875267	
T	122	14	15	16	27	28	30	31	34	35	36	37	38	39	40	
T	122	673	1407	10117	19807	20612	26048	32642	51898	63267	94509	119013	167331	434568	872668	
T	123	14	15	16	27	28	30	31	34	35	36	37	38	39	40	
T	123	686	1425	10006	19771	20631	26146	32645	52278	63790	95324	119971	169194	437830	872413	
T	124	14	15	16	27	28	30	31	34	35	36	37	38	39	40	
T	124	686	1445	10221	19432	20282	25999	32653	52054	63475	95327	119971	169018	440554	873774	
T	125	14	15	16	27	28	30	31	34	35	36	37	38	39	40	
T	125	723	1563	10881	20039	20942	27317	34281	54695	65893	99437	124612	174912	446871	871909	
T	126	14	15	16	27	28	30	31	34	35	36	37	38	39	40	
T	126	711	1556	10765	20129	21025	27377	34484	54929	66066	99407	124378	174013	446179	872609	
T	127	14	15	16	27	28	30	31	34	35	36	37	38	39	40	
T	127	804	1662	11188	20983	21964	28652	35922	56433	68290	102247	127695	177862	449905	873798	
T	128	14	15	16	27	28	30	31	34	35	36	37	38	39	40	
T	128	823	1803	11766	22521	23647	30226	37689	59619	72671	107482	134491	186007	460144	870867	
T	129	14	15	16	27	28	30	31	34	35	36	37	38	39	40	
T	129	843	1758	11750	22589	23700	30348	37873	60157	73726	109447	136751	188767	465996	870254	
T	130	14	15	16	27	28	30	31	34	35	36	37	38	39	40	
T	130	816	1949	11536	21822	23005	29993	37520	59173	71804	107322	133868	185780	465016	874609	
T	131	14	15	16	27	28	30	31	34	35	36	37	38	39	40	
T	131	825	1750	12036	22030	23106	30098	37835	59880	72307	108088	134502	186120	463265	871767	
T	132	14	15	16	27	28	30	31	34	35	36	37	38	39	40	
T	132	848	1792	12064	22464	23589	30644	38369	60039	72917	108962	135521	187423	464966	871368	
T	133	14	15	16	27	28	30	31	34	35	36	37	38	39	40	
T	133	845	2004	11579	21573	22706	29408	36852	57802	70600	105632	131916	182725	460426	873919	
T	134	14	15	16	27	28	30	31	34	35	36	37	38	39	40	
T	134	774	1914	11236	20867	21970	28350	35577	56044	68113	102388	128222	178306	456633	871653	
T	135	14	15	16	27	28	30	31	34	35	36	37	38	39	40	
T	135	787	1671	11465	21677	22808	28972	36095	56801	69565	103737	129819	180221	457487	872437	
T	136	14	15	16	27	28	30	31	34	35	36	37	38	39	40	
T	136	813	1978	11268	21272	22429	28513	35708	55978	68570	102268	128006	178025	454993	873691	
T	137	14	15	16	27	28	30	31	34	35	36	37	38	39	40	
T	137	762	2072	10735	20442	21548	27345	34216	53437	65849	98725	124059	172667	449346	871898	
T	138	14	15	16	27	28	30	31	34	35	36	37	38	39	40	
T	138	712	1844	11145	20977	22104	28048	35043	55000	67771	100905	126452	175392	452343	871498	
T	139	14	15	16	27	28	30	31	34	35	36	37	38	39	40	
T	139	758	2533	10884	20579	21702	28091	35099	55253	67570	101458	127173	177329	457366	873405	
T	140	14	15	16	27	28	30	31	34	35	36	37	38	39	40	
T	140	850	2524	11657	21294	22531	29236	36652	57038	69129	104025	129658	179764	457373	873399	
T	141	14	15	16	27	28	30	31	34	35	36	37	38	39	40	
T	141	758	3189	11248	20657	21887	28092	35188	54934	67359	100496	125806	174924	452197	872388	
T	142	14	15	16	27	28	30	31	34	35	36	37	38	39	40	
T	142	814	2844	11219	21309	22608	28635	35688	55376	68383	101351	127277	176216	453481	873389	
T	143	14	15	16	27	28	30	31	34	35	36	37	38	39	40	
T	143	741	2892	11595	21551	22875	29227	36700	56723	69841	103989	130183	180332	461150	872545	
T	144	14	15	16	27	28	30	31	34	35	36	37	38	39	40	
T	144	796	3946	12167	22300	23598	30177	37829	58738	71882	107226	133910	185520	468749	872189	
T	145	14	15	16	27	28	30	31	34	35	36	37	38	39	40	
T	145	909	5843	12843	22874	24347	31790	39469	60534	73434	110225	136816	188644	470192	874244	
T	146	14	15	16	27	28	30	31	34	35	36	37	38	39	40	
T	146	857	4990	12562	22573	23987	31091	38952	60160	73342	109572	136280	187673	470329	873503	
T	147	14	15	16	27	28	30	31	34	35	36	37	38	39	40	
T	147	768	5361	11887	21590	23008	29551	37152	57582	70672	106221	132665	183094	465914	872986	
T	148	14	15	16	27	28	30	31	34	35	36	37	38	39	40	
T	148	834	5725	12052	21781	23236	30025	37648	57861	70801	105895	132126	182441	465786	874479	
T	149	14	15	16	27	28	30	31	34	35	36	37	38	39	40	
T	149	935	7419	13310	23347	24914	32379	40639	62204	75572	112683	139686	191113	473792	872862	
T	150	14	15	16	27	28	30	31	34	35	36	37	38	39	40	
T	150	988	6585	14771	25650	27388	35951	44627	67467	81914	121000	149007	203298	485174	871897	
T	151	2	14	15	16	27	28	30	31	34	35	36	37	38	39	40	
T	151	15	1023	7537	14946	25650	27415	35789	44582	67313	81954	121547	149934	203942	489896	874729	
T	152	2	14	15	16	27	28	30	31	34	35	36	37	38	39	40	
T	152	41	1073	8194	14826	25879	27719	36050	45012	67857	82520	122225	151035	205394	493125	874447	
T	153	2	14	15	16	27	28	30	31	34	35	36	37	38	39	40	
T	153	60	1066	7150	14287	24971	26749	34641	43149	65467	80498	119208	147522	200716	489014	871408	
T	154	2	14	15	16	27	28	30	31	34	35	36	37	38	39	40	
T	154	79	1100	7409	14679	25321	27257	35470	44295	66979	82478	121799	150736	204898	496191	873702	
T	155	2	14	15	16	27	28	30	31	34	35	36	37	38	39	40	
T	155	103	1176	9403	15535	26487	28446	37171	46379	69510	84970	125377	154737	208892	498537	873408	
T	156	2	14	15	16	27	28	30	31	34	35	36	37	38	39	40	
T	156	132	1189	11509	15294	26271	28310	37009	46295	69804	85373	126196	155479	210186	500664	872714	
T	157	2	14	15	16	27	28	30	31	34	35	36	37	38	39	40	
T	157	144	1203	10038	15154	26398	28504	36868	46058	69350	85063	125961	155309	210059	502124	873089	
T	158	2	14	15	16	27	28	30	31	34	35	36	37	38	39	40	
T	158	189	1293	12746	15696	26955	29032	37582	47011	70055	85958	127029	156696	211593	505879	872759	
T	159	2	14	15	16	27	28	30	31	34	35	36	37	38	39	40	
T	159	205	1367	12326	16300	28029	30301	39271	48749	72670	89424	131612	161777	217918	512176	871621	
T	160	2	14	15	16	27	28	30	31	34	35	36	37	38	39	40	
T	160	253	1443	12139	17454	28956	31375	41178	51177	75973	92873	136753	167495	224461	517663	873600	
T	161	2	14	15	16	27	28	30	31	34	35	36	37	38	39	40	
T	161	259	1584	15063	18691	31220	33920	44208	54772	80905	98609	143812	175938	233774	528518	872929	
T	162	2	14	15	16	27	28	30	31	34	35	36	37	38	39	40	
T	162	324	1557	15225	17881	30192	32818	42596	52994	78186	96228	141285	173461	230857	527631	871892	
T	163	2	14	15	16	27	28	30	31	34	35	36	37	38	39	40	
T	163	368	1643	16132	18731	31795	34590	44720	55359	81672	100667	146946	179749	237732	534706	873235	
T	164	2	14	15	16	27	28	30	31	34	35	36	37	38	39	40	
T	164	379	1723	16738	19204	32799	35921	46303	57236	84259	104263	151526	184867	243909	540576	873090	
T	165	2	14	15	16	27	28	30	31	34	35	36	37	38	39	40	
T	165	451	1880	18144	19720	33362	36446	47062	58234	85027	105183	152732	186124	245374	541734	870674	
T	166	2	14	15	16	25	26	27	28	30	31	34	35	36	37	38	39	40	
T	166	481	2738	18018	19427	19706	19745	33025	36242	46578	57536	84085	104684	151997	186196	245504	544319	873240	
T	167	2	14	15	16	25	26	27	28	30	31	34	35	36	37	38	39	40	
T	167	581	2946	18517	19773	20094	20124	33588	37000	47347	58616	85099	106318	153910	188269	247913	547091	873844	
T	168	2	14	15	16	25	26	27	28	30	31	34	35	36	37	38	39	40	
T	168	626	3391	16913	17905	18398	18465	31044	34406	43630	54079	78711	99813	145222	178665	237159	539064	871558	
T	169	2	14	15	16	25	26	27	28	30	31	34	35	36	37	38	39	40	
T	169	721	2682	15454	16248	16572	16611	28499	31736	39852	49502	72331	93218	136008	168218	224573	529974	873776	
T	170	2	14	15	16	25	26	27	28	30	31	34	35	36	37	38	39	40	
T	170	792	3531	16179	16956	17435	17486	29184	32410	40769	50480	73459	93981	136766	168957	225444	528676	871210	
T	171	2	14	15	16	25	26	27	28	30	31	34	35	36	37	38	39	40	
T	171	846	3608	16549	17226	17736	17800	29691	33183	41904	52033	75588	97268	141253	174334	232082	534637	871277	
T	172	2	14	15	16	25	26	27	28	30	31	34	35	36	37	38	39	40	
T	172	931	4945	16429	17014	17932	18074	28617	32084	40696	50449	73044	94087	137418	170123	226888	530590	873918	
T	173	2	12	13	14	15	16	23	25	26	27	28	30	31	32	33	34	35	36	37	38	39	40	
T	173	993	1084	1489	6175	16702	17251	17489	18739	18982	29077	32306	41145	50925	51231	51603	74231	93889	136945	168835	225443	527915	871890	
T	174	2	14	15	16	25	26	27	28	30	31	34	35	36	37	38	39	40	
T	174	1121	6399	16917	17364	18755	18924	28820	32351	41117	51035	73717	94477	138273	170504	227483	530544	871474	
T	175	2	12	13	14	15	16	23	25	26	27	28	30	31	32	33	34	35	36	37	38	39	40	
T	175	1196	1287	1726	7879	16932	17365	17630	19430	19784	29595	33120	41924	51817	52109	52503	75204	95662	139224	171973	229232	535610	872504	
T	176	2	14	15	16	25	26	27	28	30	31	34	35	36	37	38	39	40	
T	176	1373	6708	17170	17556	19045	19255	29361	33090	41745	51627	73777	95657	138974	171755	228884	535022	871620	
T	177	2	14	15	16	25	26	27	28	30	31	34	35	36	37	38	39	40	
T	177	1465	9817	17584	17901	20530	20848	29737	33731	42259	52519	74897	97200	141039	174424	232021	538906	872781	
T	178	2	14	15	16	25	26	27	28	30	31	34	35	36	37	38	39	40	
T	178	1569	10591	17962	18243	21047	21378	29978	34026	43209	53589	76246	99304	143435	177146	234631	542400	873772	
T	179	2	12	13	14	15	16	23	25	26	27	28	30	31	32	33	34	35	36	37	38	39	40	
T	179	1693	1787	2280	11727	18859	19096	19341	22176	22638	30686	34577	44265	54562	54891	55340	78305	99574	144467	177746	235550	544007	870529	
T	180	2	14	15	16	25	26	27	28	30	31	34	35	36	37	38	39	40	
T	180	1814	8602	19500	19758	21687	21885	31560	35723	45815	56456	79543	102375	147980	181471	239592	545817	872458	
T	181	2	12	13	14	15	16	23	25	26	27	28	30	31	32	33	34	35	36	37	38	39	40	
T	181	1969	2065	2590	10937	18966	19148	19426	22114	22570	30983	34940	44388	54906	55271	55728	78462	100546	145882	179748	237908	549498	876204	
T	182	2	12	13	14	15	16	23	25	26	27	28	30	31	32	33	34	35	36	37	38	39	40	
T	182	1976	2074	2661	11175	19316	19508	19797	22584	23051	31536	35856	45515	56401	56790	57305	79967	102986	148324	182240	240589	550373	873027	
T	183	2	12	13	14	15	16	23	25	26	27	28	30	31	32	33	34	35	36	37	38	39	40	
T	183	2132	2271	3194	13326	19264	19420	19865	23534	24148	31618	35717	45469	56108	56765	57589	79963	102175	147910	181719	240120	548648	871356	
T	184	2	12	13	14	15	16	23	25	26	27	28	30	31	32	33	34	35	36	37	38	39	40	
T	184	2206	2397	3472	17090	21055	21192	21690	26317	27024	33333	37469	48577	59849	60499	61298	84634	106860	154497	188211	246739	553098	872994	
T	185	2	12	13	14	15	16	23	25	26	27	28	30	31	32	33	34	35	36	37	38	39	40	
T	185	2369	2484	3126	14097	21401	21517	21835	25544	26075	33813	38289	49152	60734	61167	61680	85101	108851	156856	191166	249688	554554	872947	
T	186	2	12	13	14	15	16	23	25	26	27	28	30	31	32	33	34	35	36	37	38	39	40	
T	186	2396	2543	3260	15763	21198	21293	21606	26101	26755	33675	38401	49155	60302	60764	61329	84293	108884	156394	191284	250220	556893	872887	
T	187	2	12	13	14	15	16	23	25	26	27	28	30	31	32	33	34	35	36	37	38	39	40	
T	187	2532	2862	5140	18638	21786	21865	22965	28338	29559	35327	39496	50497	62247	63785	65849	89261	112085	160483	195761	255602	563974	873182	
T	188	2	12	13	14	15	16	23	25	26	27	28	30	31	32	33	34	35	36	37	38	39	40	
T	188	2681	3210	6811	19697	20942	21012	22851	28352	29818	34510	37843	48506	59870	62303	65608	87745	107441	155771	190846	250620	561798	872533	
T	189	2	12	13	14	15	16	23	25	26	27	28	30	31	32	33	34	35	36	37	38	39	40	
T	189	2753	3237	6745	18672	22758	22826	24591	29641	31074	37171	41121	52306	64328	66629	69710	92760	114296	163268	198886	258754	566194	871692	
T	190	2	12	13	14	15	16	23	25	26	27	28	30	31	32	33	34	35	36	37	38	39	40	
T	190	2894	3260	5496	18182	23119	23161	24371	29522	30815	37358	42043	53402	65553	67132	69322	91981	116955	167053	203821	264652	575182	874688	
T	191	2	12	13	14	15	16	23	25	26	27	28	30	31	32	33	34	35	36	37	38	39	40	
T	191	3024	3154	3912	15794	22907	22952	23343	27969	28805	36529	42272	52985	65023	65548	66295	88317	116671	165942	202832	262707	572410	869931	
T	192	2	12	13	14	15	16	23	25	26	27	28	30	31	32	33	34	35	36	37	38	39	40	
T	192	3132	3467	5666	17803	22008	22039	23244	28814	30190	36499	41350	51702	63343	65006	67440	88674	114711	163195	200328	260530	573687	871887	
T	193	2	12	13	14	15	16	23	25	26	27	28	30	31	32	33	34	35	36	37	38	39	40	
T	193	3257	3788	7130	20952	22769	22800	24586	31036	32867	37324	41632	52868	64927	67465	70818	92589	116410	166575	203033	263021	575140	873506	
T	194	2	12	13	14	15	16	23	25	26	27	28	30	31	32	33	34	35	36	37	38	39	40	
T	194	3292	3696	6276	22323	24395	24417	25673	32579	34065	38622	43658	55655	68168	70058	72508	94915	121008	172216	209270	269875	579314	872415	
T	195	2	12	13	14	15	16	23	25	26	27	28	30	31	32	33	34	35	36	37	38	39	40	
T	195	3482	3875	6668	21768	24723	24740	26030	32956	34461	39458	44722	56602	69286	71186	73701	96054	123135	174021	211984	273741	583702	870823	
T	196	2	12	13	14	15	16	23	25	26	27	28	30	31	32	33	34	35	36	37	38	39	40	
T	196	3480	4055	8110	21598	25699	25712	27720	33974	35816	41342	46093	58712	71811	74706	78586	101228	126283	179507	217662	279628	590782	872333	
T	197	2	12	13	14	15	16	23	25	26	27	28	30	31	32	33	34	35	36	37	38	39	40	
T	197	3709	4383	9251	22650	25748	25756	28108	34816	36789	41507	46012	58495	71203	74558	79239	101491	125281	177640	215602	277324	588143	872178	
T	198	2	12	13	14	15	16	23	25	26	27	28	30	31	32	33	34	35	36	37	38	39	40	
T	198	3935	4594	9154	23548	25500	25507	27846	34727	36720	40624	44969	57586	70340	73626	78094	99811	123240	175140	212321	273921	583604	870814	
T	199	2	12	13	14	15	16	23	25	26	27	28	30	31	32	33	34	35	36	37	38	39	40	
T	199	3945	4969	13052	26928	27046	27049	30755	37849	40428	43280	46558	60404	73640	79085	86142	108548	126688	180117	217756	279167	588176	874193	
T	200	2	12	13	14	15	16	23	25	26	27	28	30	31	32	33	34	35	36	37	38	39	40	
T	200	4079	5214	13622	28456	28562	28568	32260	39478	42003	44796	48027	62817	76336	81770	88751	111405	129355	183116	220500	282191	586516	872439	
T	201	2	12	13	14	15	16	23	25	26	27	28	30	31	32	33	34	35	36	37	38	39	40	
T	201	4278	5140	12281	29473	30716	30722	33784	41557	43929	47214	51587	66725	80810	84996	90718	114052	137181	191891	230683	293885	598579	871341	
T	202	2	12	13	14	15	16	23	25	26	27	28	30	31	32	33	34	35	36	37	38	39	40	
T	202	4542	5808	15529	27100	28206	28207	32962	39671	42694	45827	48804	63285	76883	83791	92810	114725	131154	184676	222699	285447	596473	875455	
T	203	2	12	13	14	15	16	23	25	26	27	28	30	31	32	33	34	35	36	37	38	39	40	
T	203	4517	5550	13106	28327	29541	29545	33261	40873	43604	46631	50519	65011	78757	84405	91886	114113	134692	189127	227875	290257	598840	872051	
T	204	2	12	13	14	15	16	23	25	26	27	28	30	31	32	33	34	35	36	37	38	39	40	
T	204	4626	5905	15698	28860	28922	28927	33716	41232	44427	46717	49624	64081	77770	84976	94479	116432	133269	187321	225775	288409	597691	870426	
T	205	2	12	13	14	15	16	23	25	26	27	28	30	31	32	33	34	35	36	37	38	39	40	
T	205	4788	6128	16680	29521	29563	29565	34843	42580	46184	48378	51172	66315	80195	87817	98323	119720	135789	190666	229493	292738	602706	875124	
T	206	2	12	13	14	15	16	23	25	26	27	28	30	31	32	33	34	35	36	37	38	39	40	
T	206	4922	6298	17005	31444	31493	31496	36267	44661	48100	50227	53723	69129	83710	91022	100534	122672	141721	198012	237649	302058	610752	873007	
T	207	2	12	13	14	15	16	23	25	26	27	28	30	31	32	33	34	35	36	37	38	39	40	
T	207	4994	6121	14397	32652	32698	32699	36712	46301	49506	51689	56340	72055	87286	93129	101075	123872	148096	205131	245926	310543	617752	871819	
T	208	2	12	13	14	15	16	23	25	26	27	28	30	31	32	33	34	35	36	37	38	39	40	
T	208	5219	6979	19930	32501	32533	32535	39217	47751	52242	54257	56923	72757	87857	97666	111490	133265	148526	205933	247473	312346	622193	875138	
T	209	2	12	13	14	15	22	23	24	25	26	27	28	30	31	32	33	34	35	36	37	38	39	40	
T	209	5228	7114	22726	31090	31111	31825	38787	39170	46549	51514	53302	54939	70763	85293	97104	113471	134501	144477	201305	241895	307055	618698	871972	
T	210	2	12	13	14	15	23	25	26	27	28	30	31	32	33	34	35	36	37	38	39	40	
T	210	5400	7241	22632	32571	32587	39843	47797	52412	54259	56264	73017	88136	99443	114956	136844	148379	206108	247457	313315	623562	871593	
T	211	2	12	13	14	15	16	22	23	24	25	26	27	28	30	31	32	33	34	35	36	37	38	39	40	
T	211	5419	7661	26369	33013	33037	33038	33700	41669	42062	48867	53873	55594	56659	73779	88926	101928	119639	141134	147531	206074	246916	311118	622727	873513	
T	212	2	12	13	14	15	22	23	24	25	26	27	28	30	31	32	33	34	35	36	37	38	39	40	
T	212	5666	7768	27669	32913	32925	33564	41469	41859	48516	53447	55055	56084	73009	88213	101304	118673	139903	146151	204273	244580	308812	617949	871291	
T	213	2	12	13	14	15	22	23	24	25	26	27	28	30	31	32	33	34	35	36	37	38	39	40	
T	213	5676	7992	30408	35334	35353	35998	43932	44296	51151	56021	57647	58844	77071	92478	106147	123509	145996	152289	211387	251782	316096	620961	870574	
T	214	2	12	13	14	15	16	23	25	26	27	28	30	31	32	33	34	35	36	37	38	39	40	
T	214	5813	8032	26508	37500	37507	37508	45653	54346	59211	60916	63004	81540	97802	110381	126868	149541	161222	222398	265072	331060	635847	874484	
T	215	2	12	13	14	15	16	22	23	24	25	26	27	28	30	31	32	33	34	35	36	37	38	39	40	
T	215	6039	8378	30275	35648	35661	35662	36388	44706	45129	52128	57277	58860	59978	77908	93672	107963	126894	148170	154225	213738	255043	320564	629242	871989	
T	216	2	12	13	14	15	22	23	24	25	26	27	28	30	31	32	33	34	35	36	37	38	39	40	
T	216	6102	8460	31723	36477	36484	37203	45573	45970	52961	58021	59556	60682	79086	95238	109873	128412	150119	156178	216827	257956	323495	632803	871941	
T	217	2	12	13	14	15	22	23	24	25	26	27	28	30	31	32	33	34	35	36	37	38	39	40	
T	217	6318	8581	32436	35257	35267	35994	44344	44792	51558	56412	57793	58920	76578	92166	106406	125227	146313	152257	212025	253287	319187	632387	874929	
T	218	2	12	13	14	15	22	23	24	25	26	27	28	30	31	32	33	34	35	36	37	38	39	40	
T	218	6457	8665	31186	35122	35127	35828	43999	44432	50990	55749	57088	58218	75508	91025	105566	124197	145139	150784	209313	250750	316080	628917	871928	
T	219	2	12	13	14	15	22	23	24	25	26	27	28	30	31	32	33	34	35	36	37	38	39	40	
T	219	6567	8892	30803	35913	35918	37132	45073	45797	52288	57350	58624	59734	77214	93024	107591	126858	147436	153049	212595	254133	319258	631570	873366	
T	220	2	12	13	14	15	22	23	24	25	26	27	28	30	31	32	33	34	35	36	37	38	39	40	
T	220	6772	9105	32186	35705	35707	36871	44855	45556	52138	57241	58507	59614	76666	92303	107040	126733	146989	152732	212244	254106	319599	632515	872896	
T	221	2	12	13	14	15	22	23	24	25	26	27	28	30	31	32	33	34	35	36	37	38	39	40	
T	221	6891	9109	33326	35710	35711	39143	45428	47653	52953	58468	59698	60753	77990	93791	109461	130349	150618	156052	216807	259295	325495	639990	874069	
T	222	2	11	12	13	14	15	20	21	22	23	24	25	26	27	28	30	31	32	33	34	35	36	37	38	39	40	
T	222	7125	7313	10513	34134	35956	35958	36083	36592	40226	46475	48898	53687	58883	60090	61160	78615	94789	110405	131737	151702	157128	217735	261058	326961	640368	873329	
T	223	2	12	13	14	15	22	23	24	25	26	27	28	30	31	32	33	34	35	36	37	38	39	40	
T	223	7219	9683	33879	38078	38081	40001	48373	49586	56793	62966	64169	65316	83300	100162	116881	139814	160336	165841	227410	271422	338445	648843	874235	
T	224	2	11	12	13	14	15	20	21	22	23	24	25	26	27	28	30	31	32	33	34	35	36	37	38	39	40	
T	224	7420	7634	11262	34120	37338	37341	37508	38092	39196	48368	49013	56269	61955	63120	64208	81972	98389	114881	137695	157713	163031	224379	268350	336101	649732	873606	
T	225	2	12	13	14	15	22	23	24	25	26	27	28	30	31	32	33	34	35	36	37	38	39	40	
T	225	7424	10081	35595	40187	40189	41785	51173	52202	60309	66934	68156	69282	88116	105453	122933	146289	166783	172080	235355	280232	346869	654825	870667	
T	226	2	11	12	13	14	20	21	22	23	24	25	26	27	28	30	31	32	33	34	35	36	37	38	39	40	
T	226	7565	7797	11716	37611	40458	40647	41255	43146	52495	53679	61291	67733	68936	70108	88829	106527	124262	149175	169699	175022	238299	284083	352193	661749	873681	
T	227	2	12	13	14	22	23	24	25	26	27	28	30	31	32	33	34	35	36	37	38	39	40	
T	227	7800	10379	35831	40876	43012	52267	53662	61851	68905	70068	71172	90279	108295	126526	152054	172623	177909	241769	287116	355506	663883	872511	
T	228	2	11	12	13	14	20	21	22	23	24	25	26	27	28	30	31	32	33	34	35	36	37	38	39	40	
T	228	7973	8222	12351	40374	41811	42020	42708	45348	54367	56075	63312	70008	71212	72352	91210	109034	127450	153195	173608	178852	242689	289095	357409	665336	871031	
T	229	2	11	12	13	14	20	21	22	23	24	25	26	27	28	30	31	32	33	34	35	36	37	38	39	40	
T	229	8122	8343	12358	41106	41967	42168	42819	46822	54534	57212	63338	70022	71245	72435	91515	109602	127844	153365	173700	178977	242895	288838	357221	666902	874077	
T	230	2	11	12	13	14	20	21	22	23	24	25	26	27	28	30	31	32	33	34	35	36	37	38	39	40	
T	230	8383	8608	12526	41238	41323	41520	42168	49048	54023	58546	62248	68643	69689	70861	89861	107711	126018	151793	171863	176925	240300	286257	355273	666291	872481	
T	231	2	11	12	13	14	20	21	22	23	24	25	26	27	28	30	31	32	33	34	35	36	37	38	39	40	
T	231	8464	8683	12842	41998	42724	42941	43547	49895	55741	59877	64133	70798	71954	73054	92472	110533	129196	154996	175145	180300	244802	291073	359674	667483	872036	
T	232	2	11	12	13	14	20	21	22	23	24	25	26	27	28	30	31	32	33	34	35	36	37	38	39	40	
T	232	8727	8990	13435	45313	45380	45608	46298	53235	58966	63652	67878	74586	75775	76976	97555	116597	136050	162721	184103	189377	255478	302798	371309	676993	874062	
T	233	2	11	12	13	14	15	20	21	22	23	24	25	26	27	28	30	31	32	33	34	35	36	37	38	39	40	
T	233	8839	9088	13702	45876	46857	46858	47069	47750	55004	60742	65433	69317	75968	77288	78617	99121	118142	137299	163087	184201	189299	255118	302112	370741	675633	871965	
T	234	2	11	12	13	14	20	21	22	23	24	25	26	27	28	30	31	32	33	34	35	36	37	38	39	40	
T	234	9335	9619	14390	47356	48298	48522	49246	54516	62431	66070	72031	79260	80524	81789	102593	121619	141158	168681	189708	194860	259605	307421	376280	679336	871846	
T	235	2	11	12	13	14	15	20	21	22	23	24	25	26	27	28	30	31	32	33	34	35	36	37	38	39	40	
T	235	9247	9678	15565	48412	48454	48455	48837	50064	55390	64082	67556	73567	80588	81849	83125	104477	123633	143857	172362	193475	198394	263754	311745	380668	683143	873987	
T	236	2	11	12	13	14	20	21	22	23	24	25	26	27	28	30	31	32	33	34	35	36	37	38	39	40	
T	236	9211	9776	16705	48590	48625	49165	50899	58643	65381	70491	74201	81062	82330	83608	104911	124488	144939	173890	194927	199824	266084	314344	383221	684297	870862	
T	237	2	11	12	13	14	20	21	22	23	24	25	26	27	28	29	30	31	32	33	34	35	36	37	38	39	40	
T	237	9499	10348	20230	50348	50382	51207	53876	61276	68769	73559	76398	82111	83453	84889	85057	106595	127913	147555	175545	197185	202394	269829	317515	386367	686385	870795	
T	238	2	11	12	13	14	20	21	22	23	24	25	26	27	28	29	30	31	32	33	34	35	36	37	38	39	40	
T	238	9579	10359	19605	52369	52413	53142	55478	63966	70723	76151	78801	84940	86328	87842	88009	110447	131913	151649	179932	202217	207535	275537	323317	392270	689889	871566	
T	239	2	11	12	13	14	20	21	22	23	24	25	26	27	28	29	30	31	32	33	34	35	36	37	38	39	40	
T	239	9799	11247	24894	50898	50921	52253	56687	64450	72430	77238	78673	83193	84595	86003	86222	108082	129580	149537	178289	200360	205577	273281	321542	390672	690408	871884	
T	240	2	11	12	13	14	20	21	22	23	24	25	26	27	28	29	30	31	32	33	34	35	36	37	38	39	40	
T	240	10161	11445	24680	53146	53163	54400	58324	66821	74296	79748	81149	86086	87434	88929	89102	111844	133682	153419	182092	204454	209674	278084	326255	395158	692425	871960	
T	241	2	11	12	13	14	20	21	22	23	24	25	26	27	28	29	30	31	32	33	34	35	36	37	38	39	40	
T	241	10530	12518	30979	49084	49098	51160	57659	63492	74174	77728	78318	81080	82414	83814	84129	104862	126248	144894	173519	194632	199665	265858	314245	384075	687914	872815	
T	242	2	11	12	13	14	20	21	22	23	24	25	26	27	28	29	30	31	32	33	34	35	36	37	38	39	40	
T	242	10631	12185	28412	52222	52239	53849	59021	66722	76060	80808	81775	85997	87419	88847	89311	110706	133753	152661	182886	204667	209836	276812	325952	395101	694244	872927	
T	243	2	11	12	13	14	20	21	22	23	24	25	26	27	28	29	30	31	32	33	34	35	36	37	38	39	40	
T	243	10924	13587	38908	52747	52756	55490	64059	67599	82053	83878	84388	85801	87511	89137	89951	110674	136440	152384	182116	204131	209691	276356	325617	395434	694964	872296	
T	244	2	11	12	13	14	20	21	22	23	24	25	26	27	28	29	30	31	32	33	34	35	36	37	38	39	40	
T	244	11246	13783	39328	53377	53387	56171	64520	68272	82492	84443	84979	86517	88188	89760	90453	111580	136523	153431	183159	205398	210905	277725	326761	396420	695489	872770	
T	245	2	11	12	13	14	20	21	22	23	24	25	26	27	28	29	30	31	32	33	34	35	36	37	38	39	40	
T	245	11547	13261	31101	52583	52593	54391	59881	67210	76639	80995	81347	85100	86512	87985	88428	109547	132303	150550	180347	201865	206945	273565	322727	393276	695890	872276	
T	246	2	11	12	13	14	20	21	22	23	24	25	26	27	28	29	30	31	32	33	34	35	36	37	38	39	40	
T	246	11617	13893	37129	52450	52458	54888	62280	66512	79451	81687	82714	84881	86260	87616	87952	108973	131166	150436	180373	201727	206858	273560	322636	392819	694624	871473	
T	247	2	11	12	13	14	20	21	22	23	24	25	26	27	28	29	30	31	32	33	34	35	36	37	38	39	40	
T	247	12010	14289	37995	53322	53329	55816	63121	68100	80889	83655	83966	86139	87909	89570	90594	110581	137210	152106	181676	203567	209305	275744	325170	395991	699014	874186	
T	248	2	11	12	13	14	20	21	22	23	24	25	26	27	28	29	30	31	32	33	34	35	36	37	38	39	40	
T	248	12043	14590	39890	51526	51532	54208	62228	65700	80145	82039	82509	84071	85513	86951	87582	108068	131501	149033	179489	200860	206190	271708	320991	391261	695087	872662	
T	249	2	11	12	13	14	20	21	22	23	24	25	26	27	28	29	30	31	32	33	34	35	36	37	38	39	40	
T	249	12648	15796	47094	54608	54615	57909	67689	69345	86023	86531	86947	87292	89098	90834	91998	112336	139898	154218	183999	206102	212107	278679	328558	399622	700838	871389	
T	250	2	11	12	13	14	20	21	22	23	24	25	26	27	28	29	30	31	32	33	34	35	36	37	38	39	40	
T	250	12605	15540	46521	57603	57605	60694	70113	73182	89091	90501	90950	92067	93667	95332	96126	118050	144740	161770	192241	215076	220543	289575	339593	409917	706825	874096	
T	251	2	11	12	13	14	20	21	22	23	24	25	26	27	28	29	30	31	32	33	34	35	36	37	38	39	40	
T	251	13106	16114	47526	56499	56500	59825	69454	71843	88317	89249	89638	90342	92114	93890	94784	116547	143758	160103	190951	213621	219301	287645	337846	408586	706763	872469	
T	252	2	11	12	13	14	20	21	22	23	24	25	26	27	28	29	30	31	32	33	34	35	36	37	38	39	40	
T	252	13419	16094	43874	57091	57092	59769	67833	71985	85357	87598	87964	89719	91305	93013	93537	115511	140314	158083	187916	210567	216053	283907	333793	403991	703673	872003	
T	253	2	11	12	13	14	20	21	22	23	24	25	26	27	28	29	30	31	32	33	34	35	36	37	38	39	40	
T	253	13537	16252	45204	61284	61286	63919	72021	77290	90898	93680	94044	96228	97904	99551	99989	123787	148998	168415	199207	222384	227745	297189	348060	418087	712701	874231	
T	254	2	11	12	13	20	21	22	23	24	25	26	27	28	29	30	31	32	33	34	35	36	37	38	39	40	
T	254	14029	17265	50966	59366	62728	72732	75321	92560	93594	93858	94601	96625	98489	99859	120913	151530	165118	196316	219126	225288	292653	343269	414381	710010	872565	
T	255	2	11	12	13	14	20	21	22	23	24	25	26	27	28	29	30	31	32	33	34	35	36	37	38	39	40	
T	255	14539	17713	51472	59252	59254	62671	72509	74892	91887	92830	93168	93942	95583	97200	97978	119553	146238	163427	194935	217332	222917	291122	341787	412590	709958	873204	
T	256	2	11	12	13	14	20	21	22	23	24	25	26	27	28	29	30	31	32	33	34	35	36	37	38	39	40	
T	256	14775	17693	50509	62175	62177	65394	74975	78987	95513	97498	97638	99166	101325	103243	104936	125602	159240	170934	203608	226823	233132	301386	353037	424014	717425	874046	
T	257	2	11	12	13	14	20	21	22	23	24	25	26	27	28	29	30	31	32	33	34	35	36	37	38	39	40	
T	257	15083	18129	50740	61763	61764	65124	74530	78608	95609	97655	97883	99552	101491	103319	104605	125746	156594	171430	205163	227830	233637	302091	354054	426068	719185	872958	
T	258	2	11	12	13	20	21	22	23	24	25	26	27	28	29	30	31	32	33	34	35	36	37	38	39	40	
T	258	15319	18997	57846	62115	66085	77417	78786	99298	99497	99798	99954	101871	103623	104731	126266	156507	172406	206389	228919	234749	303649	356123	428108	721201	872367	
T	259	2	11	12	13	20	21	22	23	24	25	26	27	28	29	30	31	32	33	34	35	36	37	38	39	40	
T	259	15691	18782	52178	60404	63884	73624	76882	94886	96290	96404	97586	99853	101916	103801	123240	158380	169271	203401	226067	232365	300165	352220	424757	720708	872976	
T	260	2	11	12	13	20	21	22	23	24	25	26	27	28	29	30	31	32	33	34	35	36	37	38	39	40	
T	260	16248	19349	52189	60006	63413	73170	76379	93645	95034	95209	96397	98321	100055	101386	121011	152523	166324	200018	222094	227952	296815	348956	421406	719992	873641	
T	261	2	11	12	13	20	21	22	23	24	25	26	27	28	29	30	31	32	33	34	35	36	37	38	39	40	
T	261	16733	20033	55280	63806	67308	77584	80907	99580	101109	101263	102532	104505	106284	107535	128158	160207	175174	210385	232619	238402	307525	360574	433277	725759	872142	
T	262	2	11	12	13	20	21	22	23	24	25	26	27	28	29	30	31	32	33	34	35	36	37	38	39	40	
T	262	16903	20404	58056	64492	68443	79554	82390	103349	104463	104662	105672	107592	109422	110849	131506	164343	179944	216793	238795	244607	313734	367446	440199	730413	873876	
T	263	2	11	12	13	20	21	22	23	24	25	27	28	29	30	31	32	33	34	35	36	37	38	39	40	
T	263	17189	20764	60063	62478	66621	78420	79636	101192	101211	101330	103693	105747	108010	126561	165003	173783	210172	232524	239261	307599	361464	435149	728646	872531	
T	264	2	11	12	13	20	21	22	23	24	25	26	27	28	29	30	31	32	33	34	35	36	37	38	39	40	
T	264	17616	21260	62202	68589	72546	84224	87044	107583	108674	108871	109748	111561	113218	114201	137074	168563	186777	222339	245540	251249	322769	376293	447764	733063	872209	
T	265	2	11	12	13	20	21	22	23	24	25	26	27	28	29	30	31	32	33	34	35	36	37	38	39	40	
T	265	18292	22083	62913	69286	73351	84874	87791	108648	109767	109891	110712	112922	114870	116376	137919	173128	187644	224301	247653	253730	324132	378152	450555	737728	875456	
T	266	2	11	12	13	20	21	22	23	24	25	26	27	28	29	30	31	32	33	34	35	36	37	38	39	40	
T	266	18990	23018	65844	70015	74380	86593	88704	111905	112446	112582	113039	115113	117102	118654	140358	175892	190134	228294	251590	257457	327674	382464	455600	739548	873082	
T	267	2	11	12	13	20	21	22	23	24	25	27	28	29	30	31	32	33	34	35	36	37	38	39	40	
T	267	19449	23475	69273	71266	75881	88641	89918	113974	113985	114076	116564	118772	121064	141658	182776	192171	230073	253583	260117	329518	384194	456968	740975	871845	
T	268	2	11	12	13	20	21	22	23	24	25	27	28	29	30	31	32	33	34	35	36	37	38	39	40	
T	268	19925	23947	67378	69172	73612	86137	87434	109910	109922	109978	112523	114754	117265	137383	182348	189441	224160	247661	254558	323249	377693	450266	738610	872985	
T	269	2	11	12	13	20	21	22	23	24	25	27	28	29	30	31	32	33	34	35	36	37	38	39	40	
T	269	20777	24964	71773	73504	77896	90065	91347	113238	113248	113297	115962	118288	120731	141613	184339	191228	227087	251575	258294	327884	381793	454403	739049	873165	
T	270	2	11	12	13	20	21	22	23	24	25	27	28	29	30	31	32	33	34	35	36	37	38	39	40	
T	270	21450	25800	74485	76141	80833	94080	95469	118785	118799	118887	121233	123435	125452	147664	190046	200834	235752	259430	265664	335756	389984	461767	742388	872374	
T	271	2	11	12	13	20	21	22	23	24	25	27	28	29	30	31	32	33	34	35	36	37	38	39	40	
T	271	22113	26493	75503	76995	81644	94809	96170	119911	119927	119961	122774	125280	128000	149612	194942	200414	237555	262334	269209	339044	393511	466165	745545	873806	
T	272	2	11	12	13	20	21	22	23	24	25	27	28	29	30	31	32	33	34	35	36	37	38	39	40	
T	272	22557	27155	78482	79885	84642	98172	99525	123684	123690	123735	126394	128817	131101	153473	196885	205146	242923	267713	274481	345079	399785	471381	747274	872190	
T	273	2	11	12	13	20	21	22	23	24	25	27	28	29	30	31	32	33	34	35	36	37	38	39	40	
T	273	22986	27485	78518	79832	84922	98837	100344	125520	125525	125560	128473	130984	133833	155212	202431	208068	246456	271103	277833	348071	402809	474413	748842	872098	
T	274	2	11	12	13	20	21	22	23	24	25	27	28	29	30	31	32	33	34	35	36	37	38	39	40	
T	274	23688	28648	83808	84975	90359	105087	106674	132690	132696	132719	135648	138328	141300	163851	213183	219193	258642	284033	290890	363124	418332	489690	757027	873423	
T	275	2	11	12	13	20	21	22	23	24	25	27	28	29	30	31	32	33	34	35	36	37	38	39	40	
T	275	24796	29683	85126	86268	91480	106602	108156	135079	135088	135120	138115	140656	143507	165790	216035	221933	262228	287474	294359	366254	422426	494289	760549	874424	
T	276	2	11	12	13	14	20	21	22	23	24	25	27	28	29	30	31	32	33	34	35	36	37	38	39	40	
T	276	25597	30587	85515	86535	86536	91923	106955	108493	135953	135958	135964	139117	141786	145262	166076	223045	225097	263337	288538	295801	366205	422609	494048	759811	870258	
T	277	2	11	12	13	20	21	22	23	24	25	27	28	29	30	31	32	33	34	35	36	37	38	39	40	
T	277	26162	31225	86355	87215	92766	107817	109469	136952	136959	136971	140163	142851	146210	167942	220569	223814	265174	290141	297254	368428	424071	495680	761847	873501	
T	278	2	11	12	13	20	21	22	23	24	25	27	28	29	30	31	32	33	34	35	36	37	38	39	40	
T	278	26885	32601	93830	94655	100426	116245	118063	146897	146900	146939	149778	152310	154964	179165	231181	239912	279305	304748	310972	382796	438582	508690	764359	870722	
T	279	2	11	12	13	20	21	22	23	24	25	27	28	29	30	31	32	33	34	35	36	37	38	39	40	
T	279	28360	34088	93383	94099	100009	115887	117784	147314	147316	147341	150185	152785	155663	178786	231501	238932	279576	304288	310599	381761	438491	509456	766418	871777	
T	280	2	11	12	13	20	21	22	23	24	25	27	28	29	30	31	32	33	34	35	36	37	38	39	40	
T	280	29231	34803	95029	95683	101590	117451	119219	148098	148101	148118	151115	153824	156948	180562	233841	239832	282585	308095	314634	387121	444213	515263	770925	873011	
T	281	2	11	12	13	14	20	21	22	23	24	25	27	28	29	30	31	32	33	34	35	36	37	38	39	40	
T	281	30333	36200	100044	100703	100704	106985	123477	125312	154477	154481	154495	157644	160385	163451	188199	244591	250732	290835	316763	323225	394629	451152	521527	772249	870939	
T	282	2	11	12	13	20	21	22	23	24	25	27	28	29	30	31	32	33	34	35	36	37	38	39	40	
T	282	32144	37301	93514	94018	99507	114570	116251	144309	144311	144323	147346	149955	152951	175794	229178	234991	275550	300795	307328	378036	435243	507774	769171	871763	
T	283	2	11	12	13	20	21	22	23	24	25	27	28	29	30	31	32	33	34	35	36	37	38	39	40	
T	283	33185	38543	97291	97792	103656	119035	120753	148373	148375	148381	151220	153748	156279	180096	228826	237305	280061	304979	311218	382203	438899	510764	769984	873769	
T	284	2	11	12	13	20	21	22	23	25	27	28	29	30	31	32	33	34	35	36	37	38	39	40	
T	284	34461	39571	96156	96580	102140	117425	119031	147495	147505	150424	153019	155865	178922	231080	238037	278631	302921	309284	379475	435910	508352	767565	872325	
T	285	2	11	12	13	20	21	22	23	24	25	27	28	29	30	31	32	33	34	35	36	37	38	39	40	
T	285	36372	41115	94311	94665	100163	114872	116612	144961	144963	144975	147947	150580	153852	175047	229185	233395	274519	298420	305220	374339	431600	504554	766702	872011	
T	286	2	11	12	13	20	21	22	23	24	25	27	28	29	30	31	32	33	34	35	36	37	38	39	40	
T	286	38203	43226	98558	98907	104462	119293	120878	148964	148966	148973	151798	154386	157294	179028	230309	235988	281243	305444	312057	381203	438887	512392	772975	875266	
T	287	2	11	12	13	20	21	22	23	24	25	27	28	29	30	31	32	33	34	35	36	37	38	39	40	
T	287	39639	44381	97313	97571	102944	117828	119498	148364	148365	148367	151517	154136	157750	178136	235320	236907	279721	303594	310531	378339	436742	510454	771665	872411	
T	288	2	11	12	13	20	21	22	23	24	27	28	29	30	31	32	33	34	35	36	37	38	39	40	
T	288	42033	46300	96074	96299	101604	115632	117147	144778	144781	147911	150515	154194	173541	236002	236250	274744	298790	305881	373497	432063	506680	771481	873354	
T	289	2	10	11	12	13	18	19	20	21	22	23	24	25	26	27	28	29	30	31	32	33	34	35	36	37	38	39	40	
T	289	44510	44826	48838	98736	98936	99054	99299	104260	120313	121798	148032	148033	148227	148289	151101	153695	157316	176953	236474	238017	278921	302406	309551	377423	436245	510709	774477	876141	
T	290	2	11	12	13	20	21	22	23	27	28	29	30	31	32	33	34	35	36	37	38	39	40	
T	290	47057	51048	99391	99559	104530	118765	120301	149348	152296	154764	158547	176962	252355	252612	280435	303717	310905	377838	437112	512662	775572	874795	
T	291	2	11	12	13	20	21	22	23	27	28	29	30	31	32	33	34	35	36	37	38	39	40	
T	291	50213	54253	100761	100897	105836	119742	121214	149483	152488	155026	158790	177319	238439	238596	280237	303355	310482	377574	436421	511411	772865	872324	
T	292	2	10	11	12	13	18	19	20	21	22	23	24	25	26	27	28	29	30	31	32	33	34	35	36	37	38	39	40	
T	292	53989	54269	58238	107665	107809	107909	108144	113252	129186	130630	156609	156610	156768	156830	159712	162243	165888	185287	250255	250433	289009	312933	320108	388287	446639	520430	777500	874360	
T	293	2	10	11	12	13	18	19	20	21	22	23	25	26	27	28	29	30	31	32	33	34	35	36	37	38	39	40	
T	293	59058	59324	63238	114058	114179	114283	114524	119669	136022	137413	163717	163877	163940	166879	169610	173315	193847	262055	262217	298843	323096	330069	398852	457326	530071	782366	875250	
T	294	2	10	11	12	13	18	19	20	21	22	23	24	25	26	27	28	29	30	31	32	33	34	35	36	37	38	39	40	
T	294	65019	65256	68791	115822	115930	116009	116267	121158	136904	138276	164392	164393	164537	164611	167576	170082	173680	193674	267013	267176	299665	323480	330632	399249	457922	531127	782380	874504	
T	295	2	10	11	12	13	18	19	20	21	22	23	25	26	27	28	29	30	31	32	33	34	35	36	37	38	39	40	
T	295	72941	73161	76604	121533	121631	121728	121936	126704	142087	143490	168747	168902	168963	171891	174397	178079	198262	278889	279077	304340	328511	335348	404107	462513	535186	784350	874221	
T	296	2	10	11	12	13	18	19	20	21	22	23	25	26	27	28	29	30	31	32	33	34	35	36	37	38	39	40	
T	296	82534	82734	85925	127046	127123	127190	127382	131763	146085	147282	170554	170714	170769	173656	176133	179534	200406	273608	273717	305559	329878	336829	405191	463467	535686	782766	872936	
T	297	2	10	11	12	13	18	19	20	21	22	23	24	25	26	27	28	29	30	31	32	33	34	35	36	37	38	39	40	
T	297	96895	97063	99675	136165	136220	136281	136489	140545	153685	154713	175091	175092	175232	175282	178023	180460	183622	204993	287505	287649	310024	334694	341450	410243	468594	540668	784851	871809	
T	298	2	10	11	12	13	18	19	20	21	22	23	25	26	27	28	29	30	31	32	33	34	35	36	37	38	39	40	
T	298	119086	119247	120693	145675	145720	145804	146052	148973	159759	160421	174569	174785	174879	177115	179192	181867	203109	295117	295259	305363	330531	337479	407392	466059	538736	787197	874754	
T	299	2	10	11	12	13	18	19	20	21	22	23	25	26	27	28	29	30	31	32	33	34	35	36	37	38	39	40	
T	299	159229	159261	159773	169701	169717	169747	169815	171640	177347	177743	186056	186145	186166	187829	189327	190889	212416	285217	285296	308416	333472	340172	409567	465494	536248	783082	871605	
G	0	15	27	30	31	32	33	34	35	
G	0	12033	22104	25662	61180	75572	108247	119215	762672	
G	1	15	27	30	31	32	33	34	35	
G	1	11021	20852	26524	63022	81579	113711	131206	796899	
G	2	15	27	30	31	32	33	34	35	
G	2	10509	18225	24289	59074	77759	108699	128948	759867	
G	3	15	27	30	31	32	33	34	35	
G	3	11435	18458	26363	64425	87102	118685	140175	788467	
G	4	15	27	30	31	32	33	34	35	
G	4	11008	17935	25151	63175	84622	116907	139116	832573	
G	5	14	15	16	27	28	30	31	34	35	36	37	38	39	40	
G	5	2160	3438	9233	23036	24044	30264	36970	71686	96803	139726	170704	235297	528859	818314	
G	6	14	15	16	27	28	30	31	34	35	36	37	38	39	40	
G	6	2040	3244	8283	16577	17611	23653	28959	54539	72493	106721	128656	182458	492766	834688	
G	7	14	15	16	27	28	30	31	34	35	36	37	38	39	40	
G	7	1770	2808	7216	13488	14436	19748	24336	45482	60165	88581	106403	156252	425920	798073	
G	8	14	15	16	27	28	30	31	34	35	36	37	38	39	40	
G	8	1619	2563	6715	12416	13355	18538	22788	41715	54826	79856	95890	145493	388161	798584	
G	9	14	15	16	27	28	30	31	34	35	36	37	38	39	40	
G	9	1427	2365	6038	11169	11992	16551	20220	37759	50017	72697	87609	136400	370785	809977	
G	10	14	15	16	27	28	30	31	34	35	36	37	38	39	40	
G	10	1319	2095	5452	10251	11111	15750	19391	36369	47869	69914	84375	133731	357588	807921	
G	11	14	15	16	27	28	30	31	34	35	36	37	38	39	40	
G	11	1302	2045	5285	9876	10660	15080	18447	34994	46183	67418	81402	130846	351481	806021	
G	12	14	15	16	27	28	30	31	34	35	36	37	38	39	40	
G	12	1158	1854	4929	9403	10050	13961	17170	32641	43299	63705	77228	123401	343098	807714	
G	13	14	15	16	27	28	30	31	34	35	36	37	38	39	40	
G	13	1216	1898	4847	8992	9681	13562	16590	31674	42146	61985	75044	120263	335221	803210	
G	14	14	15	16	27	28	30	31	34	35	36	37	38	39	40	
G	14	1210	1873	4977	9550	10179	13961	17164	32262	42984	63067	76458	121866	339308	805101	
G	15	14	15	16	27	28	30	31	34	35	36	37	38	39	40	
G	15	1184	1909	4981	9708	10311	14177	17374	32772	43764	64467	78452	123780	345995	807335	
G	16	14	15	16	27	28	30	31	34	35	36	37	38	39	40	
G	16	1181	1870	4745	9046	9662	13368	16428	31232	41882	61575	74969	121036	339909	805195	
G	17	14	15	16	27	28	30	31	34	35	36	37	38	39	40	
G	17	1297	2071	5502	10183	10951	15318	18760	35154	46306	67497	81521	130093	348348	807687	
G	18	14	15	16	27	28	30	31	34	35	36	37	38	39	40	
G	18	1513	2420	6442	11564	12513	17532	21402	39401	51404	74237	89130	139822	361466	807821	
G	19	14	15	16	27	28	30	31	34	35	36	37	38	39	40	
G	19	1410	2247	5754	10379	11214	15677	19202	35404	46671	68122	81850	130682	349113	808130	
G	20	14	15	16	27	28	30	31	34	35	36	37	38	39	40	
G	20	1526	2414	6145	11160	12038	16922	20730	38261	50086	72492	86964	137789	359697	807806	
G	21	14	15	16	27	28	30	31	34	35	36	37	38	39	40	
G	21	1584	2437	6438	11738	12678	17644	21744	39503	51672	74751	89597	142085	364340	808826	
G	22	14	15	16	27	28	30	31	34	35	36	37	38	39	40	
G	22	1522	2430	6160	11279	12115	16848	20611	37632	49145	71608	85793	135895	356924	809911	
G	23	14	15	16	27	28	30	31	34	35	36	37	38	39	40	
G	23	1376	2183	5536	10352	11107	15358	18863	35280	46777	68598	82636	131946	355820	811112	
G	24	14	15	16	27	28	30	31	34	35	36	37	38	39	40	
G	24	1526	2347	6160	11198	12036	16854	20683	38222	50144	72696	86954	137203	361437	812761	
G	25	14	15	16	27	28	30	31	34	35	36	37	38	39	40	
G	25	1408	2262	5776	10681	11418	15767	19343	35974	47196	68826	83076	131138	355106	811465	
G	26	14	15	16	27	28	30	31	34	35	36	37	38	39	40	
G	26	1374	2144	5657	10476	11183	15316	18631	34623	45930	67621	81791	129469	354390	813911	
G	27	14	15	16	27	28	30	31	34	35	36	37	38	39	40	
G	27	1499	2463	6279	11641	12450	17044	20743	38550	50976	74135	89407	138938	372235	818322	
G	28	14	15	16	27	28	30	31	34	35	36	37	38	39	40	
G	28	1645	2549	6606	11934	12721	17225	20963	38571	50770	73843	88893	139401	368734	813646	
G	29	14	15	16	27	28	30	31	34	35	36	37	38	39	40	
G	29	1559	2525	6462	11944	12722	17253	20956	38572	50703	73998	89346	139762	373385	815093	
G	30	14	15	16	27	28	30	31	34	35	36	37	38	39	40	
G	30	1654	2597	6540	11983	12846	17478	21223	38800	51015	73927	88935	141320	370802	817096	
G	31	14	15	16	27	28	30	31	34	35	36	37	38	39	40	
G	31	1576	2492	6329	11531	12346	16988	20585	37371	49255	71485	86000	135831	361511	817479	
G	32	14	15	16	27	28	30	31	34	35	36	37	38	39	40	
G	32	1781	2798	7123	12745	13711	18719	22647	40828	53248	76631	91581	143777	373761	816895	
G	33	14	15	16	27	28	30	31	34	35	36	37	38	39	40	
G	33	1612	2510	6494	11883	12766	17521	21182	38455	50715	73214	87893	138586	367364	819707	
G	34	14	15	16	27	28	30	31	34	35	36	37	38	39	40	
G	34	1787	2820	7214	12954	13883	19171	22993	41446	53975	77795	93143	145942	374849	817089	
G	35	14	15	16	27	28	30	31	34	35	36	37	38	39	40	
G	35	1867	2906	7377	13302	14242	19413	23449	42841	55831	80607	96276	148355	383396	819497	
G	36	14	15	16	27	28	30	31	34	35	36	37	38	39	40	
G	36	1951	3112	8138	14187	15183	20708	24907	44755	58256	83598	99656	155245	388828	821312	
G	37	14	15	16	27	28	30	31	34	35	36	37	38	39	40	
G	37	1936	3057	7892	13810	14775	20281	24527	44051	57241	81717	97636	152617	384490	818786	
G	38	14	15	16	27	28	30	31	34	35	36	37	38	39	40	
G	38	1853	2945	7550	13457	14408	19811	23943	42733	55505	79618	94909	147689	379196	820623	
G	39	14	15	16	27	28	30	31	34	35	36	37	38	39	40	
G	39	1941	3044	7633	13234	14184	19482	23473	42066	54736	78458	93477	146090	375981	822080	
G	40	14	15	16	27	28	30	31	34	35	36	37	38	39	40	
G	40	1789	2820	7216	12946	13821	18692	22582	40692	53007	76734	91605	143919	374401	819758	
G	41	14	15	16	27	28	30	31	34	35	36	37	38	39	40	
G	41	1829	2952	7649	13392	14383	19746	23769	42749	55508	79450	94873	149342	380429	821197	
G	42	14	15	16	27	28	30	31	34	35	36	37	38	39	40	
G	42	1773	2831	7450	13200	14093	19203	23170	41941	55176	79140	95060	149037	385897	821982	
G	43	14	15	16	27	28	30	31	34	35	36	37	38	39	40	
G	43	1798	2842	7470	13213	14157	19234	23216	42012	55026	79149	94753	149544	382872	821143	
G	44	14	15	16	27	28	30	31	34	35	36	37	38	39	40	
G	44	1958	3123	7948	14259	15285	20903	25116	45077	58602	83808	100253	154816	392099	820888	
G	45	14	15	16	27	28	30	31	34	35	36	37	38	39	40	
G	45	2174	3440	8751	15355	16383	22382	26816	48046	62259	88667	105502	161756	403158	823324	
G	46	14	15	16	27	28	30	31	34	35	36	37	38	39	40	
G	46	2192	3453	8666	15021	16101	22103	26618	47615	61711	88105	104768	161842	400164	820868	
G	47	14	15	16	27	28	30	31	34	35	36	37	38	39	40	
G	47	2256	3632	9263	15614	16721	23168	27824	49531	63911	91020	108131	168126	406074	822275	
G	48	14	15	16	27	28	30	31	34	35	36	37	38	39	40	
G	48	2516	3963	10482	18299	19601	26680	31855	56477	72767	102812	121844	182053	432102	823138	
G	49	14	15	16	27	28	30	31	34	35	36	37	38	39	40	
G	49	2568	4108	10537	18255	19558	26726	31889	56527	72140	102073	120685	182444	431238	821627	
G	50	14	15	16	27	28	30	31	34	35	36	37	38	39	40	
G	50	2533	3972	10511	17817	19151	26233	31517	55671	71574	101014	119265	181563	426980	821627	
G	51	14	15	16	27	28	30	31	34	35	36	37	38	39	40	
G	51	2382	3814	10050	17337	18577	25414	30457	53723	69443	98537	116172	178029	424409	822022	
G	52	14	15	16	27	28	30	31	34	35	36	37	38	39	40	
G	52	2334	3667	9543	16429	17570	24091	28893	51691	67016	95310	113352	175100	422956	819758	
G	53	14	15	16	27	28	30	31	34	35	36	37	38	39	40	
G	53	2257	3537	9381	16489	17522	23540	28115	50597	65933	94343	112328	171547	422130	822578	
G	54	14	15	16	27	28	30	31	34	35	36	37	38	39	40	
G	54	2369	3765	9687	16986	18158	24651	29683	53014	68858	98251	116780	177356	430140	822813	
G	55	14	15	16	27	28	30	31	34	35	36	37	38	39	40	
G	55	2455	3897	9981	17560	18816	25489	30478	54589	70980	100365	119395	180432	433985	820205	
G	56	14	15	16	27	28	30	31	34	35	36	37	38	39	40	
G	56	2145	3408	8919	15762	16836	22690	27349	49110	64207	91638	109492	169003	419153	821976	
G	57	14	15	16	27	28	30	31	34	35	36	37	38	39	40	
G	57	2069	3272	8902	16096	17118	22959	27767	50235	65818	94548	113093	170699	425666	823088	
G	58	14	15	16	27	28	30	31	34	35	36	37	38	39	40	
G	58	2206	3566	9426	16620	17805	24432	29496	52762	68300	97601	115878	173200	423466	821345	
G	59	14	15	16	27	28	30	31	34	35	36	37	38	39	40	
G	59	2516	4031	10495	18028	19351	26626	31968	56354	72331	102149	121162	179980	428904	823222	
G	60	14	15	16	27	28	30	31	34	35	36	37	38	39	40	
G	60	2665	4161	10679	18930	20207	27512	32940	58327	75352	106300	125726	184629	439477	822949	
G	61	14	15	16	27	28	30	31	34	35	36	37	38	39	40	
G	61	2653	4268	11116	19398	20701	28237	33767	59526	76415	108003	127655	186391	439201	821457	
G	62	14	15	16	27	28	30	31	34	35	36	37	38	39	40	
G	62	2445	3893	10056	17814	19002	25676	30701	54345	70477	99867	118489	174926	423441	820441	
G	63	14	15	16	27	28	30	31	34	35	36	37	38	39	40	
G	63	2412	3836	9907	17474	18719	25542	30547	54849	70921	100763	119078	175957	425733	824515	
G	64	14	15	16	27	28	30	31	34	35	36	37	38	39	40	
G	64	2361	3712	9312	16531	17648	23841	28530	51101	66367	94569	112365	165982	411590	820066	
G	65	14	15	16	27	28	30	31	34	35	36	37	38	39	40	
G	65	2278	3535	9044	16182	17284	23324	27944	49769	64561	92276	109338	162512	405620	822564	
G	66	14	15	16	27	28	30	31	34	35	36	37	38	39	40	
G	66	2213	3527	9054	16620	17640	23686	28235	50372	65634	93864	111779	165341	414658	822958	
G	67	14	15	16	27	28	30	31	34	35	36	37	38	39	40	
G	67	2072	3279	8716	15885	16906	22774	27282	49642	64776	93093	111216	166293	416688	822672	
G	68	14	15	16	27	28	30	31	34	35	36	37	38	39	40	
G	68	2135	3359	8680	15681	16741	22807	27264	49274	64566	92448	110263	164515	413235	822879	
G	69	14	15	16	27	28	30	31	34	35	36	37	38	39	40	
G	69	2212	3437	8862	16264	17350	23409	28185	50809	66480	95020	113008	168370	418880	823883	
G	70	14	15	16	27	28	30	31	34	35	36	37	38	39	40	
G	70	2198	3461	8976	16125	17189	23244	27800	49696	65142	93305	110941	164992	414060	821509	
G	71	14	15	16	27	28	30	31	34	35	36	37	38	39	40	
G	71	2197	3452	8934	16319	17423	23337	27934	50378	65743	94023	112118	166946	418037	823464	
G	72	14	15	16	27	28	30	31	34	35	36	37	38	39	40	
G	72	2121	3387	8858	16154	17148	22933	27420	49589	65021	93602	111321	165251	415752	823385	
G	73	14	15	16	27	28	30	31	34	35	36	37	38	39	40	
G	73	2164	3396	8884	16214	17280	23000	27657	50129	65641	93963	112106	166278	418317	821625	
G	74	14	15	16	27	28	30	31	34	35	36	37	38	39	40	
G	74	2331	3654	9584	17063	18198	24403	29222	52206	68086	97168	115570	170961	422492	822351	
G	75	14	15	16	27	28	30	31	34	35	36	37	38	39	40	
G	75	2210	3583	9097	16206	17346	23368	27981	50440	66015	94964	112732	167201	417915	823535	
G	76	14	15	16	27	28	30	31	34	35	36	37	38	39	40	
G	76	2383	3803	9878	17634	18782	25325	30333	54357	70542	100196	118765	174969	427522	822513	
G	77	14	15	16	27	28	30	31	34	35	36	37	38	39	40	
G	77	2506	4045	10424	18339	19636	26656	31843	56702	72989	103324	122389	180487	434390	823771	
G	78	14	15	16	27	28	30	31	34	35	36	37	38	39	40	
G	78	2529	4060	10690	18762	20047	26972	32220	57197	74201	104708	124005	182384	438248	825419	
G	79	14	15	16	27	28	30	31	34	35	36	37	38	39	40	
G	79	2443	3916	10240	18014	19201	25924	31055	55454	72040	102190	121310	179635	434066	823138	
G	80	14	15	16	27	28	30	31	34	35	36	37	38	39	40	
G	80	2842	4453	11449	19816	21196	28856	34426	60543	77745	109063	128401	188074	441267	823849	
G	81	14	15	16	27	28	30	31	34	35	36	37	38	39	40	
G	81	2686	4293	11215	19580	20998	28602	34172	59811	76944	108159	127008	185795	437398	824274	
G	82	14	15	16	27	28	30	31	34	35	36	37	38	39	40	
G	82	2787	4378	11304	19728	21123	28406	33759	59870	77278	108924	128520	188216	444178	823072	
G	83	14	15	16	27	28	30	31	34	35	36	37	38	39	40	
G	83	3209	4990	12901	22318	23925	32404	38476	67126	85954	120745	141865	205540	465985	821747	
G	84	14	15	16	27	28	30	31	34	35	36	37	38	39	40	
G	84	3200	5106	13107	22281	23848	32454	38624	67726	86574	121177	142258	205540	466607	823200	
G	85	14	15	16	27	28	30	31	34	35	36	37	38	39	40	
G	85	3006	4870	12419	21062	22573	30702	36614	63903	82559	115962	136238	197387	456550	822101	
G	86	14	15	16	27	28	30	31	34	35	36	37	38	39	40	
G	86	2997	4731	12086	21120	22527	30239	35991	63189	81890	115396	135599	195919	457006	821728	
G	87	14	15	16	27	28	30	31	34	35	36	37	38	39	40	
G	87	3071	4880	12600	21795	23307	31629	37554	65215	84149	118496	139346	200423	462180	823172	
G	88	14	15	16	27	28	30	31	34	35	36	37	38	39	40	
G	88	3081	4827	12625	21962	23464	31867	38004	66961	86416	121845	143673	205890	472398	820766	
G	89	14	15	16	27	28	30	31	34	35	36	37	38	39	40	
G	89	3012	4863	12482	21920	23463	31622	37922	67160	87207	123115	145573	208421	478677	821541	
G	90	14	15	16	27	28	30	31	34	35	36	37	38	39	40	
G	90	3116	4910	13094	22713	24297	32728	39024	68799	88880	124906	146724	211216	480362	823843	
G	91	14	15	16	27	28	30	31	34	35	36	37	38	39	40	
G	91	2995	4784	12391	21733	23245	31462	37478	65877	85878	121251	142536	204977	471603	821299	
G	92	14	15	16	27	28	30	31	34	35	36	37	38	39	40	
G	92	3110	4930	12914	22614	24181	32872	39158	68468	88566	123997	145625	207675	474003	822792	
G	93	14	15	16	27	28	30	31	34	35	36	37	38	39	40	
G	93	3259	5218	13660	23495	25235	34237	40645	70445	90703	126840	148083	210260	475176	823722	
G	94	14	15	16	27	28	30	31	34	35	36	37	38	39	40	
G	94	3727	5912	15250	25939	27741	37656	44451	75286	96075	132664	154685	217875	480331	821656	
G	95	14	15	16	27	28	30	31	34	35	36	37	38	39	40	
G	95	3621	5849	14971	25300	27164	36659	43523	74614	95453	132386	154470	218195	482609	823055	
G	96	14	15	16	27	28	30	31	34	35	36	37	38	39	40	
G	96	3577	5682	14531	24609	26383	35649	42176	72674	93189	129836	151300	213501	477948	823396	
G	97	14	15	16	27	28	30	31	34	35	36	37	38	39	40	
G	97	3604	5776	14677	24765	26582	35862	42330	72981	93870	130035	151407	213797	476196	820090	
G	98	14	15	16	27	28	30	31	34	35	36	37	38	39	40	
G	98	3833	5962	15299	25930	27852	37866	44699	76207	97087	133962	155664	218589	481049	821700	
G	99	14	15	16	27	28	30	31	34	35	36	37	38	39	40	
G	99	3798	5988	15304	25903	27854	37639	44402	75355	96171	133197	154853	216764	480792	824375	
G	100	14	15	16	27	28	30	31	34	35	36	37	38	39	40	
G	100	3387	5377	13962	24030	25722	34515	41024	70183	90499	126309	147675	208015	472737	822171	
G	101	14	15	16	27	28	30	31	34	35	36	37	38	39	40	
G	101	3658	5851	13924	49094	50958	59180	69641	143610	212657	293560	360174	450104	740691	822689	
G	102	14	15	16	27	28	30	31	34	35	36	37	38	39	40	
G	102	2896	4536	11395	24507	25786	33171	41010	80082	112299	171729	208556	274822	690931	823784	
G	103	14	15	16	27	28	30	31	34	35	36	37	38	39	40	
G	103	2755	4289	11197	21045	22350	29618	36019	65503	89396	131556	156954	208835	574151	821489	
G	104	14	15	16	27	28	30	31	34	35	36	37	38	39	40	
G	104	2533	4055	10389	18661	19871	26565	31997	56421	75690	109464	130172	182623	484288	822446	
G	105	14	15	16	27	28	30	31	34	35	36	37	38	39	40	
G	105	2517	4002	9980	17550	18775	25135	30323	53533	71221	101910	120966	174986	446757	824247	
G	106	14	15	16	27	28	30	31	34	35	36	37	38	39	40	
G	106	2343	3713	9559	16721	18043	24293	29044	50705	67256	95729	113608	167928	424461	821379	
G	107	14	15	16	27	28	30	31	34	35	36	37	38	39	40	
G	107	2458	3761	9634	16980	18274	24634	29406	51091	67596	96102	113641	168592	418710	824103	
G	108	14	15	16	27	28	30	31	34	35	36	37	38	39	40	
G	108	2464	3895	10032	17424	18758	25411	30226	52460	69143	98117	115907	171176	421217	823439	
G	109	14	15	16	27	28	30	31	34	35	36	37	38	39	40	
G	109	2463	3808	9808	17067	18349	24691	29409	50727	66962	94831	112140	166461	412651	820944	
G	110	14	15	16	27	28	30	31	34	35	36	37	38	39	40	
G	110	2378	3809	9798	17351	18726	25374	30219	52355	68577	97031	114531	169564	417374	821317	
G	111	14	15	16	27	28	30	31	34	35	36	37	38	39	40	
G	111	2598	4182	10661	18196	19563	26559	31474	53281	69851	98788	116278	171921	416681	823942	
G	112	14	15	16	27	28	30	31	34	35	36	37	38	39	40	
G	112	2722	4295	10919	18404	19882	26966	31927	54705	71557	101067	119130	175317	420717	822754	
G	113	14	15	16	27	28	30	31	34	35	36	37	38	39	40	
G	113	2483	3952	10231	17661	19069	25792	30544	52544	69080	97875	115547	171762	417081	823049	
G	114	14	15	16	27	28	30	31	34	35	36	37	38	39	40	
G	114	2618	4183	10970	18849	20387	27374	32485	55319	72869	102570	120978	177898	424662	824642	
G	115	14	15	16	27	28	30	31	34	35	36	37	38	39	40	
G	115	2703	4281	11229	19244	20785	28100	33166	56469	73962	103993	122274	178576	426605	821618	
G	116	14	15	16	27	28	30	31	34	35	36	37	38	39	40	
G	116	2710	4260	11093	18845	20250	27350	32412	55317	72516	102370	120766	177250	424489	821927	
G	117	14	15	16	27	28	30	31	34	35	36	37	38	39	40	
G	117	2757	4329	11436	19355	20848	28084	33259	56401	73940	104078	122381	180087	428087	824203	
G	118	14	15	16	27	28	30	31	34	35	36	37	38	39	40	
G	118	2639	4176	10969	18760	20252	27327	32460	55238	73004	102982	121390	178040	426317	820545	
G	119	14	15	16	27	28	30	31	34	35	36	37	38	39	40	
G	119	2634	4173	10723	18292	19729	26556	31743	53591	71248	100585	118801	175249	422817	821618	
G	120	14	15	16	27	28	30	31	34	35	36	37	38	39	40	
G	120	2976	4695	12067	20463	22143	29853	35301	59506	78203	109413	128696	187860	437864	824374	
G	121	14	15	16	27	28	30	31	34	35	36	37	38	39	40	
G	121	2763	4468	11496	19597	21207	28448	33719	56985	75423	106275	124841	182772	433281	821076	
G	122	14	15	16	27	28	30	31	34	35	36	37	38	39	40	
G	122	2746	4326	11122	18997	20442	27289	32349	54809	73032	102911	121365	178833	430943	821012	
G	123	14	15	16	27	28	30	31	34	35	36	37	38	39	40	
G	123	2622	4213	10788	18693	20160	26643	31772	54338	72587	102506	120623	178643	431883	823950	
G	124	14	15	16	27	28	30	31	34	35	36	37	38	39	40	
G	124	2919	4530	11373	19683	21210	28212	33377	56724	75829	106986	126208	185537	441388	822241	
G	125	14	15	16	27	28	30	31	34	35	36	37	38	39	40	
G	125	2814	4461	11378	19571	21154	28371	33648	56906	76213	107900	126916	184928	440212	821954	
G	126	14	15	16	27	28	30	31	34	35	36	37	38	39	40	
G	126	2988	4701	12189	20671	22474	30344	35917	60570	80323	112635	132211	192595	446721	822775	
G	127	14	15	16	27	28	30	31	34	35	36	37	38	39	40	
G	127	2980	4726	12023	20284	21950	29672	35151	59209	78738	110452	129748	189504	443554	820232	
G	128	14	15	16	27	28	30	31	34	35	36	37	38	39	40	
G	128	3038	4797	12271	20960	22682	30183	35804	60326	80779	113161	132396	191666	448952	821589	
G	129	14	15	16	27	28	30	31	34	35	36	37	38	39	40	
G	129	3143	4901	12511	21623	23443	31278	37095	62228	83323	116893	136982	197013	458849	823824	
G	130	14	15	16	27	28	30	31	34	35	36	37	38	39	40	
G	130	3225	5260	12614	21608	23385	31030	36767	61968	83265	116841	137001	196024	458510	822099	
G	131	14	15	16	27	28	30	31	34	35	36	37	38	39	40	
G	131	3265	5120	13163	22448	24248	32514	38517	64050	85974	119905	139999	199203	459928	823027	
G	132	14	15	16	27	28	30	31	34	35	36	37	38	39	40	
G	132	3353	5196	13037	22426	24316	32625	38579	64131	85638	119467	139643	198632	459581	823647	
G	133	14	15	16	27	28	30	31	34	35	36	37	38	39	40	
G	133	3336	5393	13110	22112	23972	32230	37890	62981	84425	118174	138419	197410	457977	820378	
G	134	14	15	16	27	28	30	31	34	35	36	37	38	39	40	
G	134	3157	5246	12877	21670	23440	31554	37287	62156	83685	117344	137420	195983	457222	823371	
G	135	14	15	16	27	28	30	31	34	35	36	37	38	39	40	
G	135	3164	4924	12542	21652	23497	31517	37409	62345	84199	118225	138269	196849	460823	824568	
G	136	14	15	16	27	28	30	31	34	35	36	37	38	39	40	
G	136	3278	5536	13693	23332	25257	33597	39590	65493	87985	122705	143468	202984	467190	821906	
G	137	14	15	16	27	28	30	31	34	35	36	37	38	39	40	
G	137	3375	5763	13495	22728	24616	32869	38821	63930	85867	120035	140739	200621	461809	821163	
G	138	14	15	16	27	28	30	31	34	35	36	37	38	39	40	
G	138	3355	5714	13868	23562	25572	34172	40340	66536	89402	124370	145329	205760	469040	823834	
G	139	14	15	16	27	28	30	31	34	35	36	37	38	39	40	
G	139	3577	6623	14304	24065	26038	35004	41171	68147	91451	127357	148833	210795	475441	821720	
G	140	14	15	16	27	28	30	31	34	35	36	37	38	39	40	
G	140	3517	6202	14143	23973	26015	34731	41096	67526	90881	126960	148024	208500	472544	822094	
G	141	14	15	16	27	28	30	31	34	35	36	37	38	39	40	
G	141	3556	7254	14668	24557	26704	35785	42246	69387	93126	129613	151287	212617	477216	821663	
G	142	14	15	16	27	28	30	31	34	35	36	37	38	39	40	
G	142	3806	7106	15032	25384	27598	36915	43566	71658	96399	133703	156095	219671	487164	822784	
G	143	14	15	16	27	28	30	31	34	35	36	37	38	39	40	
G	143	3968	7383	15654	26194	28397	37970	44568	73236	98560	136580	159385	222389	491401	822232	
G	144	14	15	16	27	28	30	31	34	35	36	37	38	39	40	
G	144	3708	7899	15041	25419	27604	36952	43789	71483	97519	135555	157839	219754	491498	822074	
G	145	14	15	16	27	28	30	31	34	35	36	37	38	39	40	
G	145	3890	9356	15344	25804	27990	37610	44385	71995	97295	135639	157889	218671	487035	820836	
G	146	14	15	16	27	28	30	31	34	35	36	37	38	39	40	
G	146	3900	9343	15942	26967	29261	38841	45903	74367	100852	140062	163208	224575	496175	820941	
G	147	14	15	16	27	28	30	31	34	35	36	37	38	39	40	
G	147	4004	10229	16653	28142	30593	40708	48167	77977	105264	145947	169843	232735	505524	822477	
G	148	14	15	16	27	28	30	31	34	35	36	37	38	39	40	
G	148	3863	10096	16123	27255	29682	39856	47104	76786	103930	143922	167812	230661	503136	820270	
G	149	14	15	16	27	28	30	31	34	35	36	37	38	39	40	
G	149	4334	11855	17323	28874	31458	42209	49753	80173	107698	148541	172589	235256	506131	822526	
G	150	14	15	16	27	28	30	31	34	35	36	37	38	39	40	
G	150	4430	11077	18127	30397	33143	44513	52370	83905	113110	155850	180771	243770	516819	822944	
G	151	2	14	15	16	27	28	30	31	34	35	36	37	38	39	40	
G	151	28	4741	12283	18981	32038	34873	46547	54604	86913	117458	161101	186568	249233	523007	821267	
G	152	2	14	15	16	27	28	30	31	34	35	36	37	38	39	40	
G	152	44	4496	12551	18329	30596	33430	44450	52179	83834	113328	156124	181190	243032	518818	820861	
G	153	2	14	15	16	27	28	30	31	34	35	36	37	38	39	40	
G	153	84	4642	12029	18673	31533	34461	45833	53912	86550	117402	161313	186918	250391	528679	824448	
G	154	2	14	15	16	27	28	30	31	34	35	36	37	38	39	40	
G	154	83	4657	12044	18591	30770	33599	45084	52923	84825	114363	156965	181522	244432	519078	820842	
G	155	2	14	15	16	27	28	30	31	34	35	36	37	38	39	40	
G	155	122	4433	13086	17875	30167	32996	44050	51877	82966	112667	155182	179573	241040	517381	822298	
G	156	2	14	15	16	27	28	30	31	34	35	36	37	38	39	40	
G	156	145	4695	14885	18006	30180	32975	43971	51567	81983	111680	154043	178367	240477	516083	823877	
G	157	2	14	15	16	27	28	30	31	34	35	36	37	38	39	40	
G	157	179	4509	13627	17879	30175	33039	43838	51759	82935	112897	155764	180738	242090	519006	820887	
G	158	2	14	15	16	27	28	30	31	34	35	36	37	38	39	40	
G	158	227	4616	15555	18076	30510	33457	44339	52262	82866	113167	156138	181270	242777	520154	821341	
G	159	2	14	15	16	27	28	30	31	34	35	36	37	38	39	40	
G	159	222	4822	15656	18854	31963	35054	46499	54565	86238	117701	161884	187630	249792	529283	823301	
G	160	2	14	15	16	27	28	30	31	34	35	36	37	38	39	40	
G	160	260	5060	15266	19451	32248	35354	47150	55278	87277	118325	162380	187252	248800	525251	820860	
G	161	2	14	15	16	27	28	30	31	34	35	36	37	38	39	40	
G	161	323	5088	16659	19241	31985	35055	47011	55000	86535	117800	161443	186471	248394	525068	822559	
G	162	2	14	15	16	27	28	30	31	34	35	36	37	38	39	40	
G	162	322	4830	16580	18493	30683	33636	44979	52711	83603	113834	157033	181488	243172	520799	823335	
G	163	2	14	15	16	27	28	30	31	34	35	36	37	38	39	40	
G	163	362	4890	16667	18546	30839	33788	44796	52459	83006	113328	155858	180327	242104	518845	820251	
G	164	2	14	15	16	27	28	30	31	34	35	36	37	38	39	40	
G	164	406	5319	18595	20399	33667	37051	49426	57620	90192	122418	167369	193152	255331	532293	822436	
G	165	2	14	15	16	27	28	30	31	34	35	36	37	38	39	40	
G	165	483	5440	19083	20304	33175	36534	48471	56702	88389	119990	164384	189641	251767	528915	823010	
G	166	2	14	15	16	25	26	27	28	30	31	34	35	36	37	38	39	40	
G	166	526	6450	19322	20491	20849	20869	33382	36762	48667	56798	88431	120090	164237	189224	251882	527757	819595	
G	167	2	14	15	16	25	26	27	28	30	31	34	35	36	37	38	39	40	
G	167	557	6505	19566	20540	20893	20910	33727	37118	49274	57646	89350	121480	166092	191407	253605	531956	821038	
G	168	2	14	15	16	25	26	27	28	30	31	34	35	36	37	38	39	40	
G	168	625	7037	19067	19912	20556	20604	32862	36255	47951	56382	87554	120404	165332	191014	253371	534339	824112	
G	169	2	14	15	16	25	26	27	28	30	31	34	35	36	37	38	39	40	
G	169	693	6444	19364	20129	20503	20525	33166	36772	48516	57032	88629	121690	167287	193278	256783	537220	820913	
G	170	2	14	15	16	25	26	27	28	30	31	34	35	36	37	38	39	40	
G	170	699	7437	20120	20805	21411	21461	34169	37767	49828	58494	90279	124635	170591	197125	260371	541367	822670	
G	171	2	14	15	16	25	26	27	28	30	31	34	35	36	37	38	39	40	
G	171	793	7448	20681	21325	21970	22034	35014	38614	51157	60144	92879	127943	174178	200989	264087	546332	821733	
G	172	2	14	15	16	25	26	27	28	30	31	34	35	36	37	38	39	40	
G	172	881	8559	19915	20489	21609	21694	33627	37181	49110	57732	89171	123417	169004	194795	257305	538402	820087	
G	173	2	12	13	14	15	16	23	25	26	27	28	30	31	32	33	34	35	36	37	38	39	40	
G	173	951	1320	1766	9881	20298	20805	21060	22388	22545	34154	37770	50150	58875	59148	59392	91248	125335	171761	197909	261308	542659	821987	
G	174	2	14	15	16	25	26	27	28	30	31	34	35	36	37	38	39	40	
G	174	1011	11037	21926	22423	24282	24418	36921	40912	53907	63079	96674	133940	182436	209819	274163	557418	824883	
G	175	2	12	13	14	15	16	23	25	26	27	28	30	31	32	33	34	35	36	37	38	39	40	
G	175	1022	1434	2025	12962	23223	23631	23915	26029	26233	38287	42425	56485	66018	66324	66627	101127	137961	187475	215413	279630	560861	820180	
G	176	2	14	15	16	25	26	27	28	30	31	34	35	36	37	38	39	40	
G	176	1122	12540	25175	25614	27545	27713	41127	45682	60188	70244	106319	146481	197609	226283	291128	573109	822123	
G	177	2	14	15	16	25	26	27	28	30	31	34	35	36	37	38	39	40	
G	177	1217	16082	25240	25597	28828	29095	41317	45958	60594	71059	107157	147973	199906	229023	294311	577347	823229	
G	178	2	14	15	16	25	26	27	28	30	31	34	35	36	37	38	39	40	
G	178	1306	16351	24549	24853	28451	28720	40483	45210	59315	69265	104313	144853	196030	224713	288701	572369	820490	
G	179	2	12	13	14	15	16	23	25	26	27	28	30	31	32	33	34	35	36	37	38	39	40	
G	179	1320	1757	2386	17606	25207	25454	25807	29495	29867	41358	45986	61000	71178	71515	71871	107563	147511	199172	227765	291692	576028	822728	
G	180	2	14	15	16	25	26	27	28	30	31	34	35	36	37	38	39	40	
G	180	1441	13815	25358	25586	28017	28216	41445	46190	60948	71382	107483	148952	200702	229516	292959	577040	822593	
G	181	2	12	13	14	15	16	23	25	26	27	28	30	31	32	33	34	35	36	37	38	39	40	
G	181	1497	1980	2639	16113	24559	24766	25117	28111	28411	39461	43874	58571	68254	68593	68939	103396	141566	191836	219612	283309	565574	820908	
G	182	2	12	13	14	15	16	23	25	26	27	28	30	31	32	33	34	35	36	37	38	39	40	
G	182	1631	2160	2903	16940	25965	26129	26542	29690	30045	41642	46293	61364	71627	71978	72317	107355	146627	198027	226448	290899	572344	821057	
G	183	2	12	13	14	15	16	23	25	26	27	28	30	31	32	33	34	35	36	37	38	39	40	
G	183	1834	2513	3649	18577	24566	24691	25196	29239	29667	39771	44231	58475	68231	68824	69470	103318	142001	192414	220403	283964	569054	822873	
G	184	2	12	13	14	15	16	23	25	26	27	28	30	31	32	33	34	35	36	37	38	39	40	
G	184	1872	2548	3558	20066	23858	23971	24482	29257	29750	38422	42820	57311	66716	67269	67889	100524	137361	186749	213904	276178	558581	821409	
G	185	2	12	13	14	15	16	23	25	26	27	28	30	31	32	33	34	35	36	37	38	39	40	
G	185	1991	2461	3130	18746	25714	25802	26182	29983	30397	40748	45452	60531	70535	70956	71349	105155	144486	194594	222191	285401	566059	820558	
G	186	2	12	13	14	15	16	23	25	26	27	28	30	31	32	33	34	35	36	37	38	39	40	
G	186	2086	2654	3445	20837	26591	26679	27076	31619	32056	41883	46677	62256	72379	72747	73145	107156	146343	197281	224899	289058	568163	821611	
G	187	2	12	13	14	15	16	23	25	26	27	28	30	31	32	33	34	35	36	37	38	39	40	
G	187	2224	3747	6189	23321	26467	26553	27581	32734	33407	41881	46334	62520	72584	73799	75138	108939	146037	196703	224018	287904	567441	819529	
G	188	2	12	13	14	15	16	23	25	26	27	28	30	31	32	33	34	35	36	37	38	39	40	
G	188	2238	4417	8464	24917	26244	26295	27952	33578	34468	41927	45977	62718	72830	74731	77014	110371	145452	197181	225022	289008	572803	822284	
G	189	2	12	13	14	15	16	23	25	26	27	28	30	31	32	33	34	35	36	37	38	39	40	
G	189	2392	4672	8642	24148	28258	28316	29977	34858	35628	44914	49383	66859	77373	79267	81373	116338	153694	206815	235140	299471	580453	823432	
G	190	2	12	13	14	15	16	23	25	26	27	28	30	31	32	33	34	35	36	37	38	39	40	
G	190	2441	3926	6615	24114	29182	29217	30403	35519	36234	46119	50981	68241	79149	80474	81958	117054	157593	211507	240449	304813	586010	821167	
G	191	2	12	13	14	15	16	23	25	26	27	28	30	31	32	33	34	35	36	37	38	39	40	
G	191	2502	3133	4093	21687	29866	29909	30344	34930	35425	46433	51786	68527	79784	80265	80715	116287	159899	213718	243078	306978	589328	823685	
G	192	2	12	13	14	15	16	23	25	26	27	28	30	31	32	33	34	35	36	37	38	39	40	
G	192	2553	3965	6521	23698	28717	28745	29857	35309	36017	45506	50430	67576	78586	79976	81438	116295	157334	211436	240311	304729	588442	823771	
G	193	2	12	13	14	15	16	23	25	26	27	28	30	31	32	33	34	35	36	37	38	39	40	
G	193	2653	4630	8392	26282	28203	28235	29789	36002	36911	44619	49020	66457	77168	79030	81075	114069	151803	204693	232943	296031	579117	820666	
G	194	2	12	13	14	15	16	23	25	26	27	28	30	31	32	33	34	35	36	37	38	39	40	
G	194	2845	4334	6959	26802	28833	28852	29988	36424	37249	44979	49869	67305	78146	79533	81090	114794	155118	208464	237010	300681	582527	821832	
G	195	2	12	13	14	15	16	23	25	26	27	28	30	31	32	33	34	35	36	37	38	39	40	
G	195	2909	4401	7592	27411	30481	30502	31787	38491	39268	47831	52897	70783	82097	83554	85252	120201	162969	218280	247622	311666	593626	823402	
G	196	2	12	13	14	15	16	23	25	26	27	28	30	31	32	33	34	35	36	37	38	39	40	
G	196	3019	5414	9830	26243	30273	30286	32205	37983	38946	47671	52556	70840	81987	84248	86771	120976	161328	216698	245661	309732	592363	821422	
G	197	2	12	13	14	15	16	23	25	26	27	28	30	31	32	33	34	35	36	37	38	39	40	
G	197	3153	5818	11175	27781	30979	30993	33236	39588	40688	48998	53880	73182	84785	87392	90256	124977	164828	220305	249404	313382	594783	822865	
G	198	2	12	13	14	15	16	23	25	26	27	28	30	31	32	33	34	35	36	37	38	39	40	
G	198	3175	5740	10958	29957	31959	31968	34210	41204	42372	50328	55364	75162	86924	89614	92635	127836	168633	225018	254881	318522	600135	823524	
G	199	2	12	13	14	15	16	23	25	26	27	28	30	31	32	33	34	35	36	37	38	39	40	
G	199	3316	7639	16267	32140	32239	32241	35761	42764	44228	51187	55455	76900	88390	92758	97511	132378	168012	224505	253274	316950	597361	821285	
G	200	2	12	13	14	15	16	23	25	26	27	28	30	31	32	33	34	35	36	37	38	39	40	
G	200	3409	7878	16733	32744	32852	32855	36397	43595	45143	52204	56571	78618	90309	94765	99648	135064	171052	228065	256970	320573	598164	822458	
G	201	2	12	13	14	15	16	23	25	26	27	28	30	31	32	33	34	35	36	37	38	39	40	
G	201	3542	7179	14630	34490	35548	35553	38380	46270	47645	55520	60678	82927	95504	98960	102800	139172	179850	237922	267883	331964	608657	822985	
G	202	2	12	13	14	15	16	23	25	26	27	28	30	31	32	33	34	35	36	37	38	39	40	
G	202	3517	8604	19227	32661	33818	33824	38221	44903	46599	54124	58249	81195	93176	98702	104689	140069	174279	232391	261283	324670	604175	821053	
G	203	2	12	13	14	15	16	23	25	26	27	28	30	31	32	33	34	35	36	37	38	39	40	
G	203	3713	7926	16013	33284	34423	34431	37955	45297	46820	54259	58930	81201	93355	97653	102375	137152	174513	232337	261716	325130	604288	820728	
G	204	2	12	13	14	15	16	23	25	26	27	28	30	31	32	33	34	35	36	37	38	39	40	
G	204	3809	8776	19248	33490	33542	33545	37869	45127	46721	53313	57459	79888	91772	97130	103135	137097	170524	227992	256472	319349	600793	824346	
G	205	2	12	13	14	15	16	23	25	26	27	28	30	31	32	33	34	35	36	37	38	39	40	
G	205	3918	9162	20193	33632	33663	33665	38107	45527	47393	53694	57747	80754	92645	98578	105426	138587	171101	228724	257370	319853	599799	820041	
G	206	2	12	13	14	15	16	23	25	26	27	28	30	31	32	33	34	35	36	37	38	39	40	
G	206	4104	8879	19345	34642	34674	34676	38879	46658	48437	54617	58904	81204	93266	98662	104739	138435	173166	231243	260385	323201	604352	822683	
G	207	2	12	13	14	15	16	23	25	26	27	28	30	31	32	33	34	35	36	37	38	39	40	
G	207	4126	7833	15977	35068	35095	35097	38526	47316	49004	55324	60281	82106	94324	98751	103780	137132	176703	235210	265218	327777	610382	823404	
G	208	2	12	13	14	15	16	23	25	26	27	28	30	31	32	33	34	35	36	37	38	39	40	
G	208	4207	10306	22850	34641	34667	34669	40077	47508	49584	55639	59518	83280	95436	102447	110758	143605	174536	233580	262822	326096	608958	820963	
G	209	2	12	13	14	15	16	22	23	24	25	26	27	28	30	31	32	33	34	35	36	37	38	39	40	
G	209	4408	11376	25877	33641	33656	33660	34552	40295	40580	46970	49433	55334	58602	82979	94799	103319	113315	145735	172839	232338	261473	324928	610428	821874	
G	210	2	12	13	14	15	23	25	26	27	28	30	31	32	33	34	35	36	37	38	39	40	
G	210	4473	11488	26499	35581	35593	41981	49316	51782	58025	61614	86805	99392	107715	117460	150712	179605	240096	269479	332995	616268	823814	
G	211	2	12	13	14	15	22	23	24	25	26	27	28	30	31	32	33	34	35	36	37	38	39	40	
G	211	4537	12465	30033	35107	35118	35988	42727	43028	49337	52146	58115	61165	87431	99779	109594	121350	154117	178751	239373	268958	331593	614636	820982	
G	212	2	12	13	14	15	16	22	23	24	25	26	27	28	30	31	32	33	34	35	36	37	38	39	40	
G	212	4480	12688	32440	36733	36745	36746	37567	44569	44895	51128	53917	60139	63328	90431	103297	113549	125467	159419	184293	245665	275592	339014	620328	822586	
G	213	2	12	13	14	15	22	23	24	25	26	27	28	30	31	32	33	34	35	36	37	38	39	40	
G	213	4693	13331	33774	37570	37582	38354	45251	45515	51891	54638	61314	64706	92449	105324	115424	126993	161759	187583	249106	278664	342683	621814	823750	
G	214	2	12	13	14	15	23	25	26	27	28	30	31	32	33	34	35	36	37	38	39	40	
G	214	4777	12915	30223	40170	40176	47122	55097	57788	64618	68594	96620	109976	119269	130053	165549	196008	258736	289239	352432	629534	821915	
G	215	2	12	13	14	15	22	23	24	25	26	27	28	30	31	32	33	34	35	36	37	38	39	40	
G	215	4946	14000	35128	39254	39259	40141	47466	47841	54697	57642	64094	67434	96365	109717	120628	133270	167741	192978	255968	286200	349437	627880	822373	
G	216	2	12	13	14	15	22	23	24	25	26	27	28	30	31	32	33	34	35	36	37	38	39	40	
G	216	5079	13550	34276	37689	37696	38599	45833	46195	53074	56165	62339	65504	93579	106532	117496	130845	164399	189142	252173	282394	344793	626711	823686	
G	217	2	12	13	14	15	22	23	24	25	26	27	28	30	31	32	33	34	35	36	37	38	39	40	
G	217	5192	13665	36151	38237	38241	39180	46221	46569	53259	56194	62313	65709	93902	107042	118092	130894	164717	189347	251987	281743	344540	624217	820079	
G	218	2	12	13	14	15	22	23	24	25	26	27	28	30	31	32	33	34	35	36	37	38	39	40	
G	218	5312	14041	37154	40304	40307	41301	48644	49003	55767	58734	65209	68531	98129	111625	122741	135920	170540	195389	258160	288332	351479	629820	822492	
G	219	2	12	13	14	15	22	23	24	25	26	27	28	30	31	32	33	34	35	36	37	38	39	40	
G	219	5425	14631	37169	41126	41130	42566	49714	50306	56984	60011	66810	70301	100082	113528	124948	138519	173202	198471	262043	292348	355857	633640	823387	
G	220	2	12	13	14	22	23	24	25	26	27	28	30	31	32	33	34	35	36	37	38	39	40	
G	220	5613	14597	37273	40032	41405	48261	48850	55286	58337	64679	68018	96958	110407	121983	135526	169298	193730	257165	287737	350273	629416	820062	
G	221	2	12	13	14	16	22	23	24	25	26	27	28	30	31	32	33	34	35	36	37	38	39	40	
G	221	5677	14816	39068	41070	41071	44683	50140	51660	56710	59779	66236	69743	99083	112583	124031	137729	171711	196327	259534	289755	352271	631248	821070	
G	222	2	11	12	13	14	15	20	21	22	23	24	25	26	27	28	30	31	32	33	34	35	36	37	38	39	40	
G	222	5760	6651	16088	39167	40578	40580	40955	41395	45256	50351	51907	56239	58917	65177	68505	97368	110725	122278	135892	169017	194000	257603	287860	351261	632978	822765	
G	223	2	12	13	14	22	23	24	25	26	27	28	30	31	32	33	34	35	36	37	38	39	40	
G	223	5918	15750	40339	43788	45874	52873	53753	60236	63507	70184	73746	104365	118467	130577	144533	179179	204335	269270	299830	362822	639028	821321	
G	224	2	11	12	13	14	20	21	22	23	24	25	26	27	28	30	31	32	33	34	35	36	37	38	39	40	
G	224	6015	6854	17079	40467	43039	43409	43849	45021	52731	53165	59642	62603	69174	72713	103658	117721	129808	143924	178674	203726	268999	300019	363518	641753	822220	
G	225	2	12	13	14	15	22	23	24	25	26	27	28	30	31	32	33	34	35	36	37	38	39	40	
G	225	6311	16344	41017	44635	44637	46423	54041	54717	61448	64649	71445	74964	105768	120040	132372	146723	181327	206709	272137	302922	365844	642548	821802	
G	226	2	11	12	13	14	15	20	21	22	23	24	25	26	27	28	30	31	32	33	34	35	36	37	38	39	40	
G	226	6335	7381	18418	43187	45250	45252	45685	46154	48041	55545	56313	62619	65689	72407	75953	107099	121585	134071	149134	183363	208436	274254	305276	367890	644152	819730	
G	227	2	12	13	14	15	22	23	24	25	26	27	28	30	31	32	33	34	35	36	37	38	39	40	
G	227	6446	16697	42209	46208	46209	48613	56220	57221	64310	67851	74655	78209	109961	125037	138287	153738	188566	213703	279948	311499	374524	650186	820779	
G	228	2	11	12	13	14	20	21	22	23	24	25	26	27	28	30	31	32	33	34	35	36	37	38	39	40	
G	228	6641	7707	19474	47439	48777	49250	49742	52661	60212	61376	67819	71117	78249	82014	114660	130251	143585	159463	195468	220890	288785	320303	383659	657623	823520	
G	229	2	11	12	13	14	20	21	22	23	24	25	26	27	28	30	31	32	33	34	35	36	37	38	39	40	
G	229	6864	7817	19030	46016	46663	47113	47628	51698	58244	59979	65406	68756	75295	78859	111213	126120	139593	155260	189845	214785	281900	313395	375994	651993	820485	
G	230	2	11	12	13	14	20	21	22	23	24	25	26	27	28	30	31	32	33	34	35	36	37	38	39	40	
G	230	6923	7848	18914	46550	46635	47092	47587	54844	59038	61992	65183	68404	75026	78657	110808	125950	139294	155195	189783	214874	282450	314141	376677	652740	821347	
G	231	2	11	12	13	14	20	21	22	23	24	25	26	27	28	30	31	32	33	34	35	36	37	38	39	40	
G	231	7128	8146	19937	48621	49214	49707	50225	56933	61741	64485	68385	71773	78673	82447	115581	131196	144756	160942	196872	222689	291135	323178	386059	659788	824426	
G	232	2	11	12	13	14	20	21	22	23	24	25	26	27	28	30	31	32	33	34	35	36	37	38	39	40	
G	232	7378	8412	20795	50847	50907	51418	51911	59124	63705	66612	70182	73554	80972	84810	118983	134721	148685	165039	201429	226993	295928	328010	390751	661647	821560	
G	233	2	11	12	13	14	20	21	22	23	24	25	26	27	28	30	31	32	33	34	35	36	37	38	39	40	
G	233	7497	8622	21628	52536	53280	53779	54286	61919	66615	69776	73398	76843	84438	88506	123288	139358	153634	169757	206684	232266	301229	333007	394869	663337	822155	
G	234	2	11	12	13	14	20	21	22	23	24	25	26	27	28	30	31	32	33	34	35	36	37	38	39	40	
G	234	7690	8856	22175	53700	54495	55084	55633	61370	67864	70187	75464	78919	86481	90555	125739	142037	156399	172955	209837	236184	305775	338114	400066	667410	822852	
G	235	2	11	12	13	14	20	21	22	23	24	25	26	27	28	30	31	32	33	34	35	36	37	38	39	40	
G	235	7843	9504	23519	54228	54267	55043	55972	61659	68685	70878	76121	79592	86860	90800	125990	142555	157159	174263	210433	236077	305910	338396	400064	669594	823077	
G	236	2	11	12	13	14	20	21	22	23	24	25	26	27	28	30	31	32	33	34	35	36	37	38	39	40	
G	236	8108	10084	23943	52207	52232	53288	54400	62586	67575	70688	73898	77235	84264	88044	123052	139180	153951	171248	206834	232686	302290	334602	396709	669075	823656	
G	237	2	11	12	13	14	15	20	21	22	23	24	25	26	27	28	29	30	31	32	33	34	35	36	37	38	39	40	
G	237	8334	11737	27821	54650	54687	54688	56252	58073	66225	71406	74454	76867	79692	87816	92140	92746	126708	144087	157907	174959	212002	238954	308445	340788	402936	671486	823353	
G	238	2	11	12	13	14	20	21	22	23	24	25	26	27	28	29	30	31	32	33	34	35	36	37	38	39	40	
G	238	8644	11630	27794	56814	56835	58195	59772	68700	73206	76646	78943	81939	90116	94404	95022	129759	147435	161342	178380	216054	242856	312616	344890	406980	672540	821953	
G	239	2	11	12	13	14	20	21	22	23	24	25	26	27	28	29	30	31	32	33	34	35	36	37	38	39	40	
G	239	8803	14161	33115	56979	57003	59574	62491	71176	76486	79624	80682	82995	91139	95535	96186	131672	149561	163750	180941	218450	244922	314829	347716	409668	675153	822184	
G	240	2	11	12	13	14	20	21	22	23	24	25	26	27	28	29	30	31	32	33	34	35	36	37	38	39	40	
G	240	8924	13938	32944	58026	58042	60340	62891	72491	77314	80871	81972	84509	92559	97087	97709	133321	151362	165577	183030	220766	247062	317463	350132	411653	677041	823034	
G	241	2	11	12	13	14	20	21	22	23	24	25	26	27	28	29	30	31	32	33	34	35	36	37	38	39	40	
G	241	9287	17159	39398	56086	56099	59876	64116	71487	77968	80279	80542	81961	90295	94815	95906	129674	147943	161598	179631	217130	244221	314052	347071	409131	676645	821161	
G	242	2	11	12	13	14	20	21	22	23	24	25	26	27	28	29	30	31	32	33	34	35	36	37	38	39	40	
G	242	9448	15951	37310	60000	60013	63062	66473	75464	81166	84330	85016	87034	96155	101066	102606	136969	156505	169882	188001	226772	254568	324998	357870	419711	682072	820774	
G	243	2	11	12	13	14	20	21	22	23	24	25	26	27	28	29	30	31	32	33	34	35	36	37	38	39	40	
G	243	9685	21212	49114	61606	61615	67036	72912	78285	87093	88322	88539	89295	99294	104763	107755	139478	161104	172968	191599	231042	260054	328627	362002	423496	684862	823275	
G	244	2	11	12	13	14	20	21	22	23	24	25	26	27	28	29	30	31	32	33	34	35	36	37	38	39	40	
G	244	9980	20933	48523	61244	61254	66506	72224	77803	86828	88130	88369	89313	99077	104392	106923	139945	161134	173491	192334	231523	260096	329106	362028	423383	684525	821355	
G	245	2	11	12	13	14	20	21	22	23	24	25	26	27	28	29	30	31	32	33	34	35	36	37	38	39	40	
G	245	10210	17638	41612	62897	62906	66496	70360	79888	85869	89035	89191	91229	100361	105378	107030	142259	162526	176708	196054	234947	262485	333599	367051	428162	687015	820619	
G	246	2	11	12	13	14	20	21	22	23	24	25	26	27	28	29	30	31	32	33	34	35	36	37	38	39	40	
G	246	10484	20866	48986	64433	64440	69352	74663	80800	89976	91538	92357	93686	102663	107633	108782	145720	165751	180586	200040	239202	266728	338918	372727	433514	691060	822391	
G	247	2	11	12	13	14	20	21	22	23	24	25	26	27	28	29	30	31	32	33	34	35	36	37	38	39	40	
G	247	10720	20698	48644	63928	63931	68929	74176	80962	89259	91310	91463	92737	103452	109380	112990	144790	167973	179535	198908	239067	268557	337329	371014	432215	689365	820251	
G	248	2	11	12	13	14	20	21	22	23	24	25	26	27	28	29	30	31	32	33	34	35	36	37	38	39	40	
G	248	11033	22357	52315	63766	63771	69299	75219	80796	90256	91612	91858	92721	102333	107566	109679	144344	165597	179014	198521	237258	265486	336102	369811	430879	690259	820357	
G	249	2	11	12	13	14	20	21	22	23	24	25	26	27	28	29	30	31	32	33	34	35	36	37	38	39	40	
G	249	11107	25132	59863	67389	67398	74063	81088	84704	95530	95875	96068	96261	107566	113931	117886	149661	174335	184972	203994	245273	275187	343242	377219	437499	693399	821644	
G	250	2	11	12	13	14	20	21	22	23	24	25	26	27	28	29	30	31	32	33	34	35	36	37	38	39	40	
G	250	11573	25335	61255	72168	72169	78588	85152	90545	101371	102415	102602	103256	114193	120189	122998	159135	182568	195820	215589	256769	285729	356922	391006	450818	700098	821076	
G	251	2	11	12	13	14	20	21	22	23	24	25	26	27	28	29	30	31	32	33	34	35	36	37	38	39	40	
G	251	11862	25687	62109	71411	71414	77933	84931	89483	100604	101322	101506	101943	112963	119092	122216	157384	181785	194324	214378	256087	285475	356281	391003	451473	701192	821471	
G	252	2	11	12	13	14	20	21	22	23	24	25	26	27	28	29	30	31	32	33	34	35	36	37	38	39	40	
G	252	12102	24232	58035	71735	71737	77479	83312	89642	98909	100594	100777	101897	112341	118069	120082	157685	180207	194134	213480	254825	283458	355404	389500	450008	700626	822638	
G	253	2	11	12	13	20	21	22	23	24	25	26	27	28	29	30	31	32	33	34	35	36	37	38	39	40	
G	253	12536	24923	59985	76656	82262	87854	95411	104152	106231	106364	107642	118252	124011	125638	165362	187892	202583	222000	263853	292096	364494	398476	457584	702582	819862	
G	254	2	11	12	13	20	21	22	23	24	25	26	27	28	29	30	31	32	33	34	35	36	37	38	39	40	
G	254	12958	27474	65977	74616	81693	88749	93746	105396	106123	106244	106708	118591	125327	130284	162450	189709	199974	220143	262659	293099	361872	396069	455539	703273	821084	
G	255	2	11	12	13	20	21	22	23	24	25	26	27	28	29	30	31	32	33	34	35	36	37	38	39	40	
G	255	13161	28547	69832	78403	85622	92909	97620	109310	109981	110148	110557	121697	127915	130605	168691	193375	206817	227099	269360	298004	370007	403868	463238	707392	821606	
G	256	2	11	12	13	20	21	22	23	24	25	26	27	28	29	30	31	32	33	34	35	36	37	38	39	40	
G	256	13516	27694	68089	80919	87417	94011	100462	111245	112647	112728	113605	127586	135229	141055	173066	202653	211544	231967	276111	307525	375489	409493	468615	708456	819486	
G	257	2	11	12	13	14	20	21	22	23	24	25	26	27	28	29	30	31	32	33	34	35	36	37	38	39	40	
G	257	14156	28667	69875	82622	82623	89517	96223	103007	114284	115926	116017	117039	129902	136939	141264	176751	204585	216168	237606	281085	311465	382220	416526	475629	714126	821004	
G	258	2	11	12	13	20	21	22	23	24	25	26	27	28	29	30	31	32	33	34	35	36	37	38	39	40	
G	258	14446	32020	77149	81762	90268	98447	102302	115685	115805	115927	116017	128302	135053	139014	175716	202721	215109	236551	279323	308703	380173	414357	472785	713124	821302	
G	259	2	11	12	13	20	21	22	23	24	25	26	27	28	29	30	31	32	33	34	35	36	37	38	39	40	
G	259	14752	30107	72811	82633	90134	97587	103712	116564	117706	117767	118580	132703	140566	147100	178493	210434	218970	241712	286184	318377	385689	420652	479344	716223	820243	
G	260	2	11	12	13	20	21	22	23	24	25	26	27	28	29	30	31	32	33	34	35	36	37	38	39	40	
G	260	15082	30681	74758	84038	91491	99144	105305	118201	119322	119413	120142	133478	140820	145860	181061	210761	221855	245362	289183	319732	389623	424786	483486	718499	820791	
G	261	2	11	12	13	20	21	22	23	24	25	26	27	28	29	30	31	32	33	34	35	36	37	38	39	40	
G	261	15725	33008	80360	90426	98317	106170	112438	125406	126619	126701	127504	141028	148501	153199	190653	220250	232363	255572	299852	330156	401866	436884	494878	726599	823327	
G	262	2	11	12	13	20	21	22	23	24	25	26	27	28	29	30	31	32	33	34	35	36	37	38	39	40	
G	262	16028	34047	84412	92811	101799	110486	116598	131514	132470	132548	133178	146684	154033	158884	197026	228223	241415	266315	310551	340812	412293	447748	504640	729642	818955	
G	263	2	11	12	13	20	21	22	23	24	25	27	28	29	30	31	32	33	34	35	36	37	38	39	40	
G	263	16623	35404	86177	89164	98652	107718	111688	127202	127215	127265	142799	151401	159467	189280	224564	231427	255440	300457	333714	401081	436448	494351	724668	819682	
G	264	2	11	12	13	20	21	22	23	24	25	26	27	28	29	30	31	32	33	34	35	36	37	38	39	40	
G	264	17141	36010	88289	96174	105173	113822	119646	134166	135079	135183	135709	148287	155297	158965	200444	229754	244376	268561	312322	341249	415032	450241	506956	731226	820872	
G	265	2	11	12	13	20	21	22	23	24	25	26	27	28	29	30	31	32	33	34	35	36	37	38	39	40	
G	265	17650	36537	90288	97726	106757	115559	121339	135751	136609	136665	137199	151246	159009	164358	201797	234127	245656	269354	314875	345548	416968	451909	508298	730252	819381	
G	266	2	11	12	13	20	21	22	23	24	25	26	27	28	29	30	31	32	33	34	35	36	37	38	39	40	
G	266	18256	38380	93945	98948	108770	117966	122991	138635	139077	139144	139424	153756	161665	167376	204669	237020	248422	273059	318093	348859	419810	454732	510878	733209	820720	
G	267	2	11	12	13	20	21	22	23	24	25	27	28	29	30	31	32	33	34	35	36	37	38	39	40	
G	267	19118	38717	91884	94020	103906	113076	117290	132871	132877	132915	148486	157199	165228	196006	231339	238340	261928	307501	340215	408645	443551	500751	730073	822813	
G	268	2	11	12	13	20	21	22	23	24	25	27	28	29	30	31	32	33	34	35	36	37	38	39	40	
G	268	19769	37894	88025	89950	99164	107825	111533	126145	126147	126164	141719	150577	159265	187565	224431	229736	251222	296857	330404	396219	430926	488746	723723	820810	
G	269	2	11	12	13	20	21	22	23	24	25	27	28	29	30	31	32	33	34	35	36	37	38	39	40	
G	269	20390	39440	91637	93472	102769	111370	115011	128991	128995	129010	144989	153833	162104	190844	226841	231982	254069	299894	333266	398980	433707	491447	724090	820853	
G	270	2	11	12	13	20	21	22	23	24	25	27	28	29	30	31	32	33	34	35	36	37	38	39	40	
G	270	21147	42545	101128	102955	112770	122099	126151	141605	141610	141639	157398	166142	173092	207359	243522	251708	273289	318790	350810	419654	454157	510756	733959	824147	
G	271	2	11	12	13	20	21	22	23	24	25	27	28	29	30	31	32	33	34	35	36	37	38	39	40	
G	271	21941	42880	100670	102415	112270	121580	125776	141855	141858	141869	159585	169409	179040	208054	246834	251094	275311	322957	356649	422384	457245	513407	733407	820225	
G	272	2	11	12	13	20	21	22	23	24	25	27	28	29	30	31	32	33	34	35	36	37	38	39	40	
G	272	22696	45000	106839	108468	118665	128052	132074	147652	147655	147672	164937	174612	182803	215960	253583	259931	283394	330665	362996	430801	465708	520825	737991	821704	
G	273	2	11	12	13	20	21	22	23	25	27	28	29	30	31	32	33	34	35	36	37	38	39	40	
G	273	23608	44671	102940	104312	114272	123665	127797	143823	143836	161256	170993	180695	209248	248184	252345	276307	323233	357277	422993	457790	513562	734533	820921	
G	274	2	11	12	13	20	21	22	23	24	25	27	28	29	30	31	32	33	34	35	36	37	38	39	40	
G	274	24516	46424	105253	106639	116970	126251	130349	146074	146076	146089	163955	173820	183590	213034	252624	256838	280627	328332	361769	427777	462496	518376	736599	820614	
G	275	2	11	12	13	20	21	22	23	24	25	27	28	29	30	31	32	33	34	35	36	37	38	39	40	
G	275	25236	47821	109992	111175	121871	131496	135822	152034	152038	152052	170053	179991	189768	219836	260114	264332	288115	335741	369228	435579	470318	525675	739674	820049	
G	276	2	11	12	13	20	21	22	23	25	27	28	29	30	31	32	33	34	35	36	37	38	39	40	
G	276	26619	50612	115467	116627	128011	138273	143031	160440	160443	180322	191486	203640	230074	276432	277766	301449	350339	385202	449248	484447	539085	747855	823288	
G	277	2	11	12	13	20	21	22	23	24	25	27	28	29	30	31	32	33	34	35	36	37	38	39	40	
G	277	27669	50971	114388	115437	126971	137449	142263	160251	160252	160258	179314	189963	201705	228995	272402	274736	300400	348609	382977	447642	482917	537363	745607	819742	
G	278	2	11	12	13	20	21	22	23	24	25	27	28	29	30	31	32	33	34	35	36	37	38	39	40	
G	278	28689	52145	114678	115533	126939	137394	142076	159773	159775	159787	177449	187066	196243	228400	269836	276303	300364	347163	379579	447626	482782	537690	746271	821095	
G	279	2	11	12	13	20	21	22	23	25	27	28	29	30	31	32	33	34	35	36	37	38	39	40	
G	279	29932	51918	110857	111573	122791	133113	137856	155696	155705	172797	182268	192417	221892	264057	269543	294719	341046	374248	440958	476564	532747	747221	823883	
G	280	2	11	12	13	20	21	22	23	24	25	27	28	29	30	31	32	33	34	35	36	37	38	39	40	
G	280	31445	53380	111813	112519	123772	133877	138675	156680	156681	156685	174248	183821	194726	222742	264356	268599	295786	342070	375425	441198	476699	532483	745685	821239	
G	281	2	11	12	13	20	21	22	23	25	27	28	29	30	31	32	33	34	35	36	37	38	39	40	
G	281	32713	55679	117394	118000	129786	140131	144849	162755	162757	180465	190235	200970	230029	273802	278143	303393	349375	382116	448127	483626	538255	748277	821315	
G	282	2	11	12	13	20	21	22	23	24	25	27	28	29	30	31	32	33	34	35	36	37	38	39	40	
G	282	33805	56047	118037	118612	130131	140433	145109	163059	163062	163063	180707	190677	201223	230941	274640	279088	304091	351217	384310	450378	485775	540399	749373	821365	
G	283	2	11	12	13	20	21	22	23	24	25	27	28	29	30	31	32	33	34	35	36	37	38	39	40	
G	283	35916	59127	123920	124448	136214	146560	151078	168480	168481	168488	185657	195181	204495	237130	277889	284275	309773	355802	387622	455249	490116	544208	749960	820998	
G	284	2	11	12	13	20	21	22	23	25	27	28	29	30	31	32	33	34	35	36	37	38	39	40	
G	284	37704	60485	124905	125390	136964	147572	152227	170451	170457	187394	197085	207113	237977	281570	286949	311677	357850	390091	456680	491358	544753	750313	821450	
G	285	2	11	12	13	20	21	22	23	25	27	28	29	30	31	32	33	34	35	36	37	38	39	40	
G	285	39329	62187	126179	126672	138410	149230	154021	172901	172904	190973	201436	212775	241066	287262	290684	316345	363290	396727	461743	496832	550317	752993	821791	
G	286	2	11	12	13	20	21	22	23	25	27	28	29	30	31	32	33	34	35	36	37	38	39	40	
G	286	41732	65733	135010	135423	147171	157951	162451	180201	180204	198644	208994	219461	250939	295491	299880	326085	373641	406481	472526	506858	559437	755623	820598	
G	287	2	11	12	13	20	21	22	23	25	27	28	29	30	31	32	33	34	35	36	37	38	39	40	
G	287	44432	68090	137869	138229	150260	161383	166017	184568	184570	204213	215496	227804	255028	305036	306224	331371	379809	413353	477513	511935	563127	756766	819601	
G	288	2	11	12	13	20	21	22	23	27	28	29	30	31	32	33	34	35	36	37	38	39	40	
G	288	47243	70414	137493	137824	149646	160621	165156	183348	203679	215243	228281	253527	306741	306850	329387	377875	412133	475256	509417	561775	757738	821829	
G	289	2	10	11	12	13	18	19	20	21	22	23	25	26	27	28	29	30	31	32	33	34	35	36	37	38	39	40	
G	289	50294	51808	73866	143515	143811	144214	144679	156366	168466	172828	189664	190677	190983	210316	221491	233772	261124	312811	314121	337633	386348	420066	484056	518322	569384	758651	819568	
G	290	2	11	12	13	20	21	22	23	27	28	29	30	31	32	33	34	35	36	37	38	39	40	
G	290	54707	77355	144881	145143	156872	167637	172391	190849	211327	222369	235356	260890	321947	322093	338127	386398	420310	482650	517138	568646	758576	819309	
G	291	2	11	12	13	20	21	22	23	27	28	29	30	31	32	33	34	35	36	37	38	39	40	
G	291	59390	80709	145696	145911	157510	168379	172911	191772	211616	223014	235922	260741	313585	313676	338524	386346	420630	483347	518102	569456	761391	822051	
G	292	2	10	11	12	13	18	19	20	21	22	23	25	26	27	28	29	30	31	32	33	34	35	36	37	38	39	40	
G	292	64660	65938	85328	148348	148550	148928	149355	160324	171885	175794	192509	193429	193722	212727	223583	236091	261083	314761	314840	337910	385703	419747	482442	516592	568202	759147	819721	
G	293	2	10	11	12	13	18	19	20	21	22	23	25	26	27	28	29	30	31	32	33	34	35	36	37	38	39	40	
G	293	71599	72963	93090	158862	159029	159388	159789	171231	182830	186807	203942	204967	205259	224351	235318	247827	273097	329445	329520	351355	399091	432307	494743	528894	578930	761882	818729	
G	294	2	10	11	12	13	18	19	20	21	22	23	25	26	27	28	29	30	31	32	33	34	35	36	37	38	39	40	
G	294	80520	81777	100316	164241	164379	164691	165086	175763	187137	190789	207120	208047	208291	227145	238060	250260	276291	335306	335379	354522	402394	435852	498265	532115	581805	764755	820805	
G	295	2	10	11	12	13	18	19	20	21	22	23	24	25	26	27	28	29	30	31	32	33	34	35	36	37	38	39	40	
G	295	91578	92549	108438	165638	165762	166039	166406	176494	187044	190404	206063	206064	206955	207212	224998	235389	246936	272218	334148	334207	349229	396859	430142	492216	526412	576947	761742	819102	
G	296	2	10	11	12	13	18	19	20	21	22	23	25	26	27	28	29	30	31	32	33	34	35	36	37	38	39	40	
G	296	106410	107235	120352	171764	171881	172136	172498	181599	191793	194879	209890	210743	210980	227920	237815	249151	274035	332685	332733	352073	398950	432180	493875	528298	578630	763038	819696	
G	297	2	10	11	12	13	18	19	20	21	22	23	25	26	27	28	29	30	31	32	33	34	35	36	37	38	39	40	
G	297	125699	126352	136480	181269	181339	181559	181872	190059	198995	201483	214574	215425	215635	231354	240952	251315	276397	339915	339965	353748	400917	434157	495785	529701	580116	764401	820941	
G	298	2	10	11	12	13	18	19	20	21	22	23	25	26	27	28	29	30	31	32	33	34	35	36	37	38	39	40	
G	298	153827	154457	160224	192897	192934	193209	193587	199335	206885	208469	218176	219493	219881	232959	241121	249550	274250	344033	344081	350463	397322	430745	492382	526240	576950	762927	819765	
G	299	2	10	11	12	13	18	19	20	21	22	23	25	26	27	28	29	30	31	32	33	34	35	36	37	38	39	40	
G	299	212221	212279	213661	225609	225616	225713	225862	229920	234656	235526	241901	242403	242529	253408	259812	264929	290763	349743	349785	365038	411609	444178	505507	538893	588080	766982	819863	
C	0	15	27	30	31	32	33	34	35	
C	0	11325	21180	24850	62161	76718	110294	122608	817755	
C	1	15	27	30	31	32	33	34	35	
C	1	8364	16526	21167	52291	68837	96090	113804	728573	
C	2	15	27	30	31	32	33	34	35	
C	2	8274	15252	20602	53212	72203	101182	122616	792943	
C	3	15	27	30	31	32	33	34	35	
C	3	7315	13514	18511	50655	68600	96808	118167	817357	
C	4	15	27	30	31	32	33	34	35	
C	4	5664	10811	14557	42053	57660	83327	102268	766245	
C	5	14	15	16	27	28	30	31	34	35	36	37	38	39	40	
C	5	717	1154	5532	17676	18041	22417	28061	56554	79200	119126	156265	221541	540508	815230	
C	6	14	15	16	27	28	30	31	34	35	36	37	38	39	40	
C	6	589	937	4621	10035	10409	14451	18839	35835	46247	73775	94260	137986	437790	777590	
C	7	14	15	16	27	28	30	31	34	35	36	37	38	39	40	
C	7	553	893	4158	8046	8418	12182	15763	29803	37907	60548	77120	119953	373856	803130	
C	8	14	15	16	27	28	30	31	34	35	36	37	38	39	40	
C	8	514	806	3735	7072	7371	10713	13852	25833	32535	51255	65447	105313	331714	809464	
C	9	14	15	16	27	28	30	31	34	35	36	37	38	39	40	
C	9	476	777	4057	7502	7835	11634	15050	27677	34176	53443	68087	111506	327900	806195	
C	10	14	15	16	27	28	30	31	34	35	36	37	38	39	40	
C	10	467	779	3853	7240	7548	10798	13930	25450	31752	49677	63674	105085	315021	806150	
C	11	14	15	16	27	28	30	31	34	35	36	37	38	39	40	
C	11	479	793	3922	7313	7632	11136	14312	26128	32424	50684	64817	107955	314170	811147	
C	12	14	15	16	27	28	30	31	34	35	36	37	38	39	40	
C	12	596	947	4767	8431	8817	13118	16646	29891	36326	56304	71139	118273	322289	804750	
C	13	14	15	16	27	28	30	31	34	35	36	37	38	39	40	
C	13	551	906	4354	8069	8410	12391	15826	28632	34985	54330	68831	114151	319661	802135	
C	14	14	15	16	27	28	30	31	34	35	36	37	38	39	40	
C	14	537	869	4121	7486	7830	11683	14989	27256	33198	51893	65763	110246	307338	809759	
C	15	14	15	16	27	28	30	31	34	35	36	37	38	39	40	
C	15	568	998	4796	8393	8806	13301	16832	30112	36463	56387	70921	118065	316392	807730	
C	16	14	15	16	27	28	30	31	34	35	36	37	38	39	40	
C	16	673	1066	5179	8883	9368	14275	17897	32041	38638	59528	74490	125312	326210	804556	
C	17	14	15	16	27	28	30	31	34	35	36	37	38	39	40	
C	17	568	922	4363	7799	8179	12312	15773	28594	34861	54444	68289	113689	317105	813467	
C	18	14	15	16	27	28	30	31	34	35	36	37	38	39	40	
C	18	553	961	4664	8221	8603	12871	16546	29337	35503	54954	68461	112500	311901	810015	
C	19	14	15	16	27	28	30	31	34	35	36	37	38	39	40	
C	19	654	1049	4992	8690	9147	13757	17695	31567	38177	58733	73204	121231	324041	808917	
C	20	14	15	16	27	28	30	31	34	35	36	37	38	39	40	
C	20	662	1090	4967	8748	9204	13864	17776	31800	38283	58830	72973	121090	327177	817350	
C	21	14	15	16	27	28	30	31	34	35	36	37	38	39	40	
C	21	638	1002	4680	8347	8733	12919	16585	29912	36329	56465	70579	117395	321371	813087	
C	22	14	15	16	27	28	30	31	34	35	36	37	38	39	40	
C	22	722	1185	5605	9440	9887	14988	19006	33392	39836	61220	75819	125188	327161	811329	
C	23	14	15	16	27	28	30	31	34	35	36	37	38	39	40	
C	23	711	1188	5197	9098	9623	14322	18139	32347	38970	60021	74856	125448	329106	815413	
C	24	14	15	16	27	28	30	31	34	35	36	37	38	39	40	
C	24	756	1204	5532	9340	9804	14518	18602	32641	39081	60044	74255	122154	325248	814858	
C	25	14	15	16	27	28	30	31	34	35	36	37	38	39	40	
C	25	787	1283	6084	10041	10543	15773	19911	34848	41529	63408	78193	128500	333162	813138	
C	26	14	15	16	27	28	30	31	34	35	36	37	38	39	40	
C	26	805	1318	6380	10493	11002	16392	20641	35554	42371	64650	79999	130705	336571	820408	
C	27	14	15	16	27	28	30	31	34	35	36	37	38	39	40	
C	27	867	1433	6948	11542	12091	17738	22376	38402	45480	68744	84553	136216	346188	814759	
C	28	14	15	16	27	28	30	31	34	35	36	37	38	39	40	
C	28	951	1536	7088	11744	12307	18294	22665	38682	45695	68818	84701	138234	347368	812142	
C	29	14	15	16	27	28	30	31	34	35	36	37	38	39	40	
C	29	892	1499	7295	11891	12501	18429	22976	39633	47064	70997	87502	142702	354435	818701	
C	30	14	15	16	27	28	30	31	34	35	36	37	38	39	40	
C	30	772	1356	6320	10660	11179	16481	20659	35989	43267	65784	81343	133004	345810	817424	
C	31	14	15	16	27	28	30	31	34	35	36	37	38	39	40	
C	31	879	1450	6693	10877	11443	16861	21142	36625	43726	66375	82062	134727	345688	814257	
C	32	14	15	16	27	28	30	31	34	35	36	37	38	39	40	
C	32	838	1376	6404	10662	11183	16409	20558	35691	42758	65117	80467	131770	343191	820662	
C	33	14	15	16	27	28	30	31	34	35	36	37	38	39	40	
C	33	759	1304	6258	10479	10992	16254	20359	35516	42521	65082	80342	131327	340597	818370	
C	34	14	15	16	27	28	30	31	34	35	36	37	38	39	40	
C	34	694	1146	5300	9269	9688	13920	17687	31040	37709	57653	71977	117645	326688	815540	
C	35	14	15	16	27	28	30	31	34	35	36	37	38	39	40	
C	35	713	1163	5444	9451	9873	14137	17840	31618	38401	59082	73637	119766	329982	821841	
C	36	14	15	16	27	28	30	31	34	35	36	37	38	39	40	
C	36	702	1157	5556	9749	10177	14851	18570	32670	39692	60927	75969	124266	336542	818247	
C	37	14	15	16	27	28	30	31	34	35	36	37	38	39	40	
C	37	766	1228	5898	10243	10746	15558	19515	34402	41638	63693	79203	129807	341623	815265	
C	38	14	15	16	27	28	30	31	34	35	36	37	38	39	40	
C	38	770	1291	6095	10385	10882	15836	19904	34815	42051	64130	79510	129427	341454	820740	
C	39	14	15	16	27	28	30	31	34	35	36	37	38	39	40	
C	39	892	1454	6747	11279	11851	17392	21714	37224	44472	67606	83658	136041	349271	819787	
C	40	14	15	16	27	28	30	31	34	35	36	37	38	39	40	
C	40	817	1330	5871	10269	10757	15591	19440	34335	41420	63148	78765	129857	341061	817963	
C	41	14	15	16	27	28	30	31	34	35	36	37	38	39	40	
C	41	718	1145	5315	9518	10018	14363	17970	31893	38942	59671	74753	123783	333390	821374	
C	42	14	15	16	27	28	30	31	34	35	36	37	38	39	40	
C	42	851	1356	6295	10709	11252	16559	20522	36139	43395	65982	81830	135163	344243	819734	
C	43	14	15	16	27	28	30	31	34	35	36	37	38	39	40	
C	43	941	1454	6306	10731	11271	16367	20360	35937	43197	65531	81484	134687	344889	816970	
C	44	14	15	16	27	28	30	31	34	35	36	37	38	39	40	
C	44	846	1362	6515	10957	11456	16686	20826	36393	43475	66011	81749	132638	345308	822861	
C	45	14	15	16	27	28	30	31	34	35	36	37	38	39	40	
C	45	947	1490	6816	11407	11953	17263	21399	36648	44120	66686	82440	132331	346668	818244	
C	46	14	15	16	27	28	30	31	34	35	36	37	38	39	40	
C	46	882	1449	6772	11363	11910	17305	21569	37492	45109	68082	84275	136691	351744	817013	
C	47	14	15	16	27	28	30	31	34	35	36	37	38	39	40	
C	47	866	1413	6328	10902	11413	16622	20572	35792	43147	65883	81612	133122	348211	822113	
C	48	14	15	16	27	28	30	31	34	35	36	37	38	39	40	
C	48	869	1369	6628	11342	11874	17026	21177	36817	44333	66894	82668	133289	350468	820718	
C	49	14	15	16	27	28	30	31	34	35	36	37	38	39	40	
C	49	946	1500	6780	11714	12231	17650	21908	38387	46421	70339	86957	140131	362916	818810	
C	50	14	15	16	27	28	30	31	34	35	36	37	38	39	40	
C	50	945	1527	7206	12393	12951	18854	23336	40871	49136	74399	92046	148723	375516	823115	
C	51	14	15	16	27	28	30	31	34	35	36	37	38	39	40	
C	51	965	1568	7382	12452	13058	19194	23622	41279	49749	74798	92535	149519	373927	818907	
C	52	14	15	16	27	28	30	31	34	35	36	37	38	39	40	
C	52	941	1562	7218	12218	12846	19058	23452	41005	49306	74433	92191	148907	371249	817334	
C	53	14	15	16	27	28	30	31	34	35	36	37	38	39	40	
C	53	926	1540	7060	11953	12511	18503	22935	40186	48407	73413	90825	145892	369874	823951	
C	54	14	15	16	27	28	30	31	34	35	36	37	38	39	40	
C	54	945	1549	7046	11962	12485	18254	22584	39617	47948	72718	90240	144769	370457	820032	
C	55	14	15	16	27	28	30	31	34	35	36	37	38	39	40	
C	55	1029	1693	7965	13213	13879	20335	24973	43134	51844	77964	96447	154401	382802	818700	
C	56	14	15	16	27	28	30	31	34	35	36	37	38	39	40	
C	56	1068	1762	8118	13461	14167	20915	25544	44743	53731	80906	99707	160052	389153	821078	
C	57	14	15	16	27	28	30	31	34	35	36	37	38	39	40	
C	57	1006	1697	8124	13899	14588	21356	26090	44963	53935	81165	100306	157868	392030	821370	
C	58	14	15	16	27	28	30	31	34	35	36	37	38	39	40	
C	58	1010	1628	7576	12748	13346	19368	24087	41693	50142	75452	93124	145400	377398	818039	
C	59	14	15	16	27	28	30	31	34	35	36	37	38	39	40	
C	59	1082	1726	8172	13430	14060	20140	25012	42611	50878	76223	93681	145851	375319	824105	
C	60	14	15	16	27	28	30	31	34	35	36	37	38	39	40	
C	60	1049	1705	7907	13159	13744	19653	24471	41888	50309	75597	93077	145105	373177	821795	
C	61	14	15	16	27	28	30	31	34	35	36	37	38	39	40	
C	61	1115	1799	8457	14022	14646	20893	25756	43531	52165	78165	96098	148205	378821	818663	
C	62	14	15	16	27	28	30	31	34	35	36	37	38	39	40	
C	62	1161	1840	8566	14168	14815	21293	26204	44339	52978	79383	96950	148465	379136	822263	
C	63	14	15	16	27	28	30	31	34	35	36	37	38	39	40	
C	63	1040	1713	7583	12935	13442	18973	23635	40223	48558	73137	90185	138967	369090	822028	
C	64	14	15	16	27	28	30	31	34	35	36	37	38	39	40	
C	64	967	1558	7310	12414	12902	18383	22876	39036	47049	71284	87607	134817	361898	819832	
C	65	14	15	16	27	28	30	31	34	35	36	37	38	39	40	
C	65	986	1558	7264	12532	13066	18284	22721	38794	46973	71215	87972	135345	363901	822251	
C	66	14	15	16	27	28	30	31	34	35	36	37	38	39	40	
C	66	966	1564	7231	12283	12800	18157	22588	38770	46763	70579	87372	134899	358931	820330	
C	67	14	15	16	27	28	30	31	34	35	36	37	38	39	40	
C	67	1000	1606	7232	12646	13182	18941	23349	40512	49050	74591	92178	143495	373609	818179	
C	68	14	15	16	27	28	30	31	34	35	36	37	38	39	40	
C	68	1022	1704	7796	13391	13974	19962	24678	42039	50472	76187	94100	145743	377362	823841	
C	69	14	15	16	27	28	30	31	34	35	36	37	38	39	40	
C	69	980	1636	7455	12742	13284	19214	23806	40910	49437	74589	91942	142512	372508	823079	
C	70	14	15	16	27	28	30	31	34	35	36	37	38	39	40	
C	70	1175	1923	8772	14303	14965	21639	26610	45171	53871	80693	98726	152060	380377	818711	
C	71	14	15	16	27	28	30	31	34	35	36	37	38	39	40	
C	71	1197	1984	9172	15251	15958	22821	27946	46495	55709	82546	101493	156960	389426	822972	
C	72	14	15	16	27	28	30	31	34	35	36	37	38	39	40	
C	72	1198	1956	8959	14737	15374	22134	27087	45755	54732	82289	101009	155011	388674	820166	
C	73	14	15	16	27	28	30	31	34	35	36	37	38	39	40	
C	73	1342	2210	10238	16585	17371	25149	30758	51200	60611	89819	109517	167349	398893	818680	
C	74	14	15	16	27	28	30	31	34	35	36	37	38	39	40	
C	74	1316	2230	10628	17265	18037	25909	31652	52680	62626	92654	113037	170996	406781	823440	
C	75	14	15	16	27	28	30	31	34	35	36	37	38	39	40	
C	75	1377	2218	10329	16635	17405	24830	30324	50746	60308	89246	108747	164357	399532	820375	
C	76	14	15	16	27	28	30	31	34	35	36	37	38	39	40	
C	76	1295	2161	10552	17067	17846	25737	31281	51979	61586	91072	111123	168720	404253	818272	
C	77	14	15	16	27	28	30	31	34	35	36	37	38	39	40	
C	77	1435	2288	10725	17322	18130	25779	31412	52336	61977	92028	112267	170044	409005	821373	
C	78	14	15	16	27	28	30	31	34	35	36	37	38	39	40	
C	78	1511	2461	11365	18255	19075	27129	32756	54266	64035	94201	114675	173204	410729	820283	
C	79	14	15	16	27	28	30	31	34	35	36	37	38	39	40	
C	79	1444	2339	10869	17552	18374	26494	32172	53563	63459	93565	114189	173726	411075	818587	
C	80	14	15	16	27	28	30	31	34	35	36	37	38	39	40	
C	80	1304	2150	10273	16957	17664	25142	30720	51201	61128	90549	110782	167376	407406	822791	
C	81	14	15	16	27	28	30	31	34	35	36	37	38	39	40	
C	81	1322	2187	9883	16210	16921	23941	29333	49201	58889	87145	106249	161213	399471	821279	
C	82	14	15	16	27	28	30	31	34	35	36	37	38	39	40	
C	82	1251	2096	9633	16101	16816	23983	29151	48852	58282	86390	105605	160903	396013	817909	
C	83	14	15	16	27	28	30	31	34	35	36	37	38	39	40	
C	83	1300	2157	9680	16256	17014	24172	29407	49987	59839	88761	108535	165934	400714	822203	
C	84	14	15	16	27	28	30	31	34	35	36	37	38	39	40	
C	84	1169	1928	8824	15190	15846	22149	27193	46518	56289	84108	103193	156403	395780	821559	
C	85	14	15	16	27	28	30	31	34	35	36	37	38	39	40	
C	85	1275	2074	9338	15663	16384	22944	28129	47865	57785	86062	105473	159340	399379	818230	
C	86	14	15	16	27	28	30	31	34	35	36	37	38	39	40	
C	86	1288	2097	9362	15679	16394	23198	28356	48394	58130	86657	106024	160132	400981	822413	
C	87	14	15	16	27	28	30	31	34	35	36	37	38	39	40	
C	87	1281	2052	9344	15783	16522	23479	28748	48621	58615	86961	106582	160631	402111	820407	
C	88	14	15	16	27	28	30	31	34	35	36	37	38	39	40	
C	88	1349	2149	9759	16498	17261	24808	30211	51335	61636	91359	111886	168949	409650	818241	
C	89	14	15	16	27	28	30	31	34	35	36	37	38	39	40	
C	89	1477	2321	10597	17482	18397	26456	32169	54373	64767	95951	117062	175659	420677	824879	
C	90	14	15	16	27	28	30	31	34	35	36	37	38	39	40	
C	90	1454	2391	10664	17790	18702	26799	32565	55069	65961	97795	119362	178766	425891	821230	
C	91	14	15	16	27	28	30	31	34	35	36	37	38	39	40	
C	91	1478	2393	11062	18128	19033	27255	33106	55583	66477	98078	119338	177024	424519	817248	
C	92	14	15	16	27	28	30	31	34	35	36	37	38	39	40	
C	92	1725	2775	12946	20588	21543	30751	37104	60711	72096	105204	127193	187269	433967	821323	
C	93	14	15	16	27	28	30	31	34	35	36	37	38	39	40	
C	93	1681	2826	13024	20532	21461	30456	37059	60386	71517	104395	126130	184984	433112	820797	
C	94	14	15	16	27	28	30	31	34	35	36	37	38	39	40	
C	94	1754	2934	13084	20754	21663	30276	36985	59931	71263	103932	125651	183584	432377	819146	
C	95	14	15	16	27	28	30	31	34	35	36	37	38	39	40	
C	95	1713	2749	12637	20379	21284	29745	36127	59220	70503	102898	124330	182726	431410	823127	
C	96	14	15	16	27	28	30	31	34	35	36	37	38	39	40	
C	96	1705	2748	12310	19864	20786	28849	35068	57776	69334	101499	123044	179599	429149	822041	
C	97	14	15	16	27	28	30	31	34	35	36	37	38	39	40	
C	97	1692	2706	12230	19902	20775	28640	34935	57508	69059	100648	122099	178945	428204	818837	
C	98	14	15	16	27	28	30	31	34	35	36	37	38	39	40	
C	98	1602	2569	11389	19155	20001	27276	33286	55113	66320	97194	118409	173716	425936	823366	
C	99	14	15	16	27	28	30	31	34	35	36	37	38	39	40	
C	99	1639	2576	11555	19010	19857	27249	33217	54470	65698	95941	116582	170983	420487	820058	
C	100	14	15	16	27	28	30	31	34	35	36	37	38	39	40	
C	100	1569	2563	11478	19313	20180	27727	33699	55842	67281	98405	119443	175352	424464	816980	
C	101	14	15	16	27	28	30	31	34	35	36	37	38	39	40	
C	101	2044	3297	13051	45131	46912	53920	66149	135657	207022	282178	372829	488995	769381	822960	
C	102	14	15	16	27	28	30	31	34	35	36	37	38	39	40	
C	102	1444	2288	10252	20832	21771	29119	37424	69380	90721	144164	181977	247074	677629	820727	
C	103	14	15	16	27	28	30	31	34	35	36	37	38	39	40	
C	103	1202	1961	8885	16476	17233	23938	29800	52084	66276	102486	128050	178469	526182	817951	
C	104	14	15	16	27	28	30	31	34	35	36	37	38	39	40	
C	104	1198	1888	8501	14964	15675	22099	27498	47900	59351	90840	112590	164334	450321	821830	
C	105	14	15	16	27	28	30	31	34	35	36	37	38	39	40	
C	105	1096	1835	8223	13986	14648	20704	25367	43724	53760	81286	100915	153174	408475	820976	
C	106	14	15	16	27	28	30	31	34	35	36	37	38	39	40	
C	106	1090	1775	8321	14081	14826	20870	25729	43478	52952	79882	98541	150584	391206	818967	
C	107	14	15	16	27	28	30	31	34	35	36	37	38	39	40	
C	107	1137	1936	8774	14556	15274	21660	26428	44157	53695	80225	98724	152142	385743	822012	
C	108	14	15	16	27	28	30	31	34	35	36	37	38	39	40	
C	108	1113	1832	8316	14089	14712	20442	25182	41932	51627	77297	95287	146894	381330	821171	
C	109	14	15	16	27	28	30	31	34	35	36	37	38	39	40	
C	109	1079	1771	7923	13530	14151	19371	23738	39960	49309	73982	91663	141245	372605	818776	
C	110	14	15	16	27	28	30	31	34	35	36	37	38	39	40	
C	110	1085	1787	8336	14150	14800	20256	24712	41224	50806	75935	94136	145661	379165	823963	
C	111	14	15	16	27	28	30	31	34	35	36	37	38	39	40	
C	111	1115	1824	8274	13777	14447	19880	24446	40861	50200	75122	92602	143511	373775	820260	
C	112	14	15	16	27	28	30	31	34	35	36	37	38	39	40	
C	112	1165	1844	8586	14396	15148	20954	25548	42189	51712	76814	94514	145109	373533	818421	
C	113	14	15	16	27	28	30	31	34	35	36	37	38	39	40	
C	113	1197	1939	8878	14629	15330	21220	26097	43305	53204	78859	96975	148399	378272	821176	
C	114	14	15	16	27	28	30	31	34	35	36	37	38	39	40	
C	114	1251	2006	9358	15257	16020	22109	27200	44587	54467	81114	99210	151586	382798	819919	
C	115	14	15	16	27	28	30	31	34	35	36	37	38	39	40	
C	115	1207	2014	9359	15452	16230	22547	27637	45227	55377	82096	100809	153588	387960	818705	
C	116	14	15	16	27	28	30	31	34	35	36	37	38	39	40	
C	116	1311	2150	9684	15852	16681	23085	28159	46180	56373	83737	102467	156134	390807	822193	
C	117	14	15	16	27	28	30	31	34	35	36	37	38	39	40	
C	117	1320	2158	10021	16277	17184	23935	29101	47665	58135	86649	105875	162126	395135	820923	
C	118	14	15	16	27	28	30	31	34	35	36	37	38	39	40	
C	118	1375	2223	10137	16367	17248	24266	29615	48682	59348	88286	107656	163615	398992	819545	
C	119	14	15	16	27	28	30	31	34	35	36	37	38	39	40	
C	119	1305	2179	10302	16696	17607	24450	29802	48374	58910	87314	106638	161934	399833	824431	
C	120	14	15	16	27	28	30	31	34	35	36	37	38	39	40	
C	120	1320	2180	10253	16601	17542	24530	29896	48341	58945	87724	107340	162283	400417	819717	
C	121	14	15	16	27	28	30	31	34	35	36	37	38	39	40	
C	121	1345	2188	10140	16723	17744	24582	29950	48806	59848	88396	108133	163804	402248	818789	
C	122	14	15	16	27	28	30	31	34	35	36	37	38	39	40	
C	122	1263	2103	9665	15976	16885	23811	28931	47674	58459	87031	106931	163371	401700	823205	
C	123	14	15	16	27	28	30	31	34	35	36	37	38	39	40	
C	123	1357	2195	9855	16149	17161	24177	29362	48428	59271	88234	108251	166086	401452	819494	
C	124	14	15	16	27	28	30	31	34	35	36	37	38	39	40	
C	124	1348	2206	10236	16567	17585	25024	30301	49556	60739	90388	110374	167411	406160	818724	
C	125	14	15	16	27	28	30	31	34	35	36	37	38	39	40	
C	125	1380	2294	10325	16840	17871	25141	30671	49602	61009	91009	110955	167119	409990	825297	
C	126	14	15	16	27	28	30	31	34	35	36	37	38	39	40	
C	126	1319	2171	9832	16104	17079	24020	29357	47873	59119	87881	107256	161842	402972	821437	
C	127	14	15	16	27	28	30	31	34	35	36	37	38	39	40	
C	127	1351	2170	9892	16175	17099	23979	29335	47849	59356	88156	107521	161616	402958	820335	
C	128	14	15	16	27	28	30	31	34	35	36	37	38	39	40	
C	128	1413	2260	10363	16978	18060	25204	30737	49950	61838	91274	111376	167368	410068	824168	
C	129	14	15	16	27	28	30	31	34	35	36	37	38	39	40	
C	129	1484	2375	10431	17201	18210	25197	30670	49910	62132	92200	112533	168299	412527	821319	
C	130	14	15	16	27	28	30	31	34	35	36	37	38	39	40	
C	130	1511	2581	10589	17456	18540	25865	31502	50687	62816	93027	113206	168884	414318	818829	
C	131	14	15	16	27	28	30	31	34	35	36	37	38	39	40	
C	131	1595	2511	11053	17910	18982	26542	32132	51811	64412	95008	115835	171016	418117	822812	
C	132	14	15	16	27	28	30	31	34	35	36	37	38	39	40	
C	132	1425	2304	10343	17183	18250	25347	31022	49961	62306	92523	112923	167214	414742	820881	
C	133	14	15	16	27	28	30	31	34	35	36	37	38	39	40	
C	133	1513	2640	11032	17878	18937	26319	31939	51543	64047	94503	114892	170680	415927	818219	
C	134	14	15	16	27	28	30	31	34	35	36	37	38	39	40	
C	134	1573	2751	11355	18364	19471	27210	32894	53151	66097	97260	118587	176072	423182	822044	
C	135	14	15	16	27	28	30	31	34	35	36	37	38	39	40	
C	135	1531	2462	10950	17945	19103	26659	32390	52269	64764	95829	116822	173919	418129	819256	
C	136	14	15	16	27	28	30	31	34	35	36	37	38	39	40	
C	136	1486	2664	10870	17827	18949	26460	32136	51640	64529	95297	116010	171809	418133	818995	
C	137	14	15	16	27	28	30	31	34	35	36	37	38	39	40	
C	137	1540	2870	11301	18578	19749	27465	33339	53613	66853	98564	120096	177906	426526	823908	
C	138	14	15	16	27	28	30	31	34	35	36	37	38	39	40	
C	138	1632	2862	11537	18712	19934	28011	33719	54363	67521	99206	120608	179010	426078	819641	
C	139	14	15	16	27	28	30	31	34	35	36	37	38	39	40	
C	139	1539	3411	11264	18298	19493	27150	32791	52923	65981	97480	118636	175342	423656	819298	
C	140	14	15	16	27	28	30	31	34	35	36	37	38	39	40	
C	140	1415	2966	10701	17559	18751	26187	31837	50869	64028	95016	115613	170049	419002	821450	
C	141	14	15	16	27	28	30	31	34	35	36	37	38	39	40	
C	141	1486	3760	10882	17840	19012	26358	32179	51383	64577	95530	116124	170657	419400	820590	
C	142	14	15	16	27	28	30	31	34	35	36	37	38	39	40	
C	142	1539	3386	10815	17784	18955	26437	32265	51880	65194	96270	117082	172755	419982	818044	
C	143	14	15	16	27	28	30	31	34	35	36	37	38	39	40	
C	143	1654	3741	11580	18781	19992	28058	33902	54331	68405	100973	122613	179113	431351	821767	
C	144	14	15	16	27	28	30	31	34	35	36	37	38	39	40	
C	144	1601	4508	11530	18964	20279	28276	34293	54997	69430	102260	124032	180762	435292	820015	
C	145	14	15	16	27	28	30	31	34	35	36	37	38	39	40	
C	145	1624	5816	11605	18803	20033	27775	33754	53567	67638	99907	121471	175224	429925	817895	
C	146	14	15	16	27	28	30	31	34	35	36	37	38	39	40	
C	146	1554	5389	11416	18863	20166	28281	34221	54497	68901	101454	122819	177797	432041	821949	
C	147	14	15	16	27	28	30	31	34	35	36	37	38	39	40	
C	147	1677	6125	12207	19808	21105	29179	35469	56271	70712	104181	126200	181782	437840	820843	
C	148	14	15	16	27	28	30	31	34	35	36	37	38	39	40	
C	148	1689	6481	12339	19871	21292	29688	35843	56521	71444	105346	127485	182668	438740	817394	
C	149	14	15	16	27	28	30	31	34	35	36	37	38	39	40	
C	149	1758	7563	12622	20211	21593	30335	36690	57482	72328	106407	128507	184260	441792	822039	
C	150	14	15	16	27	28	30	31	34	35	36	37	38	39	40	
C	150	1802	6281	12886	20630	22090	30476	37179	58271	73471	107888	130312	185073	445958	821471	
C	151	2	14	15	16	27	28	30	31	34	35	36	37	38	39	40	
C	151	19	1782	7220	13257	21509	23001	31778	38499	59936	75759	111213	134385	189912	450744	819589	
C	152	2	14	15	16	27	28	30	31	34	35	36	37	38	39	40	
C	152	42	1894	8166	13743	21956	23510	32770	39745	62273	79038	115894	139173	195640	459846	822455	
C	153	2	14	15	16	27	28	30	31	34	35	36	37	38	39	40	
C	153	64	1994	7568	13855	22306	23948	33311	40238	62787	79535	116686	140507	197529	461783	820180	
C	154	2	14	15	16	27	28	30	31	34	35	36	37	38	39	40	
C	154	103	2077	7848	14442	22996	24609	34314	41396	64396	81590	118683	142848	200013	465244	818606	
C	155	2	14	15	16	27	28	30	31	34	35	36	37	38	39	40	
C	155	125	2055	9409	14693	23165	24835	34466	41668	64384	81167	118332	142174	198939	463146	820881	
C	156	2	14	15	16	27	28	30	31	34	35	36	37	38	39	40	
C	156	150	2021	11037	14167	22665	24406	33910	40949	63529	80555	117810	141980	198867	464031	819334	
C	157	2	14	15	16	27	28	30	31	34	35	36	37	38	39	40	
C	157	186	2129	9910	14185	22669	24385	33793	40649	63009	80390	117645	141890	198944	464652	819434	
C	158	2	14	15	16	27	28	30	31	34	35	36	37	38	39	40	
C	158	211	2143	12008	14415	22945	24709	34436	41480	64135	81713	119410	143930	201373	468505	822407	
C	159	2	14	15	16	27	28	30	31	34	35	36	37	38	39	40	
C	159	260	2227	11313	14463	23221	25079	34738	41926	64539	82457	120617	145479	203477	472048	821058	
C	160	2	14	15	16	27	28	30	31	34	35	36	37	38	39	40	
C	160	296	2312	10875	14943	23864	25654	35042	42419	65020	82966	121101	145784	201729	471834	819305	
C	161	2	14	15	16	27	28	30	31	34	35	36	37	38	39	40	
C	161	344	2312	12247	14776	23723	25479	34846	42213	64682	83312	121519	146119	202550	474784	822236	
C	162	2	14	15	16	27	28	30	31	34	35	36	37	38	39	40	
C	162	383	2349	12503	14420	23149	25001	34141	41217	63708	82270	120176	144961	201487	474764	821701	
C	163	2	14	15	16	27	28	30	31	34	35	36	37	38	39	40	
C	163	380	2305	12900	14605	23339	25254	34358	41497	63559	81873	119699	144405	201448	473544	821218	
C	164	2	14	15	16	27	28	30	31	34	35	36	37	38	39	40	
C	164	451	2338	12687	14280	22903	24855	33608	40587	62293	80697	117496	141914	198329	469305	820975	
C	165	2	14	15	16	27	28	30	31	34	35	36	37	38	39	40	
C	165	488	2365	13058	14085	22896	24935	33748	40933	62641	81896	119620	144928	200657	475057	821484	
C	166	2	14	15	16	25	26	27	28	30	31	34	35	36	37	38	39	40	
C	166	576	3060	13351	14270	14500	14529	23087	25138	34046	41300	63509	82774	120628	145638	201994	475716	819274	
C	167	2	14	15	16	25	26	27	28	30	31	34	35	36	37	38	39	40	
C	167	603	3147	13582	14415	14666	14698	23200	25303	34319	41555	63360	82937	120856	145783	202662	477601	821130	
C	168	2	14	15	16	25	26	27	28	30	31	34	35	36	37	38	39	40	
C	168	659	3798	13942	14717	15129	15183	23802	26052	35097	42099	64495	84401	122743	148230	205469	480353	819048	
C	169	2	14	15	16	25	26	27	28	30	31	34	35	36	37	38	39	40	
C	169	684	3430	14300	14997	15239	15263	23850	26164	35488	42582	65214	85167	123953	149937	208347	482005	820923	
C	170	2	14	15	16	25	26	27	28	30	31	34	35	36	37	38	39	40	
C	170	786	3977	14599	15249	15646	15681	24237	26472	36334	43805	66470	86872	126381	152089	210225	484548	822683	
C	171	2	14	15	16	25	26	27	28	30	31	34	35	36	37	38	39	40	
C	171	792	4147	15027	15562	15984	16040	24754	27062	37109	44662	67809	88538	128724	154571	213197	486956	821402	
C	172	2	14	15	16	25	26	27	28	30	31	34	35	36	37	38	39	40	
C	172	911	5404	15454	15962	16767	16852	25070	27392	37591	45266	68773	89704	130145	156322	215464	489525	818679	
C	173	2	12	13	14	15	16	23	25	26	27	28	30	31	32	33	34	35	36	37	38	39	40	
C	173	954	1097	1459	7011	17132	17652	17841	18786	18949	27062	29519	41004	49065	49309	49625	74265	94827	137149	163869	224075	497355	823553	
C	174	2	14	15	16	25	26	27	28	30	31	34	35	36	37	38	39	40	
C	174	1052	7428	17586	18031	19174	19278	27613	30343	41885	50115	74828	96521	139129	166338	226530	500900	820180	
C	175	2	12	13	14	15	16	23	25	26	27	28	30	31	32	33	34	35	36	37	38	39	40	
C	175	1207	1372	1755	8755	17855	18239	18448	19875	20082	28282	30966	42945	51497	51764	52100	77865	99699	143707	171354	231877	507304	819177	
C	176	2	14	15	16	25	26	27	28	30	31	34	35	36	37	38	39	40	
C	176	1208	7817	18745	19110	20408	20534	29453	32319	44521	53082	78482	101890	146166	174269	235176	512302	823040	
C	177	2	14	15	16	25	26	27	28	30	31	34	35	36	37	38	39	40	
C	177	1342	11201	19274	19596	21823	22070	29919	32886	45062	53934	79642	103827	148598	176769	237233	515923	820359	
C	178	2	14	15	16	25	26	27	28	30	31	34	35	36	37	38	39	40	
C	178	1385	12034	19750	20035	22551	22801	30538	33585	46061	55081	80749	104939	150309	178676	239220	516814	819996	
C	179	2	12	13	14	15	16	23	25	26	27	28	30	31	32	33	34	35	36	37	38	39	40	
C	179	1525	1695	2169	12753	19533	19784	20042	22605	22932	30259	33177	45527	54457	54753	55171	80565	104296	149898	178159	238364	520878	822813	
C	180	2	14	15	16	25	26	27	28	30	31	34	35	36	37	38	39	40	
C	180	1605	9480	20108	20326	22025	22166	30869	34077	46368	55369	80830	105339	150684	179260	238889	519250	819863	
C	181	2	12	13	14	15	16	23	25	26	27	28	30	31	32	33	34	35	36	37	38	39	40	
C	181	1649	1838	2312	12436	20781	20977	21198	23616	23926	31628	34676	47397	56667	57010	57413	83196	107341	153348	182311	242220	521395	816610	
C	182	2	12	13	14	15	16	23	25	26	27	28	30	31	32	33	34	35	36	37	38	39	40	
C	182	1807	1988	2477	11672	19639	19782	20049	22411	22735	30194	33202	45309	54276	54598	55037	80042	104486	149692	177674	237523	519903	822723	
C	183	2	12	13	14	15	16	23	25	26	27	28	30	31	32	33	34	35	36	37	38	39	40	
C	183	1844	2100	2939	13434	19015	19136	19543	22435	22852	29312	32311	44328	53285	53817	54435	78765	102273	146784	175426	235286	517567	821216	
C	184	2	12	13	14	15	16	23	25	26	27	28	30	31	32	33	34	35	36	37	38	39	40	
C	184	1953	2214	2977	15933	19448	19591	19981	23598	24060	29789	32688	44562	53411	53966	54576	78874	102734	147383	175825	235077	518324	820082	
C	185	2	12	13	14	15	16	23	25	26	27	28	30	31	32	33	34	35	36	37	38	39	40	
C	185	2134	2292	2770	13288	19508	19597	19830	22702	23056	29637	32718	44161	53010	53325	53755	77290	101329	145421	173497	232940	513731	822878	
C	186	2	12	13	14	15	16	23	25	26	27	28	30	31	32	33	34	35	36	37	38	39	40	
C	186	2256	2432	2909	15027	19839	19924	20165	23643	24082	30095	33225	45209	54302	54679	55126	79058	103833	149289	177769	237513	520139	821578	
C	187	2	12	13	14	15	16	23	25	26	27	28	30	31	32	33	34	35	36	37	38	39	40	
C	187	2292	2887	4747	17449	20136	20200	21104	25044	25723	30965	33766	46033	55172	56389	57785	81804	104753	150244	178690	238068	521144	819943	
C	188	2	12	13	14	15	16	23	25	26	27	28	30	31	32	33	34	35	36	37	38	39	40	
C	188	2433	3279	6329	18331	19375	19419	20693	24787	25651	30154	32633	44961	53887	55774	58015	81256	102619	147897	176122	235591	522450	822237	
C	189	2	12	13	14	15	16	23	25	26	27	28	30	31	32	33	34	35	36	37	38	39	40	
C	189	2514	3325	6051	16466	19691	19735	21028	24541	25323	30577	33219	45498	54412	56173	58154	81254	103091	148271	176205	235157	519465	821367	
C	190	2	12	13	14	15	16	23	25	26	27	28	30	31	32	33	34	35	36	37	38	39	40	
C	190	2649	3231	5203	17206	21320	21355	22271	26123	26847	32547	35654	48497	57951	59201	60684	84959	109456	156056	185114	245211	528322	819026	
C	191	2	12	13	14	15	16	23	25	26	27	28	30	31	32	33	34	35	36	37	38	39	40	
C	191	2736	2951	3517	15309	21886	21912	22228	25649	26128	32844	36528	49154	59008	59445	60050	84605	111820	159615	189361	249707	535141	821979	
C	192	2	12	13	14	15	16	23	25	26	27	28	30	31	32	33	34	35	36	37	38	39	40	
C	192	2882	3469	5310	17202	21143	21176	22042	25990	26784	32619	35815	48683	58112	59401	60875	85133	110451	157113	186548	247236	532959	820480	
C	193	2	12	13	14	15	16	23	25	26	27	28	30	31	32	33	34	35	36	37	38	39	40	
C	193	2966	3779	6529	19067	20656	20668	21940	26470	27361	31665	34519	47159	56347	58193	60360	83433	106998	153203	181923	240967	528044	820266	
C	194	2	12	13	14	15	16	23	25	26	27	28	30	31	32	33	34	35	36	37	38	39	40	
C	194	3097	3654	5576	19712	21375	21392	22268	27026	27854	32342	35462	48364	57783	59086	60607	84148	109601	155963	185000	245141	530883	823091	
C	195	2	12	13	14	15	16	23	25	26	27	28	30	31	32	33	34	35	36	37	38	39	40	
C	195	3166	3763	6120	19873	22260	22273	23268	28090	28972	33737	37099	50386	60055	61386	62885	86560	112787	159941	189367	250001	535024	820962	
C	196	2	12	13	14	15	16	23	25	26	27	28	30	31	32	33	34	35	36	37	38	39	40	
C	196	3259	4210	7497	19840	23197	23211	24619	29102	30117	35398	38529	52524	62423	64547	67058	91360	116327	165069	195253	256227	542999	820259	
C	197	2	12	13	14	15	16	23	25	26	27	28	30	31	32	33	34	35	36	37	38	39	40	
C	197	3254	4357	8688	20910	23586	23593	25433	30000	31182	36199	39319	53892	64007	66504	69507	94031	118597	168175	198158	259222	544942	821984	
C	198	2	12	13	14	15	16	23	25	26	27	28	30	31	32	33	34	35	36	37	38	39	40	
C	198	3433	4560	8346	22048	23852	23862	25624	30735	31984	36473	39578	54191	64446	66923	69875	94253	118844	167611	197516	258719	544004	820761	
C	199	2	12	13	14	15	16	23	25	26	27	28	30	31	32	33	34	35	36	37	38	39	40	
C	199	3580	5325	11616	23454	23537	23540	26241	31393	32919	36277	38725	53829	63814	67758	72407	96029	116641	166053	195545	255381	541960	819397	
C	200	2	12	13	14	15	16	23	25	26	27	28	30	31	32	33	34	35	36	37	38	39	40	
C	200	3645	5497	12484	24810	24883	24889	27753	33043	34580	37929	40432	55800	66300	70497	75196	98959	119693	169711	199663	259506	544556	821620	
C	201	2	12	13	14	15	16	23	25	26	27	28	30	31	32	33	34	35	36	37	38	39	40	
C	201	3741	5150	10513	25207	26159	26160	28458	34358	35850	39733	42762	58285	69426	72779	76459	101344	126656	178408	209901	271238	556502	821885	
C	202	2	12	13	14	15	16	23	25	26	27	28	30	31	32	33	34	35	36	37	38	39	40	
C	202	3724	5836	14457	25185	26150	26155	29784	35008	36982	40725	43137	59926	71137	76362	82687	107324	127557	180145	211436	272396	559467	817738	
C	203	2	12	13	14	15	16	23	25	26	27	28	30	31	32	33	34	35	36	37	38	39	40	
C	203	3856	5696	12165	26034	26969	26970	29872	35621	37368	41118	43934	60095	71420	75659	80669	105610	129523	182053	214026	275902	564799	824682	
C	204	2	12	13	14	15	16	23	25	26	27	28	30	31	32	33	34	35	36	37	38	39	40	
C	204	3990	6200	14862	26992	27042	27046	30839	36697	38735	42002	44478	61218	72667	78396	84767	109532	130308	183736	215769	277427	565564	821834	
C	205	2	12	13	14	15	23	25	26	27	28	30	31	32	33	34	35	36	37	38	39	40	
C	205	4163	6435	15267	26517	26560	30466	36113	38267	41455	43781	60522	71616	77561	84621	108770	128327	180314	212091	273488	560365	819549	
C	206	2	12	13	14	15	16	23	25	26	27	28	30	31	32	33	34	35	36	37	38	39	40	
C	206	4198	6290	14871	27364	27404	27407	31022	37277	39365	42591	45168	62073	73477	78890	85410	110148	132488	185953	218497	280853	569278	822458	
C	207	2	12	13	14	15	16	23	25	26	27	28	30	31	32	33	34	35	36	37	38	39	40	
C	207	4429	6105	12553	28238	28267	28268	31138	38056	40102	43261	46493	62848	74691	78993	84279	109207	134657	189149	222089	284186	572304	820759	
C	208	2	12	13	14	15	16	23	25	26	27	28	30	31	32	33	34	35	36	37	38	39	40	
C	208	4441	7219	17690	28181	28198	28199	32785	38728	41389	44424	46558	64372	75952	83126	91883	116542	135122	189258	222150	284934	572845	819489	
C	209	2	12	13	14	15	16	22	23	24	25	26	27	28	30	31	32	33	34	35	36	37	38	39	40	
C	209	4597	7756	20360	27904	27929	27930	28485	33537	33836	38758	41605	44765	46469	65204	76654	84921	95288	119700	134669	188643	221434	284248	573614	823096	
C	210	2	12	13	14	15	23	25	26	27	28	30	31	32	33	34	35	36	37	38	39	40	
C	210	4669	7802	20675	29235	29250	34522	40162	42898	46034	47986	67210	78970	87138	97149	122296	138707	193831	226574	289395	576860	822218	
C	211	2	12	13	14	15	22	23	24	25	26	27	28	30	31	32	33	34	35	36	37	38	39	40	
C	211	4818	8527	23592	29082	29094	29686	35324	35623	40198	43088	46079	47508	67051	78654	88243	99817	124754	137500	192285	225201	288664	575281	818585	
C	212	2	12	13	14	15	22	23	24	25	26	27	28	30	31	32	33	34	35	36	37	38	39	40	
C	212	4969	8674	25226	29638	29645	30233	36053	36341	40929	43772	46850	48300	68025	79911	89598	100845	126000	138910	194103	226564	288563	576543	822128	
C	213	2	12	13	14	15	22	23	24	25	26	27	28	30	31	32	33	34	35	36	37	38	39	40	
C	213	4980	8964	26539	30406	30416	31016	36861	37149	41676	44446	47541	49105	69214	81380	91223	102398	127510	140466	196959	229425	291599	579545	819620	
C	214	2	12	13	14	15	23	25	26	27	28	30	31	32	33	34	35	36	37	38	39	40	
C	214	5094	8773	23979	33432	33434	39352	45331	48041	51459	53522	74479	87385	96378	106680	132763	149648	207380	240671	303326	586531	817699	
C	215	2	12	13	14	15	22	23	24	25	26	27	28	30	31	32	33	34	35	36	37	38	39	40	
C	215	5163	9462	28391	33083	33089	33768	40208	40559	45698	48817	52100	53711	75176	88016	98797	111176	136931	150311	209024	242487	305241	592891	822077	
C	216	2	12	13	14	15	22	23	24	25	26	27	28	30	31	32	33	34	35	36	37	38	39	40	
C	216	5201	9427	29243	33181	33187	33858	40244	40565	45685	48805	51947	53511	75249	88131	98768	111098	136761	149678	207348	240834	303926	590494	819094	
C	217	2	12	13	14	15	22	23	24	25	26	27	28	30	31	32	33	34	35	36	37	38	39	40	
C	217	5301	9766	32138	34826	34830	35550	42201	42578	47681	50825	53998	55710	78433	91839	103105	115856	142277	155546	215295	249723	312894	597876	818824	
C	218	2	12	13	14	15	22	23	24	25	26	27	28	30	31	32	33	34	35	36	37	38	39	40	
C	218	5448	9703	30171	33716	33720	34430	40836	41190	46075	49296	52337	53918	75652	88836	99791	112223	137990	150970	210595	244318	307487	595044	823172	
C	219	2	12	13	14	22	23	24	25	26	27	28	30	31	32	33	34	35	36	37	38	39	40	
C	219	5585	9934	30487	34877	35957	42339	42847	48029	51311	54294	55948	78349	91938	103349	116349	142682	155939	215686	250865	314920	599004	819575	
C	220	2	12	13	14	15	22	23	24	25	26	27	28	30	31	32	33	34	35	36	37	38	39	40	
C	220	5638	9935	32270	35409	35410	36487	43083	43660	48794	52270	55425	57133	80166	93895	105450	118956	145726	159247	220149	255624	319797	605969	821188	
C	221	2	12	13	14	15	22	23	24	25	26	27	28	30	31	32	33	34	35	36	37	38	39	40	
C	221	5877	10258	33447	35703	35705	38625	43422	44952	48871	52274	55436	57159	80289	94173	106044	119656	146588	159893	220979	256547	321257	607407	822169	
C	222	2	11	12	13	14	15	20	21	22	23	24	25	26	27	28	30	31	32	33	34	35	36	37	38	39	40	
C	222	5989	6359	11519	34662	36324	36327	36553	36960	40015	44914	46366	49872	53107	56381	58204	81669	95268	107155	120834	147737	161072	222321	257638	321760	607003	820103	
C	223	2	12	13	14	22	23	24	25	26	27	28	30	31	32	33	34	35	36	37	38	39	40	
C	223	6166	10804	34038	37764	39478	45997	46877	52136	55935	59174	60933	84905	99293	111745	126526	153453	166359	227975	263869	328255	610816	818151	
C	224	2	11	12	13	14	20	21	22	23	24	25	26	27	28	30	31	32	33	34	35	36	37	38	39	40	
C	224	6206	6543	11717	34097	36906	37120	37539	38497	45373	45810	51235	54855	58121	59720	83389	97529	110131	125659	152317	165587	227774	263980	329104	615727	821579	
C	225	2	12	13	14	22	23	24	25	26	27	28	30	31	32	33	34	35	36	37	38	39	40	
C	225	6332	11352	34880	39038	40377	47237	47959	53489	57466	60765	62530	87324	102156	114986	130093	157650	170844	233795	269664	334539	618535	823200	
C	226	2	11	12	13	14	15	20	21	22	23	24	25	26	27	28	30	31	32	33	34	35	36	37	38	39	40	
C	226	6557	6905	12527	36889	39237	39238	39445	39873	41450	48395	49183	54329	57972	61384	63249	88210	102683	115640	131248	158947	172097	234864	271749	337090	619111	819937	
C	227	2	12	13	14	22	23	24	25	26	27	28	30	31	32	33	34	35	36	37	38	39	40	
C	227	6758	11866	36430	40824	42704	49576	50546	56288	60428	63910	65828	91295	106248	119636	135772	163685	177375	241000	277745	343051	626131	822918	
C	228	2	11	12	13	14	20	21	22	23	24	25	26	27	28	30	31	32	33	34	35	36	37	38	39	40	
C	228	6763	7239	13494	41464	42822	43100	43542	45735	52607	53693	58733	62606	66153	68128	94470	109964	123658	139678	168612	182309	247038	284802	350415	630820	821022	
C	229	2	11	12	13	14	20	21	22	23	24	25	26	27	28	30	31	32	33	34	35	36	37	38	39	40	
C	229	6961	7372	13591	42130	42918	43205	43684	47152	53228	54988	59417	63419	66880	68814	95031	110734	124736	141720	170024	183649	248503	286306	351236	632998	819783	
C	230	2	11	12	13	14	20	21	22	23	24	25	26	27	28	30	31	32	33	34	35	36	37	38	39	40	
C	230	7108	7481	13655	43015	43113	43355	43816	49487	53353	56250	58923	62876	66517	68469	95236	110691	124291	140999	170302	184080	249463	287185	353251	634254	822656	
C	231	2	11	12	13	14	20	21	22	23	24	25	26	27	28	30	31	32	33	34	35	36	37	38	39	40	
C	231	7206	7632	14088	44063	44801	45058	45518	50868	55216	57964	61003	64899	68613	70640	98199	114183	127868	144256	173563	187057	252893	290558	356719	634799	819976	
C	232	2	11	12	13	14	20	21	22	23	24	25	26	27	28	30	31	32	33	34	35	36	37	38	39	40	
C	232	7399	7896	14627	44792	44863	45170	45674	51295	55753	58670	61621	65544	69229	71172	98064	113725	127828	144292	172985	186472	252044	289865	355475	634868	818819	
C	233	2	11	12	13	14	20	21	22	23	24	25	26	27	28	30	31	32	33	34	35	36	37	38	39	40	
C	233	7637	8107	14994	45098	45946	46250	46765	52815	57285	60263	63209	67363	70993	72848	99837	116180	130899	148225	176971	190703	257330	295159	359809	641018	823395	
C	234	2	11	12	13	14	20	21	22	23	24	25	26	27	28	30	31	32	33	34	35	36	37	38	39	40	
C	234	7655	8102	15152	46747	47559	47868	48370	53156	59255	61546	66065	70571	74320	76313	104201	121267	136611	154980	184121	198118	265809	304467	369134	646643	820937	
C	235	2	11	12	13	14	20	21	22	23	24	25	26	27	28	30	31	32	33	34	35	36	37	38	39	40	
C	235	7989	8698	16806	48388	48436	48906	49816	54441	61149	63423	67900	72460	76195	78188	105958	123067	138469	157690	186909	200594	268389	307544	372644	647931	818193	
C	236	2	11	12	13	14	20	21	22	23	24	25	26	27	28	30	31	32	33	34	35	36	37	38	39	40	
C	236	8259	9216	17802	46672	46713	47341	48505	54884	59639	62790	65391	69233	72909	74896	102549	119118	134382	152710	181292	195091	262819	301329	366915	646236	822240	
C	237	2	11	12	13	14	20	21	22	23	24	25	26	27	28	29	30	31	32	33	34	35	36	37	38	39	40	
C	237	8330	9889	20312	46121	46142	47084	48830	54839	59677	62571	64456	67690	71503	73684	74053	100055	117193	131183	148701	177104	191119	257176	295557	360718	641776	820120	
C	238	2	11	12	13	14	20	21	22	23	24	25	26	27	28	29	30	31	32	33	34	35	36	37	38	39	40	
C	238	8649	10119	20474	48800	48821	49647	51218	58327	62928	66426	68362	72062	75949	78087	78531	105215	123082	137778	155887	184969	199227	266001	303993	368518	646054	819786	
C	239	2	11	12	13	14	20	21	22	23	24	25	26	27	28	29	30	31	32	33	34	35	36	37	38	39	40	
C	239	8890	11477	25172	47570	47590	49256	52269	58823	64302	67394	68314	71078	74894	76897	77342	104288	121933	136625	155875	184438	198706	265858	304818	370201	650719	822150	
C	240	2	11	12	13	14	20	21	22	23	24	25	26	27	28	29	30	31	32	33	34	35	36	37	38	39	40	
C	240	9145	11293	24387	47548	47563	48933	51503	58615	63521	67050	68000	71131	74868	76968	77376	104263	122112	137055	156373	185063	199294	267011	306011	370909	650892	821004	
C	241	2	11	12	13	14	20	21	22	23	24	25	26	27	28	29	30	31	32	33	34	35	36	37	38	39	40	
C	241	9142	12883	31443	48091	48109	50459	55085	60291	67617	69853	70167	71977	75990	78177	78806	105459	123622	137907	157176	186653	201055	268209	306948	372155	650113	819403	
C	242	2	11	12	13	14	20	21	22	23	24	25	26	27	28	29	30	31	32	33	34	35	36	37	38	39	40	
C	242	9535	12573	29358	51588	51599	53569	57136	63719	69718	72774	73380	75953	80538	83091	83969	111722	131598	145533	164970	195533	210507	278488	318334	383923	658388	822674	
C	243	2	11	12	13	14	20	21	22	23	24	25	26	27	28	29	30	31	32	33	34	35	36	37	38	39	40	
C	243	9836	14794	38156	49779	49786	53077	59110	62608	72219	73462	73735	74591	79307	81999	83686	108645	130104	142251	162554	192569	208329	274788	314107	379187	656105	820776	
C	244	2	11	12	13	14	20	21	22	23	24	25	26	27	28	29	30	31	32	33	34	35	36	37	38	39	40	
C	244	9993	15069	38669	50735	50742	54055	60080	63851	73324	74663	74960	75932	80451	82969	84292	110173	131363	144201	163953	193770	208945	275545	314961	379818	656350	819848	
C	245	2	11	12	13	14	20	21	22	23	24	25	26	27	28	29	30	31	32	33	34	35	36	37	38	39	40	
C	245	10027	13444	32208	51819	51826	54043	58134	64886	71401	74410	74610	76937	81242	83723	84644	112195	132450	146937	167260	197359	212151	280554	320184	384721	662021	823226	
C	246	2	11	12	13	14	20	21	22	23	24	25	26	27	28	29	30	31	32	33	34	35	36	37	38	39	40	
C	246	10475	15016	38314	52735	52740	55675	61299	65296	74324	75864	76513	77867	82153	84552	85202	113634	133415	148579	168696	199059	213734	283047	323048	387893	663120	821392	
C	247	2	11	12	13	14	20	21	22	23	24	25	26	27	28	29	30	31	32	33	34	35	36	37	38	39	40	
C	247	10713	15361	38494	52719	52722	55689	61058	65772	74476	76422	76580	78036	83143	86031	87977	113367	136891	148528	168651	199179	215330	282876	323110	387637	663456	819124	
C	248	2	11	12	13	14	20	21	22	23	24	25	26	27	28	29	30	31	32	33	34	35	36	37	38	39	40	
C	248	10999	16260	42212	53652	53656	57186	63285	67014	76892	78173	78464	79443	84172	86818	88038	115928	137255	151326	171600	202463	218016	287821	328449	393680	669064	823252	
C	249	2	11	12	13	14	20	21	22	23	24	25	26	27	28	29	30	31	32	33	34	35	36	37	38	39	40	
C	249	11161	17496	47199	54244	54247	58112	65244	67301	78428	78757	78952	79178	84411	87297	89528	115334	139559	150351	170662	201736	218184	285719	325765	390180	666270	821570	
C	250	2	11	12	13	14	20	21	22	23	24	25	26	27	28	29	30	31	32	33	34	35	36	37	38	39	40	
C	250	11673	17266	45014	54625	54627	58266	64722	67843	78635	79593	79810	80478	85173	87838	89388	116068	138290	151155	172013	202356	217810	285581	325425	389882	664073	819251	
C	251	2	11	12	13	14	20	21	22	23	24	25	26	27	28	29	30	31	32	33	34	35	36	37	38	39	40	
C	251	11768	17391	45095	53067	53068	57055	63702	66485	77592	78251	78517	79033	83715	86431	88230	114176	137348	149556	170964	200701	216408	284383	324653	389256	666936	820676	
C	252	2	11	12	13	14	20	21	22	23	24	25	26	27	28	29	30	31	32	33	34	35	36	37	38	39	40	
C	252	12105	16958	42067	53326	53329	56607	62320	66472	75921	77417	77601	78796	83160	85553	86734	113484	134994	148930	169803	199490	214507	283047	323694	387701	665966	820994	
C	253	2	11	12	13	14	20	21	22	23	24	25	26	27	28	29	30	31	32	33	34	35	36	37	38	39	40	
C	253	12525	17584	43720	57316	57318	60623	66464	71493	80893	82796	83008	84632	88991	91359	92370	120481	141942	157283	178614	208749	223717	294022	334219	397791	671325	820674	
C	254	2	11	12	13	20	21	22	23	24	25	26	27	28	29	30	31	32	33	34	35	36	37	38	39	40	
C	254	12758	18712	49210	56828	61080	68294	71188	83329	83993	84140	84680	90145	93305	96130	120972	147425	157760	179501	210247	227371	294486	335315	399020	673871	822336	
C	255	2	11	12	13	20	21	22	23	24	25	26	27	28	29	30	31	32	33	34	35	36	37	38	39	40	
C	255	13306	19313	51110	58360	62669	70108	72815	84854	85537	85745	86275	91051	93724	95283	123151	146767	160692	182682	213426	229133	300132	341698	405789	676871	820697	
C	256	2	11	12	13	14	20	21	22	23	24	25	26	27	28	29	30	31	32	33	34	35	36	37	38	39	40	
C	256	13835	19570	50033	60254	60255	64190	70940	74945	86082	87381	87463	88485	94191	97595	100846	125871	155040	164115	186105	218158	235473	303102	344146	407847	677294	819537	
C	257	2	11	12	13	20	21	22	23	24	25	26	27	28	29	30	31	32	33	34	35	36	37	38	39	40	
C	257	14099	20064	51418	62256	66285	73277	77658	89253	90720	90834	91940	97583	100823	103392	130529	158164	169750	192897	224665	241368	311230	352832	416718	684910	823454	
C	258	2	11	12	13	20	21	22	23	24	25	26	27	28	29	30	31	32	33	34	35	36	37	38	39	40	
C	258	14203	21154	56787	60875	65908	73988	76054	89515	89655	89813	89901	95197	98207	100564	128068	154442	166873	189605	221110	237620	307506	348755	412845	682496	820927	
C	259	2	11	12	13	14	20	21	22	23	24	25	26	27	28	29	30	31	32	33	34	35	36	37	38	39	40	
C	259	14987	21114	52944	60620	60621	64972	72088	75704	87714	88705	88778	89510	95456	99037	102796	127277	157201	165139	188110	220405	238271	305782	347187	411201	681214	819211	
C	260	2	11	12	13	20	21	22	23	24	25	26	27	28	29	30	31	32	33	34	35	36	37	38	39	40	
C	260	15394	21491	54293	62155	66511	73511	77088	88842	89839	89929	90675	96208	99492	102342	129752	157511	168236	191150	223545	240517	309776	351635	415745	684438	821602	
C	261	2	11	12	13	14	20	21	22	23	24	25	26	27	28	29	30	31	32	33	34	35	36	37	38	39	40	
C	261	15738	22493	57932	66303	66304	71011	78681	82484	94919	95957	96051	96829	102500	105832	108655	137615	166113	177819	201409	234057	250859	322149	364476	428474	692375	820929	
C	262	2	11	12	13	20	21	22	23	24	25	26	27	28	29	30	31	32	33	34	35	36	37	38	39	40	
C	262	16294	23229	59292	65676	70668	78483	81844	95559	96340	96448	97051	102618	105896	108793	137054	165169	177371	202050	234341	251237	321837	364343	428515	692664	819411	
C	263	2	11	12	13	20	21	22	23	24	25	27	28	29	30	31	32	33	34	35	36	37	38	39	40	
C	263	16944	24429	63113	65634	71094	79524	81649	96518	96530	96591	103087	107096	111980	136751	169692	176428	201454	234671	253389	320853	363814	427978	695948	822880	
C	264	2	11	12	13	20	21	22	23	24	25	26	27	28	29	30	31	32	33	34	35	36	37	38	39	40	
C	264	17337	24418	63448	69594	74436	82387	85619	99168	99897	100010	100586	105950	109136	111272	142386	169398	183110	207413	239905	255962	328310	370671	434437	697034	821368	
C	265	2	11	12	13	20	21	22	23	24	25	26	27	28	29	30	31	32	33	34	35	36	37	38	39	40	
C	265	17970	25408	65359	71486	76877	85184	88645	102632	103361	103442	104018	110003	113459	116759	145902	176356	187584	213079	245834	262625	333117	375996	439203	697665	818815	
C	266	2	11	12	13	20	21	22	23	24	25	26	27	28	29	30	31	32	33	34	35	36	37	38	39	40	
C	266	18509	26250	67484	71591	77237	86054	88923	104201	104582	104655	104966	111018	114412	117831	146456	177457	188243	214157	247398	264490	335742	378267	442421	702772	822241	
C	267	2	11	12	13	20	21	22	23	24	25	27	28	29	30	31	32	33	34	35	36	37	38	39	40	
C	267	18727	26875	70307	72294	78202	87737	90051	106240	106242	106281	113091	117108	121886	147497	182903	190278	216284	249582	267913	337261	380660	444188	702660	819825	
C	268	2	11	12	13	20	21	22	23	24	25	27	28	29	30	31	32	33	34	35	36	37	38	39	40	
C	268	19529	27393	69144	70997	76604	85762	87883	103388	103391	103431	110457	114603	119815	143626	182537	188229	211918	246036	264928	333307	376271	439566	701191	821108	
C	269	2	11	12	13	20	21	22	23	24	25	27	28	29	30	31	32	33	34	35	36	37	38	39	40	
C	269	20040	27797	71408	73171	78702	87548	89568	104319	104326	104350	111263	115328	120345	144823	181752	187227	211755	246193	265364	334133	376825	439999	700566	822409	
C	270	2	11	12	13	20	21	22	23	24	25	27	28	29	30	31	32	33	34	35	36	37	38	39	40	
C	270	20659	28807	74017	75625	81337	90523	92638	108839	108842	108869	115406	119280	123375	150444	186347	194614	217770	251404	269208	339201	381829	445440	701168	820429	
C	271	2	11	12	13	20	21	22	23	24	25	27	28	29	30	31	32	33	34	35	36	37	38	39	40	
C	271	21247	29141	73881	75362	81318	90945	93207	109692	109693	109710	117116	121535	127072	150995	189922	194104	219726	253934	273209	341067	384111	447086	702275	819649	
C	272	2	11	12	13	20	21	22	23	24	25	27	28	29	30	31	32	33	34	35	36	37	38	39	40	
C	272	22322	30636	76468	77760	84046	93870	96118	112837	112840	112867	120072	124192	129427	154908	193118	199812	226142	260456	279570	349948	393367	456575	710176	823118	
C	273	2	11	12	13	20	21	22	23	24	25	27	28	29	30	31	32	33	34	35	36	37	38	39	40	
C	273	23427	31703	76265	77498	83778	93528	95762	112469	112476	112487	120143	124757	130693	154761	194617	198938	225395	259976	279645	348292	391490	454457	709540	822383	
C	274	2	11	12	13	20	21	22	23	24	25	27	28	29	30	31	32	33	34	35	36	37	38	39	40	
C	274	24076	32664	78610	79726	85883	95723	97999	115108	115110	115127	122876	127446	133308	157758	197713	202242	229387	264468	283974	353255	396808	459730	711913	820109	
C	275	2	11	12	13	20	21	22	23	24	25	27	28	29	30	31	32	33	34	35	36	37	38	39	40	
C	275	25142	33765	79533	80528	86993	97019	99445	117346	117349	117360	124832	129364	135795	159871	200503	205074	233538	267992	287532	356082	400771	464901	717641	823447	
C	276	2	11	12	13	20	21	22	23	24	25	27	28	29	30	31	32	33	34	35	36	37	38	39	40	
C	276	25914	34309	78743	79575	86221	96404	99055	117295	117298	117301	125536	130436	138020	158821	204227	205664	232713	267200	287616	354124	398653	463336	717361	822987	
C	277	2	11	12	13	20	21	22	23	24	25	27	28	29	30	31	32	33	34	35	36	37	38	39	40	
C	277	26772	35060	78311	79035	85681	95704	98265	116311	116315	116318	124226	128950	136232	157481	199884	202300	231270	265271	285489	352101	396766	460142	715035	821228	
C	278	2	11	12	13	20	21	22	23	24	25	27	28	29	30	31	32	33	34	35	36	37	38	39	40	
C	278	28252	37390	83020	83726	90531	100798	103433	121747	121750	121760	129371	133770	139695	164139	205775	212537	240133	273614	292555	361866	406540	470213	721878	825731	
C	279	2	11	12	13	20	21	22	23	24	25	27	28	29	30	31	32	33	34	35	36	37	38	39	40	
C	279	29365	38502	84824	85454	92505	103377	106107	125962	125963	125976	133721	138137	144602	168899	212811	218416	246989	281102	300163	369825	415447	479016	725563	823738	
C	280	2	11	12	13	20	21	22	23	24	25	27	28	29	30	31	32	33	34	35	36	37	38	39	40	
C	280	30428	39135	85471	86055	93057	103995	106751	126391	126393	126398	134087	138624	145524	169079	212712	217413	248845	282528	301891	370011	415658	479448	725880	821989	
C	281	2	11	12	13	20	21	22	23	24	25	27	28	29	30	31	32	33	34	35	36	37	38	39	40	
C	281	31970	40920	87570	88065	95260	106522	109386	129819	129821	129828	137359	141812	148716	171460	217631	222390	252051	285986	305353	374373	420641	484187	731203	827840	
C	282	2	11	12	13	20	21	22	23	24	25	27	28	29	30	31	32	33	34	35	36	37	38	39	40	
C	282	33101	41768	87894	88364	95392	106613	109542	129574	129575	129582	137282	141956	148781	172185	218798	223528	253298	286762	306083	374997	421013	484827	729914	825259	
C	283	2	11	12	13	20	21	22	23	25	27	28	29	30	31	32	33	34	35	36	37	38	39	40	
C	283	34390	43456	91980	92427	99503	110451	113287	133038	133041	140419	144726	150573	175792	217413	224437	255511	289499	308275	378169	423458	486122	727937	822928	
C	284	2	11	12	13	20	21	22	23	24	25	27	28	29	30	31	32	33	34	35	36	37	38	39	40	
C	284	36097	44957	93195	93599	100924	112337	115219	135513	135515	135520	143066	147727	154151	178581	224773	230733	260239	294409	313395	383331	428549	490967	730385	823479	
C	285	2	11	12	13	20	21	22	23	25	27	28	29	30	31	32	33	34	35	36	37	38	39	40	
C	285	37737	46242	94079	94455	101368	112568	115352	135256	135258	143459	148243	155359	178972	227115	230505	260065	294829	314537	383670	429094	491563	731972	824506	
C	286	2	11	12	13	20	21	22	23	25	27	28	29	30	31	32	33	34	35	36	37	38	39	40	
C	286	39811	49068	100138	100499	107701	119169	121964	142163	142172	150321	155037	161726	187213	233315	238048	269724	305279	324500	394297	439660	501431	734336	822133	
C	287	2	11	12	13	20	21	22	23	24	25	27	28	29	30	31	32	33	34	35	36	37	38	39	40	
C	287	42128	50887	99617	99904	107188	118785	121608	142291	142292	142293	150837	156128	164183	186570	238144	239471	269625	305303	325927	393947	439509	501819	737616	825721	
C	288	2	11	12	13	20	21	22	23	27	28	29	30	31	32	33	34	35	36	37	38	39	40	
C	288	44547	53144	100807	101049	108078	118989	121618	140638	149514	154918	163052	184978	239401	239533	265639	301726	322474	390097	435410	497330	734127	823070	
C	289	2	10	11	12	13	18	19	20	21	22	23	25	26	27	28	29	30	31	32	33	34	35	36	37	38	39	40	
C	289	47509	48088	56377	106749	106974	107164	107469	114356	126434	128704	146123	146562	146702	154904	159978	167597	191198	243432	244721	271844	307679	327852	395086	439999	501063	732869	820280	
C	290	2	11	12	13	20	21	22	23	27	28	29	30	31	32	33	34	35	36	37	38	39	40	
C	290	50647	59447	110235	110447	117397	128368	130916	150486	159509	164869	173007	196326	259509	259646	278176	314906	335744	402501	447970	509975	740229	825635	
C	291	2	11	12	13	20	21	22	23	27	28	29	30	31	32	33	34	35	36	37	38	39	40	
C	291	54383	62819	111467	111667	118422	129385	131804	151235	159920	165194	173177	195916	249545	249646	278476	314556	335075	401509	446892	509170	740436	824256	
C	292	2	10	11	12	13	18	19	20	21	22	23	25	26	27	28	29	30	31	32	33	34	35	36	37	38	39	40	
C	292	59090	59575	67559	115997	116167	116352	116604	123055	134841	137095	154179	154629	154772	163134	168279	176180	199663	255967	256051	282561	318890	339491	406557	451756	513510	741089	823277	
C	293	2	10	11	12	13	18	19	20	21	22	23	25	26	27	28	29	30	31	32	33	34	35	36	37	38	39	40	
C	293	65579	66022	73495	122312	122450	122612	122886	129346	141442	143596	160987	161451	161619	170025	175197	182863	206710	264920	264999	289899	326454	346907	414191	459229	520192	744854	825178	
C	294	2	10	11	12	13	18	19	20	21	22	23	25	26	27	28	29	30	31	32	33	34	35	36	37	38	39	40	
C	294	72119	72526	79255	125178	125339	125522	125805	131976	143481	145526	162680	163098	163247	171438	176383	184093	207310	268857	268939	291279	327373	347706	414455	459552	520384	743901	822987	
C	295	2	10	11	12	13	18	19	20	21	22	23	25	26	27	28	29	30	31	32	33	34	35	36	37	38	39	40	
C	295	80497	80878	86926	130525	130633	130775	131000	137206	148519	150351	166846	167227	167359	175163	179975	187372	210531	277281	277366	294597	330435	350487	417101	462002	521942	742742	820454	
C	296	2	10	11	12	13	18	19	20	21	22	23	25	26	27	28	29	30	31	32	33	34	35	36	37	38	39	40	
C	296	92025	92300	97320	136534	136641	136751	136966	142273	152965	154631	170045	170477	170629	178352	183105	189861	213525	275939	276009	298240	334607	354880	421971	467719	527659	748591	825094	
C	297	2	10	11	12	13	18	19	20	21	22	23	25	26	27	28	29	30	31	32	33	34	35	36	37	38	39	40	
C	297	106292	106531	110465	144000	144077	144168	144372	149028	158301	159642	173113	173462	173587	180709	185162	191545	215003	283772	283844	299603	335771	355821	422992	468476	528836	748184	823636	
C	298	2	10	11	12	13	18	19	20	21	22	23	25	26	27	28	29	30	31	32	33	34	35	36	37	38	39	40	
C	298	127838	128055	129986	152536	152576	152670	152908	155978	163242	164026	172909	173519	173699	179205	182907	187619	210602	283968	284044	291204	326930	347140	414082	459101	520298	743912	820213	
C	299	2	10	11	12	13	18	19	20	21	22	23	25	26	27	28	29	30	31	32	33	34	35	36	37	38	39	40	
C	299	170689	170733	171534	180887	180901	180938	181015	182854	186788	187240	192249	192381	192433	196112	198326	200800	225181	286073	286116	301713	337664	357414	425079	468586	527995	747852	824222	
N	0	2	
N	0	131	
N	1	2	
N	1	30	
N	2	
N	2	
N	3	
N	3	
N	4	2	
N	4	4115	
N	5	
N	5	
N	6	
N	6	
N	7	
N	7	
N	8	
N	8	
N	9	
N	9	
N	10	
N	10	
N	11	
N	11	
N	12	
N	12	
N	13	
N	13	
N	14	
N	14	
N	15	
N	15	
N	16	
N	16	
N	17	
N	17	
N	18	
N	18	
N	19	
N	19	
N	20	
N	20	
N	21	2	
N	21	8	
N	22	
N	22	
N	23	
N	23	
N	24	
N	24	
N	25	
N	25	
N	26	
N	26	
N	27	2	
N	27	32	
N	28	
N	28	
N	29	
N	29	
N	30	
N	30	
N	31	
N	31	
N	32	
N	32	
N	33	
N	33	
N	34	
N	34	
N	35	
N	35	
N	36	
N	36	
N	37	
N	37	
N	38	
N	38	
N	39	
N	39	
N	40	
N	40	
N	41	
N	41	
N	42	
N	42	
N	43	
N	43	
N	44	
N	44	
N	45	
N	45	
N	46	
N	46	
N	47	
N	47	
N	48	
N	48	
N	49	
N	49	
N	50	
N	50	
N	51	
N	51	
N	52	
N	52	
N	53	
N	53	
N	54	
N	54	
N	55	
N	55	
N	56	
N	56	
N	57	
N	57	
N	58	
N	58	
N	59	
N	59	
N	60	
N	60	
N	61	
N	61	
N	62	
N	62	
N	63	
N	63	
N	64	
N	64	
N	65	
N	65	
N	66	
N	66	
N	67	
N	67	
N	68	
N	68	
N	69	
N	69	
N	70	
N	70	
N	71	2	
N	71	54	
N	72	
N	72	
N	73	
N	73	
N	74	
N	74	
N	75	
N	75	
N	76	
N	76	
N	77	
N	77	
N	78	
N	78	
N	79	
N	79	
N	80	
N	80	
N	81	
N	81	
N	82	
N	82	
N	83	
N	83	
N	84	
N	84	
N	85	
N	85	
N	86	
N	86	
N	87	
N	87	
N	88	
N	88	
N	89	
N	89	
N	90	
N	90	
N	91	
N	91	
N	92	
N	92	
N	93	
N	93	
N	94	
N	94	
N	95	
N	95	
N	96	
N	96	
N	97	
N	97	
N	98	
N	98	
N	99	
N	99	
N	100	
N	100	
N	101	
N	101	
N	102	
N	102	
N	103	
N	103	
N	104	
N	104	
N	105	
N	105	
N	106	
N	106	
N	107	
N	107	
N	108	
N	108	
N	109	
N	109	
N	110	
N	110	
N	111	
N	111	
N	112	
N	112	
N	113	
N	113	
N	114	
N	114	
N	115	
N	115	
N	116	
N	116	
N	117	
N	117	
N	118	
N	118	
N	119	
N	119	
N	120	2	
N	120	1	
N	121	
N	121	
N	122	
N	122	
N	123	
N	123	
N	124	
N	124	
N	125	
N	125	
N	126	
N	126	
N	127	
N	127	
N	128	
N	128	
N	129	
N	129	
N	130	
N	130	
N	131	
N	131	
N	132	
N	132	
N	133	2	
N	133	5	
N	134	2	
N	134	23	
N	135	
N	135	
N	136	
N	136	
N	137	
N	137	
N	138	
N	138	
N	139	
N	139	
N	140	
N	140	
N	141	
N	141	
N	142	
N	142	
N	143	
N	143	
N	144	
N	144	
N	145	
N	145	
N	146	
N	146	
N	147	
N	147	
N	148	
N	148	
N	149	
N	149	
N	150	
N	150	
N	151	
N	151	
N	152	
N	152	
N	153	
N	153	
N	154	
N	154	
N	155	
N	155	
N	156	
N	156	
N	157	
N	157	
N	158	
N	158	
N	159	
N	159	
N	160	
N	160	
N	161	
N	161	
N	162	
N	162	
N	163	
N	163	
N	164	
N	164	
N	165	
N	165	
N	166	
N	166	
N	167	
N	167	
N	168	
N	168	
N	169	
N	169	
N	170	
N	170	
N	171	
N	171	
N	172	
N	172	
N	173	
N	173	
N	174	
N	174	
N	175	
N	175	
N	176	
N	176	
N	177	
N	177	
N	178	
N	178	
N	179	
N	179	
N	180	
N	180	
N	181	
N	181	
N	182	
N	182	
N	183	
N	183	
N	184	
N	184	
N	185	
N	185	
N	186	
N	186	
N	187	
N	187	
N	188	
N	188	
N	189	
N	189	
N	190	
N	190	
N	191	
N	191	
N	192	
N	192	
N	193	
N	193	
N	194	
N	194	
N	195	
N	195	
N	196	
N	196	
N	197	
N	197	
N	198	
N	198	
N	199	
N	199	
N	200	
N	200	
N	201	
N	201	
N	202	
N	202	
N	203	
N	203	
N	204	
N	204	
N	205	
N	205	
N	206	
N	206	
N	207	
N	207	
N	208	
N	208	
N	209	
N	209	
N	210	
N	210	
N	211	
N	211	
N	212	
N	212	
N	213	
N	213	
N	214	
N	214	
N	215	
N	215	
N	216	
N	216	
N	217	
N	217	
N	218	
N	218	
N	219	
N	219	
N	220	
N	220	
N	221	
N	221	
N	222	
N	222	
N	223	
N	223	
N	224	
N	224	
N	225	
N	225	
N	226	
N	226	
N	227	
N	227	
N	228	
N	228	
N	229	
N	229	
N	230	
N	230	
N	231	
N	231	
N	232	
N	232	
N	233	
N	233	
N	234	
N	234	
N	235	
N	235	
N	236	
N	236	
N	237	
N	237	
N	238	
N	238	
N	239	
N	239	
N	240	
N	240	
N	241	
N	241	
N	242	
N	242	
N	243	
N	243	
N	244	
N	244	
N	245	
N	245	
N	246	
N	246	
N	247	
N	247	
N	248	
N	248	
N	249	
N	249	
N	250	
N	250	
N	251	
N	251	
N	252	
N	252	
N	253	
N	253	
N	254	
N	254	
N	255	
N	255	
N	256	
N	256	
N	257	
N	257	
N	258	
N	258	
N	259	
N	259	
N	260	
N	260	
N	261	
N	261	
N	262	
N	262	
N	263	
N	263	
N	264	
N	264	
N	265	
N	265	
N	266	
N	266	
N	267	
N	267	
N	268	
N	268	
N	269	
N	269	
N	270	
N	270	
N	271	
N	271	
N	272	
N	272	
N	273	
N	273	
N	274	
N	274	
N	275	
N	275	
N	276	
N	276	
N	277	
N	277	
N	278	
N	278	
N	279	
N	279	
N	280	
N	280	
N	281	
N	281	
N	282	
N	282	
N	283	
N	283	
N	284	
N	284	
N	285	
N	285	
N	286	
N	286	
N	287	
N	287	
N	288	
N	288	
N	289	
N	289	
N	290	
N	290	
N	291	
N	291	
N	292	
N	292	
N	293	
N	293	
N	294	
N	294	
N	295	
N	295	
N	296	
N	296	
N	297	
N	297	
N	298	
N	298	
N	299	
N	299	
