.	0	2	15	27	30	31	32	33	34	35	
.	0	954	197173	337495	406981	829090	1096136	1487515	1566203	3390660	
.	1	15	27	30	31	32	33	34	35	
.	1	170199	301352	359774	653987	893038	1199260	1312785	3390660	
.	2	2	15	27	30	31	32	33	34	35	
.	2	211	166997	285398	366567	668282	973785	1274723	1428402	3390660	
.	3	2	15	27	30	31	32	33	34	35	
.	3	567	161854	267426	333331	600751	858224	1142580	1283119	3390660	
.	4	15	27	30	31	32	33	34	35	
.	4	168472	268004	349846	640505	947195	1247381	1399615	3390660	
.	5	14	15	16	27	28	30	31	34	35	36	37	38	39	40	
.	5	18842	32779	161021	268654	272581	311784	351913	481641	550272	700869	811008	1030384	2067263	3390660	
.	6	14	15	16	27	28	30	31	34	35	36	37	38	39	40	
.	6	18956	33041	165486	272789	276811	318179	359237	492976	561097	714820	825176	1052681	2061781	3390660	
.	7	14	15	16	27	28	30	31	34	35	36	37	38	39	40	
.	7	22003	37276	176731	286314	291115	337791	381878	526603	597950	764792	880784	1118899	2144721	3390660	
.	8	14	15	16	27	28	30	31	34	35	36	37	38	39	40	
.	8	21097	36604	170448	284030	288115	328573	370672	506581	576793	728055	838123	1056207	2077393	3390660	
.	9	14	15	16	27	28	30	31	34	35	36	37	38	39	40	
.	9	21622	36702	168506	281260	285346	325243	366454	499882	569316	715806	823393	1042983	2035469	3390660	
.	10	14	15	16	27	28	30	31	34	35	36	37	38	39	40	
.	10	21738	37012	172065	283097	287230	328159	369255	503482	572088	720944	827998	1050950	2033095	3390660	
.	11	14	15	16	27	28	30	31	34	35	36	37	38	39	40	
.	11	20419	35260	169486	277836	281833	322458	363267	494527	560539	706847	811500	1029348	1997947	3390660	
.	12	14	15	16	27	28	30	31	34	35	36	37	38	39	40	
.	12	20563	35143	164470	273644	277742	317043	356830	487128	553880	695599	799912	1017677	1982019	3390660	
.	13	14	15	16	27	28	30	31	34	35	36	37	38	39	40	
.	13	20454	34842	162912	269520	273653	313015	352466	480168	546214	687021	789794	1007462	1960483	3390660	
.	14	14	15	16	27	28	30	31	34	35	36	37	38	39	40	
.	14	20155	34392	161937	266535	270546	310841	350087	478571	543984	686208	787980	1007909	1947488	3390660	
.	15	14	15	16	27	28	30	31	34	35	36	37	38	39	40	
.	15	20010	34080	162704	267307	271327	312325	351816	481089	546085	690151	793357	1012973	1960379	3390660	
.	16	14	15	16	27	28	30	31	34	35	36	37	38	39	40	
.	16	20657	35450	167800	274009	278222	320469	360636	492907	559858	705151	811075	1036228	1984960	3390660	
.	17	14	15	16	27	28	30	31	34	35	36	37	38	39	40	
.	17	21446	36469	168874	277579	282033	324388	364985	498576	566721	713151	819551	1047203	2004168	3390660	
.	18	14	15	16	27	28	30	31	34	35	36	37	38	39	40	
.	18	21469	36418	164545	273787	278120	318598	358600	491162	561719	704807	811313	1038816	1998635	3390660	
.	19	14	15	16	27	28	30	31	34	35	36	37	38	39	40	
.	19	23484	39707	170463	281144	286136	328718	367872	504561	580093	725622	835052	1074618	2035918	3390660	
.	20	14	15	16	27	28	30	31	34	35	36	37	38	39	40	
.	20	22881	38550	172239	284248	289053	331274	372500	510602	584518	733017	841755	1068654	2039040	3390660	
.	21	14	15	16	27	28	30	31	34	35	36	37	38	39	40	
.	21	22901	39105	174977	287579	292337	335242	376564	515468	589586	741480	851239	1077051	2054858	3390660	
.	22	14	15	16	27	28	30	31	34	35	36	37	38	39	40	
.	22	23958	40650	181197	298540	303581	347323	390122	534908	611776	767361	880431	1107935	2093200	3390660	
.	23	14	15	16	27	28	30	31	34	35	36	37	38	39	40	
.	23	22337	37824	172315	287479	291999	334322	375943	514308	588414	739061	849637	1071998	2060700	3390660	
.	24	14	15	16	27	28	30	31	34	35	36	37	38	39	40	
.	24	22523	37979	171147	283112	287715	329695	370605	507413	579953	728585	836269	1059415	2037316	3390660	
.	25	14	15	16	27	28	30	31	34	35	36	37	38	39	40	
.	25	22806	38730	173417	284037	288835	332033	372949	512066	585172	735812	844605	1075294	2047902	3390660	
.	26	14	15	16	27	28	30	31	34	35	36	37	38	39	40	
.	26	22212	37502	173281	284785	289337	332214	372920	511963	585707	737659	847344	1077033	2053237	3390660	
.	27	14	15	16	27	28	30	31	34	35	36	37	38	39	40	
.	27	21807	37533	173365	285700	290278	333624	375292	514909	587563	740303	850313	1077035	2054559	3390660	
.	28	14	15	16	27	28	30	31	34	35	36	37	38	39	40	
.	28	22370	38331	171980	283771	288455	332456	373394	511528	583773	735636	844607	1073178	2051564	3390660	
.	29	14	15	16	27	28	30	31	34	35	36	37	38	39	40	
.	29	23520	39789	176520	288627	293511	340313	381499	522775	597613	752752	865415	1102413	2074809	3390660	
.	30	14	15	16	27	28	30	31	34	35	36	37	38	39	40	
.	30	23589	39955	176791	289126	294078	339585	381571	523603	597129	752401	864780	1099229	2083260	3390660	
.	31	14	15	16	27	28	30	31	34	35	36	37	38	39	40	
.	31	23809	40090	174624	287569	292383	336500	377953	517805	592201	746373	857536	1090785	2073302	3390660	
.	32	14	15	16	27	28	30	31	34	35	36	37	38	39	40	
.	32	22788	38710	176109	290838	295552	340263	382970	524185	597720	754144	865922	1093864	2081392	3390660	
.	33	14	15	16	27	28	30	31	34	35	36	37	38	39	40	
.	33	22849	38805	176726	291949	296514	339930	382310	522202	594686	749317	860425	1082259	2067157	3390660	
.	34	14	15	16	27	28	30	31	34	35	36	37	38	39	40	
.	34	23365	39523	177206	292846	297578	341651	384185	524930	598051	751897	861661	1084905	2068956	3390660	
.	35	14	15	16	27	28	30	31	34	35	36	37	38	39	40	
.	35	25473	42823	182379	303537	308757	353930	396800	543273	620620	777896	889951	1113277	2094877	3390660	
.	36	14	15	16	27	28	30	31	34	35	36	37	38	39	40	
.	36	24914	41720	181456	304339	309224	353742	397204	543820	620920	780712	894677	1118200	2108102	3390660	
.	37	14	15	16	27	28	30	31	34	35	36	37	38	39	40	
.	37	25805	43479	185385	308172	313044	356426	399942	544960	621028	779158	890583	1107092	2096300	3390660	
.	38	14	15	16	27	28	30	31	34	35	36	37	38	39	40	
.	38	25801	43130	182474	304976	309804	353369	395439	539007	616318	772749	884693	1106055	2095288	3390660	
.	39	14	15	16	27	28	30	31	34	35	36	37	38	39	40	
.	39	25212	42375	179078	299235	304231	347752	389889	532726	608888	763962	874177	1098804	2084259	3390660	
.	40	14	15	16	27	28	30	31	34	35	36	37	38	39	40	
.	40	25572	42448	177126	294867	299915	344910	387335	530676	607291	762739	874178	1102152	2087015	3390660	
.	41	14	15	16	27	28	30	31	34	35	36	37	38	39	40	
.	41	24900	41826	180050	297100	302135	348102	390986	536134	611487	769803	882088	1110279	2096216	3390660	
.	42	14	15	16	27	28	30	31	34	35	36	37	38	39	40	
.	42	24955	42001	186940	306628	311870	362473	407833	562157	640245	812245	931383	1171232	2172270	3390660	
.	43	14	15	16	27	28	30	31	34	35	36	37	38	39	40	
.	43	25851	43506	187691	308687	314250	365056	411079	566995	647528	822182	943764	1186210	2209488	3390660	
.	44	14	15	16	27	28	30	31	34	35	36	37	38	39	40	
.	44	25785	43285	188197	310072	315975	368814	415301	575226	658202	836310	960714	1208206	2244063	3390660	
.	45	14	15	16	27	28	30	31	34	35	36	37	38	39	40	
.	45	25924	43761	192755	315572	321351	374563	422450	585248	669076	850532	975800	1219762	2259611	3390660	
.	46	14	15	16	27	28	30	31	34	35	36	37	38	39	40	
.	46	26304	44489	196758	322546	328621	382553	431709	597071	680928	864925	991397	1232134	2277772	3390660	
.	47	14	15	16	27	28	30	31	34	35	36	37	38	39	40	
.	47	24799	41936	188072	312726	318414	370590	418756	582459	666403	850046	976727	1217800	2274280	3390660	
.	48	14	15	16	27	28	30	31	34	35	36	37	38	39	40	
.	48	24909	42223	190662	315276	320938	372541	420798	583728	666862	850319	976420	1212709	2271327	3390660	
.	49	14	15	16	27	28	30	31	34	35	36	37	38	39	40	
.	49	24514	41795	188439	313563	319229	371363	419587	583112	665249	850441	976618	1214640	2279218	3390660	
.	50	14	15	16	27	28	30	31	34	35	36	37	38	39	40	
.	50	25013	42145	190025	315458	321156	373141	421260	585125	667828	851910	978029	1214487	2275214	3390660	
.	51	14	15	16	27	28	30	31	34	35	36	37	38	39	40	
.	51	25578	42984	192531	318465	324245	377106	426089	591996	674633	860492	987326	1224920	2282412	3390660	
.	52	14	15	16	27	28	30	31	34	35	36	37	38	39	40	
.	52	27009	45411	195375	324179	330321	384365	433708	601654	687736	874260	1002634	1243484	2304248	3390660	
.	53	14	15	16	27	28	30	31	34	35	36	37	38	39	40	
.	53	27353	45878	195178	323382	329633	384192	432966	601609	688375	875039	1004431	1246715	2309768	3390660	
.	54	14	15	16	27	28	30	31	34	35	36	37	38	39	40	
.	54	26523	44758	190758	316399	322467	374987	423510	589986	674997	859470	986816	1226054	2291918	3390660	
.	55	14	15	16	27	28	30	31	34	35	36	37	38	39	40	
.	55	25825	43576	193521	318688	324555	377724	427113	592398	675011	859747	985481	1220260	2283422	3390660	
.	56	14	15	16	27	28	30	31	34	35	36	37	38	39	40	
.	56	25774	43307	195005	320932	326743	381252	431034	597533	679943	866216	991778	1227887	2282743	3390660	
.	57	14	15	16	27	28	30	31	34	35	36	37	38	39	40	
.	57	25825	43627	196888	326593	332786	389126	439427	610830	696739	886639	1016373	1258727	2310635	3390660	
.	58	14	15	16	27	28	30	31	34	35	36	37	38	39	40	
.	58	26865	45173	199667	330977	337262	393724	444430	617406	706484	897465	1028406	1274867	2331276	3390660	
.	59	14	15	16	27	28	30	31	34	35	36	37	38	39	40	
.	59	26818	45246	202022	333256	339579	397264	448822	623731	712081	904742	1036908	1279987	2340933	3390660	
.	60	14	15	16	27	28	30	31	34	35	36	37	38	39	40	
.	60	27388	46141	199229	331498	338033	393886	445043	620082	710269	900810	1033108	1277698	2344109	3390660	
.	61	14	15	16	27	28	30	31	34	35	36	37	38	39	40	
.	61	26175	44304	199443	329465	335723	391769	443111	615189	703140	893829	1023794	1264356	2329499	3390660	
.	62	14	15	16	27	28	30	31	34	35	36	37	38	39	40	
.	62	26256	44389	201161	330022	336107	392424	442898	615027	702008	891886	1022057	1265121	2327757	3390660	
.	63	14	15	16	27	28	30	31	34	35	36	37	38	39	40	
.	63	27053	45619	206879	341497	348042	407560	459235	637443	728084	922142	1055279	1304118	2356473	3390660	
.	64	14	15	16	27	28	30	31	34	35	36	37	38	39	40	
.	64	27705	46614	206996	346126	352655	410080	462726	642893	736525	932453	1068251	1317047	2379208	3390660	
.	65	14	15	16	27	28	30	31	34	35	36	37	38	39	40	
.	65	26815	45345	205360	341727	347892	404682	457411	633974	724156	919242	1053391	1295428	2365833	3390660	
.	66	14	15	16	27	28	30	31	34	35	36	37	38	39	40	
.	66	27003	45473	203114	336230	342471	398874	450746	625598	713280	906119	1038137	1277723	2346674	3390660	
.	67	14	15	16	27	28	30	31	34	35	36	37	38	39	40	
.	67	26842	45332	206612	341371	347468	404515	456551	632406	719823	914189	1045733	1286127	2348118	3390660	
.	68	14	15	16	27	28	30	31	34	35	36	37	38	39	40	
.	68	27124	45847	207840	344516	350652	408605	461157	638905	727591	922132	1054706	1298012	2356891	3390660	
.	69	14	15	16	27	28	30	31	34	35	36	37	38	39	40	
.	69	27864	46799	208074	345029	351373	408303	460484	637047	726758	920230	1053168	1294748	2354292	3390660	
.	70	14	15	16	27	28	30	31	34	35	36	37	38	39	40	
.	70	27856	46632	204313	340247	346587	402871	454748	631528	721240	914226	1045949	1286394	2349948	3390660	
.	71	14	15	16	27	28	30	31	34	35	36	37	38	39	40	
.	71	27621	46558	208006	341576	347788	404357	457208	632514	719887	912131	1042142	1278648	2340456	3390660	
.	72	14	15	16	27	28	30	31	34	35	36	37	38	39	40	
.	72	28029	47296	209907	347536	353806	410523	463236	640213	729242	922486	1053735	1291439	2348081	3390660	
.	73	14	15	16	27	28	30	31	34	35	36	37	38	39	40	
.	73	28423	47711	210993	350638	357033	414623	467590	647225	738375	933870	1066699	1309786	2369644	3390660	
.	74	14	15	16	27	28	30	31	34	35	36	37	38	39	40	
.	74	27510	46335	211514	349743	355863	414313	466930	645321	734233	931216	1063441	1303251	2368630	3390660	
.	75	14	15	16	27	28	30	31	34	35	36	37	38	39	40	
.	75	28188	47293	209431	348385	354699	411583	463887	641454	731744	924828	1057149	1299247	2362511	3390660	
.	76	14	15	16	27	28	30	31	34	35	36	37	38	39	40	
.	76	28109	47315	210687	348026	354312	411022	464163	639903	728239	921339	1052503	1288304	2348384	3390660	
.	77	14	15	16	27	28	30	31	34	35	36	37	38	39	40	
.	77	28406	47618	212117	353112	359656	418632	471616	651702	743058	940568	1076109	1319555	2381081	3390660	
.	78	14	15	16	27	28	30	31	34	35	36	37	38	39	40	
.	78	29761	49560	217560	361376	368270	429177	483977	669328	764029	964851	1102132	1348326	2408272	3390660	
.	79	14	15	16	27	28	30	31	34	35	36	37	38	39	40	
.	79	29789	50135	217105	360134	367024	427548	481964	667083	763216	965040	1104409	1351353	2419659	3390660	
.	80	14	15	16	27	28	30	31	34	35	36	37	38	39	40	
.	80	29614	49836	220571	365936	372898	434819	490225	678412	774376	980048	1119510	1365603	2433895	3390660	
.	81	14	15	16	27	28	30	31	34	35	36	37	38	39	40	
.	81	30448	51072	219718	365516	372399	433039	487765	674320	771089	974754	1115829	1362427	2436000	3390660	
.	82	14	15	16	27	28	30	31	34	35	36	37	38	39	40	
.	82	32954	54610	223715	369613	377137	438370	492983	679915	777557	980239	1119937	1367163	2436603	3390660	
.	83	14	15	16	27	28	30	31	34	35	36	37	38	39	40	
.	83	31947	53134	218658	364497	371934	433029	487664	673809	771544	975301	1114221	1360875	2432851	3390660	
.	84	14	15	16	27	28	30	31	34	35	36	37	38	39	40	
.	84	32782	54155	222190	368208	376114	439138	493901	683083	781432	986972	1126684	1376688	2441769	3390660	
.	85	14	15	16	27	28	30	31	34	35	36	37	38	39	40	
.	85	31205	52070	223107	368090	375641	437844	493431	681606	778573	984614	1124178	1370033	2439717	3390660	
.	86	14	15	16	27	28	30	31	34	35	36	37	38	39	40	
.	86	29988	50614	226275	372376	379667	441528	497740	684923	779993	986330	1124720	1365699	2436073	3390660	
.	87	14	15	16	27	28	30	31	34	35	36	37	38	39	40	
.	87	29717	50394	225681	374062	381546	444022	500476	688673	783980	990874	1129669	1372102	2438452	3390660	
.	88	14	15	16	27	28	30	31	34	35	36	37	38	39	40	
.	88	33029	55169	229111	379158	387459	450011	506229	696752	795749	1000431	1140128	1384620	2445904	3390660	
.	89	14	15	16	27	28	30	31	34	35	36	37	38	39	40	
.	89	31103	51930	222977	368458	376287	438314	493552	680818	777275	981538	1119656	1361753	2429244	3390660	
.	90	14	15	16	27	28	30	31	34	35	36	37	38	39	40	
.	90	31798	53006	224770	370575	378591	442362	498947	687780	784897	989330	1127310	1372380	2430901	3390660	
.	91	14	15	16	27	28	30	31	34	35	36	37	38	39	40	
.	91	31826	52977	227767	374332	382742	449020	505461	697742	796852	1003352	1143824	1393628	2446666	3390660	
.	92	14	15	16	27	28	30	31	34	35	36	37	38	39	40	
.	92	31068	51771	231202	381121	389498	455419	513498	707269	806674	1016678	1157996	1403923	2460927	3390660	
.	93	14	15	16	27	28	30	31	34	35	36	37	38	39	40	
.	93	31852	53112	234629	386448	395341	463570	522141	718868	821432	1034087	1177975	1428222	2487574	3390660	
.	94	14	15	16	27	28	30	31	34	35	36	37	38	39	40	
.	94	31641	52821	232375	383866	392935	461110	518989	715532	820270	1032072	1175737	1428416	2491421	3390660	
.	95	14	15	16	27	28	30	31	34	35	36	37	38	39	40	
.	95	32039	53659	230848	381323	390371	457766	515901	713951	819667	1031317	1174978	1427605	2489626	3390660	
.	96	14	15	16	27	28	30	31	34	35	36	37	38	39	40	
.	96	32548	54461	234918	385461	394837	464083	522576	720731	825988	1040457	1185590	1440224	2502005	3390660	
.	97	14	15	16	27	28	30	31	34	35	36	37	38	39	40	
.	97	35576	58562	242263	395203	405502	476019	535178	737492	848010	1063370	1209761	1466211	2522280	3390660	
.	98	14	15	16	27	28	30	31	34	35	36	37	38	39	40	
.	98	35130	58509	246631	402523	412616	483720	545222	749293	859090	1079785	1228020	1479643	2539228	3390660	
.	99	14	15	16	27	28	30	31	34	35	36	37	38	39	40	
.	99	36040	59858	249783	409897	420304	489499	550835	753864	864393	1084102	1231990	1479421	2544833	3390660	
.	100	14	15	16	27	28	30	31	34	35	36	37	38	39	40	
.	100	36282	59920	248451	408384	419042	488759	549009	752986	865628	1085088	1233835	1484685	2547819	3390660	
.	101	12	13	14	15	16	23	25	26	27	28	30	31	32	33	34	35	36	37	38	39	40	
.	101	565	2951	37514	80096	241507	242055	243203	243836	666038	681015	728749	802807	803098	804000	1172205	1555437	1817945	2151480	2515788	3258513	3390660	
.	102	14	15	16	27	28	30	31	34	35	36	37	38	39	40	
.	102	33904	56840	227284	446155	456575	512335	585924	853097	1035101	1318028	1555189	1898004	3157817	3390660	
.	103	14	15	16	27	28	30	31	34	35	36	37	38	39	40	
.	103	30479	51678	212647	377530	387066	443582	505628	715449	846264	1086321	1256350	1502300	2851577	3390660	
.	104	14	15	16	27	28	30	31	34	35	36	37	38	39	40	
.	104	30039	49792	206549	352118	361784	418797	475253	665181	780555	995083	1143317	1378354	2588290	3390660	
.	105	14	15	16	27	28	30	31	34	35	36	37	38	39	40	
.	105	29249	48721	204931	342598	352175	409740	464018	643110	751320	952637	1090632	1326777	2455460	3390660	
.	106	14	15	16	27	28	30	31	34	35	36	37	38	39	40	
.	106	32019	52467	213975	354042	364433	425893	480924	665786	775498	978823	1115615	1353255	2427730	3390660	
.	107	14	15	16	27	28	30	31	34	35	36	37	38	39	40	
.	107	29022	49006	202734	339476	349539	407711	460256	637177	744983	943465	1079137	1320312	2393392	3390660	
.	108	14	15	16	27	28	30	31	34	35	36	37	38	39	40	
.	108	28640	49151	202807	335418	345056	402093	454568	626989	730621	925931	1057957	1295109	2365086	3390660	
.	109	14	15	16	27	28	30	31	34	35	36	37	38	39	40	
.	109	29035	49391	203771	333835	343919	401473	453261	623869	725998	918997	1049308	1288032	2351668	3390660	
.	110	14	15	16	27	28	30	31	34	35	36	37	38	39	40	
.	110	28222	48550	200983	330832	340720	397430	448318	616050	717210	908418	1037643	1274689	2334197	3390660	
.	111	14	15	16	27	28	30	31	34	35	36	37	38	39	40	
.	111	29059	50966	203752	332421	342856	400745	451850	620579	723290	914991	1044750	1287412	2339426	3390660	
.	112	14	15	16	27	28	30	31	34	35	36	37	38	39	40	
.	112	28408	50234	203411	333526	343800	401054	452728	620732	722791	915491	1044650	1283724	2334453	3390660	
.	113	14	15	16	27	28	30	31	34	35	36	37	38	39	40	
.	113	28532	49064	205475	336912	347416	404979	457206	626277	728204	922118	1053067	1292491	2343475	3390660	
.	114	14	15	16	27	28	30	31	34	35	36	37	38	39	40	
.	114	28679	57776	206055	337654	348195	405812	458487	627359	729802	925197	1056579	1295294	2348554	3390660	
.	115	14	15	16	27	28	30	31	34	35	36	37	38	39	40	
.	115	33686	57673	225290	367031	379188	441475	498080	679825	792227	995664	1131937	1373182	2416702	3390660	
.	116	14	15	16	27	28	30	31	34	35	36	37	38	39	40	
.	116	35706	60240	230460	378990	392398	456969	514275	701665	819542	1028322	1168723	1410900	2451789	3390660	
.	117	14	15	16	27	28	30	31	34	35	36	37	38	39	40	
.	117	32725	61873	219609	365817	378611	441521	495995	677942	796117	1003300	1144630	1390762	2446071	3390660	
.	118	14	15	16	27	28	30	31	34	35	36	37	38	39	40	
.	118	32854	57936	222363	364024	376428	438077	493343	671165	786497	991980	1131017	1373616	2437062	3390660	
.	119	14	15	16	27	28	30	31	34	35	36	37	38	39	40	
.	119	32055	59793	219051	359228	371724	432791	487535	662263	775217	980080	1117644	1359637	2424309	3390660	
.	120	14	15	16	27	28	30	31	34	35	36	37	38	39	40	
.	120	32247	62921	225030	366659	379070	440492	496160	671293	784170	988359	1125862	1362489	2426476	3390660	
.	121	14	15	16	27	28	30	31	34	35	36	37	38	39	40	
.	121	33892	58441	231176	375456	388477	451555	508994	686111	800272	1008177	1146615	1385512	2439787	3390660	
.	122	14	15	16	27	28	30	31	34	35	36	37	38	39	40	
.	122	33660	66096	231885	377376	390658	454063	511790	688521	803846	1013050	1152428	1393259	2448759	3390660	
.	123	14	15	16	27	28	30	31	34	35	36	37	38	39	40	
.	123	32687	72556	225371	369855	383048	445064	501505	675881	790316	997540	1136002	1376824	2436728	3390660	
.	124	14	15	16	25	26	27	28	30	31	34	35	36	37	38	39	40	
.	124	36330	82581	230065	231042	231091	374948	388682	453099	510498	688583	804809	1014689	1154150	1397516	2452242	3390660	
.	125	14	15	16	25	26	27	28	30	31	34	35	36	37	38	39	40	
.	125	37644	80043	230984	232007	232074	377123	391378	454845	512572	691267	810328	1019673	1160625	1403342	2462565	3390660	
.	126	14	15	16	25	26	27	28	30	31	34	35	36	37	38	39	40	
.	126	36687	72447	230305	231378	231430	375679	389628	453597	510639	687963	807131	1016582	1156426	1396901	2457746	3390660	
.	127	14	15	16	25	26	27	28	30	31	34	35	36	37	38	39	40	
.	127	37319	86265	241013	242176	242233	387831	402141	467587	526701	705591	824546	1037309	1177211	1413993	2470812	3390660	
.	128	14	15	16	25	26	27	28	30	31	34	35	36	37	38	39	40	
.	128	37879	76598	240866	242025	242100	392520	407206	471601	531189	710899	832943	1045041	1186344	1423981	2477292	3390660	
.	129	14	15	16	25	26	27	28	30	31	34	35	36	37	38	39	40	
.	129	37173	104593	237508	238659	238734	387385	402345	466869	525304	703229	825416	1036551	1177068	1415098	2473941	3390660	
.	130	14	15	16	25	26	27	28	30	31	34	35	36	37	38	39	40	
.	130	36655	107136	236117	237280	237362	385867	400972	466343	525374	703570	827018	1039895	1181546	1424004	2481973	3390660	
.	131	12	13	14	15	16	23	25	26	27	28	30	31	32	33	34	35	36	37	38	39	40	
.	131	1140	3780	36516	115314	234855	235648	236332	236628	382299	397165	464321	523390	524062	524868	703608	824401	1038171	1179453	1422744	2479989	3390660	
.	132	12	13	14	15	16	23	25	26	27	28	30	31	32	33	34	35	36	37	38	39	40	
.	132	1111	3764	36084	118489	238012	238841	239567	239859	387048	401704	469395	530024	530717	531631	711177	832230	1049159	1192045	1435674	2495224	3390660	
.	133	14	15	16	25	26	27	28	30	31	34	35	36	37	38	39	40	
.	133	37201	122594	240601	241978	242098	392262	408106	475704	536466	716735	842056	1059390	1203322	1447387	2505960	3390660	
.	134	12	13	14	15	16	23	25	26	27	28	30	31	32	33	34	35	36	37	38	39	40	
.	134	1209	4032	37218	123897	239678	240611	241473	241775	389902	405124	471927	531996	532810	533769	712510	836389	1052983	1195888	1438748	2500792	3390660	
.	135	14	15	16	25	26	27	28	30	31	34	35	36	37	38	39	40	
.	135	39624	129282	242196	243756	243883	395430	411980	477940	538358	718365	848817	1063395	1207585	1452221	2508264	3390660	
.	136	14	15	16	25	26	27	28	30	31	34	35	36	37	38	39	40	
.	136	40958	131331	245604	247174	247306	399703	416810	486298	547619	731376	863733	1082416	1227939	1474345	2527860	3390660	
.	137	12	13	14	15	16	23	25	26	27	28	30	31	32	33	34	35	36	37	38	39	40	
.	137	1413	4424	42063	141474	251191	252227	253220	253662	406562	423547	497152	558836	559619	560725	746873	879612	1104014	1252000	1502162	2548510	3390660	
.	138	12	13	14	15	16	23	25	26	27	28	30	31	32	33	34	35	36	37	38	39	40	
.	138	1554	4885	41889	144780	252228	253331	254325	254751	407230	424167	496860	559958	560845	562004	746367	880565	1106053	1254069	1500781	2557564	3390660	
.	139	12	13	14	15	16	23	25	26	27	28	30	31	32	33	34	35	36	37	38	39	40	
.	139	1543	5033	43181	151732	258585	259804	260942	261432	419029	436541	509543	574279	575190	576433	762728	898633	1125676	1275646	1521121	2574048	3390660	
.	140	12	13	14	15	16	23	25	26	27	28	30	31	32	33	34	35	36	37	38	39	40	
.	140	1607	5212	43204	154694	258525	259726	260929	261444	419496	437177	509919	574137	575117	576403	760266	896814	1123842	1273170	1517150	2572864	3390660	
.	141	12	13	14	15	16	23	25	26	27	28	30	31	32	33	34	35	36	37	38	39	40	
.	141	1628	4987	54065	156036	254973	256210	261163	262086	414878	432922	506697	569938	570943	572291	757017	894927	1122407	1271898	1520252	2574934	3390660	
.	142	12	13	14	15	16	23	25	26	27	28	30	31	32	33	34	35	36	37	38	39	40	
.	142	1826	5550	47855	170877	269987	271376	272682	273274	434907	454074	531131	596516	597522	598860	790463	932550	1163272	1315507	1565727	2607361	3390660	
.	143	12	13	14	15	16	23	25	26	27	28	30	31	32	33	34	35	36	37	38	39	40	
.	143	1825	6452	61859	170036	264504	265884	272414	273548	431459	451171	528239	593521	594616	596068	787390	932147	1165556	1319369	1570414	2616124	3390660	
.	144	12	13	14	15	16	23	25	26	27	28	30	31	32	33	34	35	36	37	38	39	40	
.	144	1699	6108	63432	171560	261294	262660	270151	271360	426534	445965	522124	588188	589198	590683	781626	927327	1161475	1315303	1564481	2617184	3390660	
.	145	12	13	14	15	16	23	25	26	27	28	30	31	32	33	34	35	36	37	38	39	40	
.	145	1721	5376	59826	177836	265738	267114	272830	273864	429666	449333	525698	591522	592651	594157	783066	927339	1161968	1315176	1561614	2613222	3390660	
.	146	12	13	14	15	16	23	25	26	27	28	30	31	32	33	34	35	36	37	38	39	40	
.	146	1846	5755	66642	185918	272003	273479	280846	282058	437284	457859	536923	604022	605115	606546	797019	943307	1178896	1333175	1582076	2625168	3390660	
.	147	12	13	14	15	16	23	25	26	27	28	30	31	32	33	34	35	36	37	38	39	40	
.	147	1787	6390	102385	182306	262757	264192	284674	287256	426111	446371	523980	590077	591234	592767	780595	926475	1161705	1315581	1564987	2618432	3390660	
.	148	12	13	14	15	16	23	25	26	27	28	30	31	32	33	34	35	36	37	38	39	40	
.	148	1823	6936	129270	193878	273448	274890	302145	305465	439549	460988	543540	611725	612914	614542	808345	956681	1195503	1351290	1603046	2646710	3390660	
.	149	12	13	14	15	16	23	25	26	27	28	30	31	32	33	34	35	36	37	38	39	40	
.	149	4598	15559	142358	196700	272935	276642	307309	311721	443581	463964	545789	614862	617857	621681	815903	961756	1201560	1359298	1609286	2653587	3390660	
.	150	12	13	14	15	16	22	23	24	25	26	27	28	30	31	32	33	34	35	36	37	38	39	40	
.	150	3227	10996	135280	195643	267686	269879	270941	271844	300681	304859	439157	460371	541265	610976	613133	615979	809656	961284	1201664	1359307	1609628	2659651	3390660	
.	151	2	12	13	14	15	16	22	23	24	25	26	27	28	30	31	32	33	34	35	36	37	38	39	40	
.	151	5025	11798	27119	152116	200218	267472	269691	273625	274490	305045	310391	437029	456181	539321	608591	613110	619368	812598	955932	1196955	1353068	1603017	2656030	3390660	
.	152	2	12	13	14	15	16	22	23	24	25	26	27	28	30	31	32	33	34	35	36	37	38	39	40	
.	152	9870	14418	25176	158206	206456	269957	272140	274166	275045	307130	311943	434913	454972	537136	606334	609426	613584	805315	951494	1191769	1347722	1595901	2647839	3390660	
.	153	2	11	12	13	14	15	16	20	21	22	23	24	25	26	27	28	30	31	32	33	34	35	36	37	38	39	40	
.	153	14907	16766	25470	42270	162129	220647	277393	278035	278889	279474	286289	286378	315452	320397	444112	462544	547994	618218	624185	631843	825030	963281	1207171	1362427	1611041	2657639	3390660	
.	154	2	12	13	14	15	16	22	23	24	25	26	27	28	30	31	32	33	34	35	36	37	38	39	40	
.	154	19978	25701	39224	163992	234270	293435	295664	298798	299778	327488	332284	462523	483523	569035	641428	645320	650551	847109	995429	1240352	1398156	1645926	2681212	3390660	
.	155	2	12	13	14	15	16	22	23	24	25	26	27	28	30	31	32	33	34	35	36	37	38	39	40	
.	155	25085	35534	60735	189249	238405	293627	296128	303264	304217	336646	343426	466156	484576	572466	644765	652034	661598	856152	994903	1241458	1398769	1646457	2686965	3390660	
.	156	2	11	12	13	14	15	16	20	21	22	23	24	25	26	27	28	30	31	32	33	34	35	36	37	38	39	40	
.	156	30014	32304	49146	82546	196193	248888	296154	296935	297986	298768	312321	312411	341883	349110	469696	485855	577136	648408	659666	674597	868137	995276	1241732	1397739	1646758	2688148	3390660	
.	157	2	12	13	14	15	16	22	23	24	25	26	27	28	30	31	32	33	34	35	36	37	38	39	40	
.	157	34836	44296	65479	207024	255146	302986	305623	311563	312654	346717	353463	474376	494746	583537	656280	662644	671097	867913	1012193	1259738	1418243	1667784	2700500	3390660	
.	158	2	11	12	13	14	15	16	20	21	22	23	24	25	26	27	28	30	31	32	33	34	35	36	37	38	39	40	
.	158	39725	41819	66439	118596	208026	257809	298514	299312	300371	301182	322386	322496	348974	359052	476129	487546	586055	658285	676223	699898	894439	1002021	1253901	1410170	1660130	2702993	3390660	
.	159	2	12	13	14	15	16	22	23	24	25	26	27	28	30	31	32	33	34	35	36	37	38	39	40	
.	159	44731	61155	99454	220909	268264	309783	312427	325190	326316	356924	365510	479879	496411	589147	662641	674787	690610	883408	1010042	1259979	1416784	1663247	2704485	3390660	
.	160	2	12	13	14	15	16	22	23	24	25	26	27	28	30	31	32	33	34	35	36	37	38	39	40	
.	160	49778	70033	116727	234561	281892	321250	324106	340906	342117	372386	382556	498492	513197	610638	685272	700466	720111	915871	1036022	1289657	1448230	1695833	2726694	3390660	
.	161	2	12	13	14	15	16	22	23	24	25	26	27	28	30	31	32	33	34	35	36	37	38	39	40	
.	161	54655	63625	85192	232959	295670	332358	335523	341525	342834	378023	385194	508056	530933	621415	697821	704396	712911	908854	1060432	1313390	1474498	1718929	2741032	3390660	
.	162	2	11	12	13	14	15	16	20	21	22	23	24	25	26	27	28	30	31	32	33	34	35	36	37	38	39	40	
.	162	59437	61829	83763	129551	251941	299194	329996	330889	332179	333103	353107	353256	387483	397681	512996	528475	626960	702884	719355	741269	937454	1060415	1317977	1478205	1726039	2753632	3390660	
.	163	2	11	12	13	14	15	16	20	21	22	23	24	25	26	27	28	30	31	32	33	34	35	36	37	38	39	40	
.	163	64223	66821	91281	142245	266270	312993	341996	342932	344222	345118	366241	366380	399987	410509	523655	539237	641091	718297	736245	759035	956498	1076870	1334185	1494646	1741573	2761617	3390660	
.	164	2	12	13	14	15	16	22	23	24	25	26	27	28	30	31	32	33	34	35	36	37	38	39	40	
.	164	69135	97742	160255	279640	323731	352662	356067	379224	380714	412567	425797	539477	553778	660369	738615	759553	787052	986668	1100941	1360294	1521154	1769453	2777897	3390660	
.	165	2	11	12	13	14	15	16	20	21	22	23	24	25	26	27	28	30	31	32	33	34	35	36	37	38	39	40	
.	165	73910	76663	103225	158244	289150	333880	358271	359271	360596	361684	384781	384959	421235	432961	546740	563303	668680	748199	767199	792136	993411	1118220	1379917	1542540	1790069	2794176	3390660	
.	166	2	11	12	13	14	15	16	20	21	22	23	24	25	26	27	28	30	31	32	33	34	35	36	37	38	39	40	
.	166	78548	81347	117726	198953	293410	335954	357779	358735	360162	361294	395013	395179	425237	440322	550568	560354	672786	752392	780103	816591	1017208	1114282	1377658	1538190	1785818	2792654	3390660	
.	167	2	11	12	13	14	15	16	20	21	22	23	24	25	26	27	28	30	31	32	33	34	35	36	37	38	39	40	
.	167	83237	86061	116971	180346	304636	345276	364856	365911	367324	368406	395878	396052	431566	445083	553094	567786	676474	755664	778854	809484	1008070	1123395	1385426	1549315	1797716	2802682	3390660	
.	168	2	11	12	13	14	15	16	20	21	22	23	24	25	26	27	28	30	31	32	33	34	35	36	37	38	39	40	
.	168	87917	90648	119726	183189	312435	351804	369630	370672	372158	373300	400264	400445	438030	451038	555558	571429	679314	759838	782224	811450	1008858	1127861	1392138	1554708	1800223	2803300	3390660	
.	169	2	12	13	14	15	16	22	23	24	25	26	27	28	30	31	32	33	34	35	36	37	38	39	40	
.	169	92763	128805	221114	322124	358283	375604	379502	411644	413316	446466	463328	567209	578673	692828	773625	802272	839561	1037404	1138461	1403240	1565631	1811654	2810749	3390660	
.	170	2	11	12	13	14	15	16	20	21	22	23	24	25	26	27	28	30	31	32	33	34	35	36	37	38	39	40	
.	170	97467	100518	138536	223794	329729	364731	379101	380188	381792	382999	418441	418648	452615	469003	570818	582132	697351	778439	807933	846293	1044775	1145838	1410528	1573026	1820854	2816347	3390660	
.	171	2	12	13	14	15	16	22	23	24	25	26	27	28	30	31	32	33	34	35	36	37	38	39	40	
.	171	102188	134259	213920	347207	379927	394095	398248	424854	426619	466487	482876	584939	602089	715356	798693	823047	855174	1054249	1175446	1439043	1604381	1852104	2834832	3390660	
.	172	2	12	13	14	15	16	22	23	24	25	26	27	28	30	31	32	33	34	35	36	37	38	39	40	
.	172	106936	145627	245121	352167	382865	395440	399932	436015	437935	475356	494670	593850	605611	723758	806688	838576	880549	1077426	1178137	1446087	1611001	1857389	2841641	3390660	
.	173	2	11	12	13	14	15	16	20	21	22	23	24	25	26	27	28	30	31	32	33	34	35	36	37	38	39	40	
.	173	111651	114753	157519	262093	363258	393076	403350	404556	406364	407804	450215	450431	488313	507510	604174	614144	733739	817547	852502	898274	1095320	1189394	1458988	1623259	1867495	2848804	3390660	
.	174	2	11	12	13	14	15	16	20	21	22	23	24	25	26	27	28	29	30	31	32	33	34	35	36	37	38	39	40	
.	174	116334	119434	162420	268830	373034	399135	408364	409564	411377	412712	456436	456876	495591	515513	609537	619898	621253	737971	823477	858126	904994	1101056	1195409	1464542	1629591	1872922	2855528	3390660	
.	175	2	11	12	13	14	15	16	20	21	22	23	24	25	26	27	28	30	31	32	33	34	35	36	37	38	39	40	
.	175	120975	124240	166948	293277	379087	405847	413892	415177	417188	418656	464114	464363	505110	525906	619051	628812	749350	833847	871443	919662	1114214	1206548	1478441	1643621	1886972	2864361	3390660	
.	176	2	11	12	13	14	15	16	20	21	22	23	24	25	26	27	28	29	30	31	32	33	34	35	36	37	38	39	40	
.	176	125417	128328	169995	302618	376991	399138	406039	407158	409154	414108	457052	459137	497000	517776	608113	618468	619921	735232	819885	855656	905114	1097578	1190470	1458565	1622921	1868215	2857155	3390660	
.	177	2	11	12	13	14	15	16	20	21	22	23	24	25	26	27	28	29	30	31	32	33	34	35	36	37	38	39	40	
.	177	129776	132815	175905	312601	388306	408823	414987	416121	418071	425292	466081	469159	505746	526707	613228	623721	625016	743708	829218	866053	916069	1108748	1200302	1471257	1635477	1881039	2862089	3390660	
.	178	2	11	12	13	14	15	16	20	21	22	23	24	25	26	27	28	30	31	32	33	34	35	36	37	38	39	40	
.	178	134256	137358	180004	316263	393202	413281	418544	419716	421856	440845	474120	482302	512842	534766	618008	627715	749592	833880	873670	926089	1115770	1205437	1479403	1644586	1889732	2868788	3390660	
.	179	2	11	12	13	14	15	16	20	21	22	23	24	25	26	27	28	29	30	31	32	33	34	35	36	37	38	39	40	
.	179	138788	141982	187015	333209	412089	430061	434754	435901	438119	449065	492422	498019	538366	561500	639327	649767	651127	772936	861753	901269	955216	1147216	1237420	1510009	1675923	1918732	2882911	3390660	
.	180	2	11	12	13	14	15	16	20	21	22	23	24	25	26	27	28	29	30	31	32	33	34	35	36	37	38	39	40	
.	180	143223	146590	193457	346184	424403	441000	445097	446382	448647	458926	503939	508557	548719	573377	656375	667083	668415	789484	878296	919239	975630	1166589	1257212	1528010	1694640	1937543	2893191	3390660	
.	181	2	11	12	13	14	15	16	20	21	22	23	24	25	26	27	28	29	30	31	32	33	34	35	36	37	38	39	40	
.	181	147549	150510	195692	350303	420000	434673	438143	439410	441669	481164	503471	522681	545382	570168	643954	654588	656063	777844	865807	907629	965252	1154373	1243972	1516852	1684403	1930763	2895622	3390660	
.	182	2	11	12	13	14	15	16	20	21	22	23	24	25	26	27	28	29	30	31	32	33	34	35	36	37	38	39	40	
.	182	151954	155503	204315	372472	445850	459972	463131	464370	466748	478145	524368	529491	570007	595407	673669	684840	686290	813074	904612	948202	1007730	1199178	1287792	1562033	1729452	1971704	2916261	3390660	
.	183	2	11	12	13	14	15	16	20	21	22	23	24	25	26	27	28	29	30	31	32	33	34	35	36	37	38	39	40	
.	183	156200	160179	210400	380482	453445	465969	468575	469917	472523	488477	533794	540967	581375	608799	686443	697631	699125	826198	917331	962336	1024870	1215524	1305217	1579551	1748667	1991850	2929215	3390660	
.	184	2	11	12	13	14	15	16	20	21	22	23	24	25	26	27	28	29	30	31	32	33	34	35	36	37	38	39	40	
.	184	160272	163939	214995	389140	456239	467402	469558	470952	473587	486659	534891	541067	583878	611902	686636	698040	699565	826916	917672	963840	1028040	1216999	1305301	1579204	1748267	1992013	2933529	3390660	
.	185	2	11	12	13	14	15	16	20	21	22	23	24	25	26	27	28	29	30	31	32	33	34	35	36	37	38	39	40	
.	185	164206	167869	218543	392991	459629	469651	471562	473006	475685	484950	537416	541711	587519	615738	686416	697497	699065	826732	918210	965798	1031788	1218479	1305369	1579434	1749053	1991451	2932559	3390660	
.	186	2	11	12	13	14	15	16	20	21	22	23	24	25	26	27	28	29	30	31	32	33	34	35	36	37	38	39	40	
.	186	168289	171969	221720	400395	461884	470814	472446	473852	476588	515778	546803	565794	594993	623753	687317	698011	699581	827189	919270	968694	1036608	1220637	1305808	1581006	1750628	1992772	2934349	3390660	
.	187	2	11	12	13	14	15	16	20	21	22	23	24	25	26	27	28	29	30	31	32	33	34	35	36	37	38	39	40	
.	187	172276	175870	226265	407545	469636	477834	479229	480662	483578	500342	549853	557587	601080	630240	695669	706749	708365	836308	928861	980135	1048724	1231390	1315784	1592640	1762215	2003112	2939689	3390660	
.	188	2	11	12	13	14	15	16	20	21	22	23	24	25	26	27	28	29	30	31	32	33	34	35	36	37	38	39	40	
.	188	176347	179998	232283	428747	488768	496377	497504	498970	502045	511698	569072	573581	623032	652524	716485	727629	729255	861479	955658	1007701	1078734	1261405	1344505	1622645	1791274	2030589	2955092	3390660	
.	189	2	11	12	13	14	15	16	20	21	22	23	24	25	26	27	28	29	30	31	32	33	34	35	36	37	38	39	40	
.	189	180251	184153	236939	431969	486814	493376	494350	495844	498730	520144	568786	578975	622010	653504	715923	727122	728628	859753	952912	1006525	1079728	1260484	1343498	1620078	1790264	2031566	2957001	3390660	
.	190	2	11	12	13	14	15	16	20	21	22	23	24	25	26	27	28	29	30	31	32	33	34	35	36	37	38	39	40	
.	190	184129	187875	240846	429882	482848	488362	489160	490662	493691	516222	564001	574862	617516	649377	708491	719767	721360	852176	945244	1000313	1076107	1254088	1336589	1611262	1781762	2024157	2953716	3390660	
.	191	2	11	12	13	14	15	16	20	21	22	23	24	25	26	27	28	29	30	31	32	33	34	35	36	37	38	39	40	
.	191	188074	192014	247516	443906	502438	507457	508128	509675	512989	524274	583406	588676	638834	670142	726724	738158	739802	874107	969788	1026173	1103038	1281605	1361797	1639822	1811012	2050689	2965311	3390660	
.	192	2	11	12	13	14	15	16	20	21	22	23	24	25	26	27	28	29	30	31	32	33	34	35	36	37	38	39	40	
.	192	191924	195793	250645	458058	505835	510174	510746	512328	515652	560775	595117	616508	647325	678832	729632	741018	742701	877137	972487	1031346	1110298	1285202	1364010	1644247	1815701	2054396	2970899	3390660	
.	193	2	11	12	13	14	15	16	20	21	22	23	24	25	26	27	28	29	30	31	32	33	34	35	36	37	38	39	40	
.	193	196052	202707	258973	463770	508931	512808	513254	516157	522109	591729	608194	641718	654809	684781	733207	744067	745819	878515	973766	1033656	1114186	1286007	1362641	1641981	1812949	2051005	2969531	3390660	
.	194	2	11	12	13	14	15	16	20	21	22	23	24	25	26	27	28	29	30	31	32	33	34	35	36	37	38	39	40	
.	194	200134	207603	265734	477174	520686	524033	524409	527377	533694	570986	615267	633144	669009	702182	752949	763932	765717	900269	996003	1057901	1142766	1312796	1389237	1668144	1838807	2075625	2981177	3390660	
.	195	2	11	12	13	14	15	16	20	21	22	23	24	25	26	27	28	29	30	31	32	33	34	35	36	37	38	39	40	
.	195	204022	213356	274775	485094	525864	528734	529002	532934	541575	585800	627473	648350	680356	711570	757507	768557	770335	905245	1001577	1064527	1151559	1320526	1395779	1674676	1846503	2083361	2986988	3390660	
.	196	2	11	12	13	14	15	16	20	21	22	23	24	25	26	27	28	29	30	31	32	33	34	35	36	37	38	39	40	
.	196	208009	212205	272204	501657	540834	543337	543605	545294	548942	604198	635115	662632	689435	725798	773138	784997	786588	923670	1021090	1085917	1175238	1343332	1418174	1695606	1867135	2103704	2997114	3390660	
.	197	2	11	12	13	14	15	16	20	21	22	23	24	25	26	27	28	29	30	31	32	33	34	35	36	37	38	39	40	
.	197	211962	218971	282421	509836	546433	548612	548804	551482	557556	615958	647206	676090	701468	736434	780487	792090	793798	933008	1031093	1097510	1188290	1355918	1429574	1709421	1881274	2117514	3001819	3390660	
.	198	2	11	12	13	14	15	16	20	21	22	23	24	25	26	27	28	29	30	31	32	33	34	35	36	37	38	39	40	
.	198	215986	226422	293796	521906	556460	558389	558532	562696	572144	650864	668418	707237	718123	751782	794177	806288	808105	949093	1048500	1116738	1209560	1376406	1449748	1730198	1902193	2138107	3013595	3390660	
.	199	2	11	12	13	14	15	16	20	21	22	23	24	25	26	27	28	29	30	31	32	33	34	35	36	37	38	39	40	
.	199	220037	257895	352791	536210	569603	571369	571412	586412	619557	670016	716098	737814	752701	767390	808880	821110	822802	966131	1066838	1136963	1232432	1398578	1470575	1752265	1924834	2160439	3026526	3390660	
.	200	2	11	12	13	14	15	16	20	21	22	23	24	25	26	27	28	29	30	31	32	33	34	35	36	37	38	39	40	
.	200	228057	256678	343761	542225	571837	573215	573275	585475	612165	675304	715130	744931	758360	781146	822458	834651	838087	976830	1080808	1151947	1254074	1418681	1491811	1771978	1947982	2185010	3042146	3390660	
.	201	2	11	12	13	14	15	16	20	21	22	23	24	25	26	27	28	29	30	31	32	33	34	35	36	37	38	39	40	
.	201	228349	244743	324441	566181	595890	597233	597299	604173	620053	701841	729033	769981	783307	819721	859866	871694	873521	1017931	1121571	1198072	1303778	1465313	1535938	1816576	1992432	2224680	3058723	3390660	
.	202	2	11	12	13	14	15	16	20	21	22	23	24	25	26	27	28	29	30	31	32	33	34	35	36	37	38	39	40	
.	202	232280	255052	341082	566882	592583	593692	593737	603363	624385	697112	732520	768521	783120	815106	853800	866047	867892	1012523	1116202	1193914	1303240	1463169	1532782	1811310	1987527	2221388	3063006	3390660	
.	203	2	11	12	13	14	15	16	20	21	22	23	24	25	26	27	28	29	30	31	32	33	34	35	36	37	38	39	40	
.	203	235938	249728	330614	586248	611194	612157	612204	617816	630422	701283	737062	772471	795349	834045	871217	883771	885516	1033685	1138321	1217398	1328021	1485515	1553425	1832832	2008218	2240869	3068509	3390660	
.	204	2	11	12	13	14	15	16	20	21	22	23	24	25	26	27	28	29	30	31	32	33	34	35	36	37	38	39	40	
.	204	239836	256929	340741	584284	605980	606773	606817	614198	630037	701366	738031	772927	793991	831005	866558	878950	880778	1029048	1131968	1211927	1324618	1479851	1545959	1824480	2000615	2233995	3065142	3390660	
.	205	2	11	12	13	14	15	16	20	21	22	23	24	25	26	27	28	29	30	31	32	33	34	35	36	37	38	39	40	
.	205	243509	267722	356358	574090	592823	593505	593528	604478	627591	704252	737875	775250	785097	814776	847304	859207	861106	1007942	1110648	1191515	1307268	1458578	1522682	1803032	1979876	2215654	3059112	3390660	
.	206	2	11	12	13	14	15	16	20	21	22	23	24	25	26	27	28	29	30	31	32	33	34	35	36	37	38	39	40	
.	206	247552	280293	378467	577714	595089	595638	595648	610704	643087	705768	751254	779969	791765	813062	843940	855611	857529	1004141	1107243	1189528	1303367	1452702	1515568	1798052	1973846	2206299	3053110	3390660	
.	207	2	11	12	13	14	15	16	20	21	22	23	24	25	26	27	28	29	30	31	32	33	34	35	36	37	38	39	40	
.	207	251722	284714	384626	588461	604547	604977	604992	619970	652872	716215	761926	791494	802532	823981	854262	866636	869883	1013701	1119330	1200649	1314184	1462336	1525502	1805332	1979663	2210866	3054181	3390660	
.	208	2	11	12	13	14	15	16	20	21	22	23	24	25	26	27	28	29	30	31	32	33	34	35	36	37	38	39	40	
.	208	255673	301705	419509	597232	611727	612051	612060	633088	679507	724217	789194	808678	821658	833487	865553	879026	885504	1021509	1131897	1209785	1323316	1471196	1535441	1809581	1983130	2212580	3051218	3390660	
.	209	2	11	12	13	14	15	16	20	21	22	23	24	25	26	27	28	29	30	31	32	33	34	35	36	37	38	39	40	
.	209	259637	306966	427442	596053	608858	609126	609130	631056	680139	720205	789679	807278	820958	830853	862342	875911	882302	1017850	1126610	1204355	1320690	1466893	1531030	1804750	1978922	2210136	3049879	3390660	
.	210	2	11	12	13	14	15	20	21	22	23	24	25	26	27	28	29	30	31	32	33	34	35	36	37	38	39	40	
.	210	263662	319141	452764	599144	610713	610917	636664	694925	720955	804970	814550	829308	831734	863977	878638	887763	1020863	1134423	1209314	1327230	1474543	1540008	1813274	1987060	2218116	3053142	3390660	
.	211	2	11	12	13	14	15	16	20	21	22	23	24	25	26	27	28	29	30	31	32	33	34	35	36	37	38	39	40	
.	211	267909	318293	446999	608160	618590	618743	618744	641919	694572	729340	805306	820507	832485	840110	873303	888722	899253	1028626	1145694	1219206	1338578	1484816	1550494	1819589	1993392	2225457	3059168	3390660	
.	212	2	11	12	13	14	15	20	21	22	23	24	25	26	27	28	29	30	31	32	33	34	35	36	37	38	39	40	
.	212	272044	319140	446775	617143	626592	626713	649139	700419	740620	814611	832401	843756	854097	884884	899583	909130	1042043	1158646	1236659	1359321	1502880	1566150	1837943	2012186	2241837	3066891	3390660	
.	213	2	11	12	13	14	15	16	20	21	22	23	24	25	26	27	28	29	30	31	32	33	34	35	36	37	38	39	40	
.	213	276140	328866	467644	621794	630160	630245	630246	655792	713551	743705	826653	839057	850657	855645	886559	902034	913029	1043701	1167672	1247009	1362878	1506078	1569606	1840875	2016554	2246338	3070460	3390660	
.	214	2	11	12	13	14	15	16	20	21	22	23	24	25	26	27	28	29	30	31	32	33	34	35	36	37	38	39	40	
.	214	280419	325603	455888	634943	642388	642490	642491	664056	712965	758015	828529	849104	860317	873683	901316	914960	920970	1061731	1174545	1259860	1386138	1525436	1584713	1859266	2034001	2263100	3077612	3390660	
.	215	2	11	12	13	14	15	20	21	22	23	24	25	26	27	28	29	30	31	32	33	34	35	36	37	38	39	40	
.	215	284763	335413	475900	646767	653648	653730	677838	732353	772282	851536	868765	881554	892096	919192	932534	937273	1081416	1192767	1281458	1411305	1548623	1605974	1883011	2058716	2287546	3089122	3390660	
.	216	2	11	12	13	14	15	20	21	22	23	24	25	26	27	28	29	30	31	32	33	34	35	36	37	38	39	40	
.	216	289040	329458	455225	650091	656105	656182	675469	718731	774444	837135	863592	874113	893508	918787	931546	934781	1083698	1192776	1284841	1416142	1551392	1606474	1884289	2060638	2288696	3090717	3390660	
.	217	2	11	12	13	14	15	20	21	22	23	24	25	26	27	28	29	30	31	32	33	34	35	36	37	38	39	40	
.	217	293466	349514	499771	636096	641215	641239	669055	731396	755546	849125	858990	867328	869787	903349	921509	940822	1056159	1193683	1262161	1385030	1525396	1591239	1853298	2029525	2261351	3081813	3390660	
.	218	2	11	12	13	14	15	20	21	22	23	24	25	26	27	28	29	30	31	32	33	34	35	36	37	38	39	40	
.	218	297882	344679	483041	643324	647732	647766	671257	723809	762081	839717	856840	866224	876512	903226	917606	925968	1062795	1179922	1263334	1393107	1527593	1585684	1860081	2034305	2264073	3080416	3390660	
.	219	2	11	12	13	14	15	20	21	22	23	24	25	26	27	28	29	30	31	32	33	34	35	36	37	38	39	40	
.	219	302496	354147	505944	661385	665446	665473	690956	747936	780512	861506	874656	885327	892732	916989	930221	934877	1080249	1193064	1283354	1412590	1544386	1598845	1877358	2050798	2276912	3084756	3390660	
.	220	2	11	12	13	14	15	20	21	22	23	24	25	26	27	28	29	30	31	32	33	34	35	36	37	38	39	40	
.	220	307423	363467	524221	658987	662639	662657	691455	755745	778922	872426	880354	890670	893045	919636	934451	944011	1079855	1199766	1282576	1415071	1547203	1604309	1876830	2051537	2279859	3088226	3390660	
.	221	2	11	12	13	14	15	20	21	22	23	24	25	26	27	28	29	30	31	32	33	34	35	36	37	38	39	40	
.	221	312461	356504	500761	687278	690590	690611	712484	761393	809298	879270	901558	910670	926197	949707	962604	966191	1116859	1233126	1331309	1457281	1587769	1639660	1918253	2092262	2315210	3102918	3390660	
.	222	2	11	12	13	14	15	20	21	22	23	24	25	26	27	28	29	30	31	32	33	34	35	36	37	38	39	40	
.	222	317480	377469	553750	693358	696228	696244	726610	794693	818051	918225	926395	936016	938638	965989	981520	992692	1127477	1252994	1335702	1472110	1603928	1660511	1929774	2104213	2328814	3108301	3390660	
.	223	2	11	12	13	14	15	20	21	22	23	24	25	27	28	29	30	31	32	33	34	35	36	37	38	39	40	
.	223	322606	384013	567547	694246	696675	696683	728585	799028	818150	926489	932222	939871	970950	988870	1007338	1128991	1272509	1345671	1476625	1610713	1671079	1933053	2108406	2332509	3111420	3390660	
.	224	2	11	12	13	14	15	20	21	22	23	24	25	27	28	29	30	31	32	33	34	35	36	37	38	39	40	
.	224	327712	391515	583135	711778	713995	714004	746415	818460	836415	945652	950836	958276	988800	1006558	1024480	1147218	1287237	1358877	1498368	1630926	1690248	1952579	2126739	2348263	3116710	3390660	
.	225	2	11	12	13	14	15	20	21	22	23	24	25	27	28	29	30	31	32	33	34	35	36	37	38	39	40	
.	225	332721	395348	590205	716045	717985	717990	751240	825175	844300	960148	965481	973310	1003102	1020743	1039251	1161499	1307300	1382470	1519946	1649512	1708143	1967885	2143538	2366490	3125925	3390660	
.	226	2	11	12	13	14	20	21	22	23	24	25	27	28	29	30	31	32	33	34	35	36	37	38	39	40	
.	226	337865	396654	585801	703077	704698	737192	808474	826511	942247	948237	951059	987623	1009661	1042204	1136575	1308257	1356479	1494200	1630172	1698986	1945689	2122990	2348967	3125187	3390660	
.	227	2	10	11	12	13	14	18	19	20	21	22	23	24	25	26	27	28	29	30	31	32	33	34	35	36	37	38	39	40	
.	227	342728	346402	402684	601029	706088	707293	708305	709923	741358	817021	833040	938868	943803	947475	948112	984683	1007017	1039618	1131528	1307351	1351319	1485647	1622787	1692378	1939347	2115191	2340057	3120503	3390660	
.	228	2	10	11	12	13	14	18	19	20	21	22	23	24	25	26	27	28	29	30	31	32	33	34	35	36	37	38	39	40	
.	228	347842	351505	409377	615604	720422	721547	722549	724175	756353	831245	847320	954643	959384	962895	963459	1000836	1023722	1055689	1150059	1327890	1371103	1505434	1643308	1711903	1958520	2133092	2356383	3125129	3390660	
.	229	2	11	12	13	14	20	21	22	23	24	25	27	28	29	30	31	32	33	34	35	36	37	38	39	40	
.	229	353143	414398	616262	726893	727971	761026	832090	849173	965337	970143	972235	1010089	1032629	1063994	1161221	1338110	1384265	1519642	1655822	1722864	1971185	2146383	2368995	3131600	3390660	
.	230	2	10	11	12	13	14	18	19	20	21	22	23	24	25	26	27	28	29	30	31	32	33	34	35	36	37	38	39	40	
.	230	358405	362008	419734	638304	741423	742338	743328	744985	778211	855786	871878	982112	986317	989473	990137	1026183	1048913	1081661	1176692	1359245	1401500	1537230	1673580	1741853	1989262	2163083	2384599	3137620	3390660	
.	231	2	11	12	13	14	20	21	22	23	24	25	27	28	29	30	31	32	33	34	35	36	37	38	39	40	
.	231	363701	422763	630176	735042	735827	769235	842992	860440	981738	986107	987909	1024748	1047496	1079075	1173392	1354105	1399432	1540450	1673411	1739989	1984914	2160470	2382133	3138469	3390660	
.	232	2	11	12	13	14	20	21	22	23	24	25	27	28	29	30	31	32	33	34	35	36	37	38	39	40	
.	232	369013	428564	637435	738582	739317	771853	841996	857944	972803	976718	977774	1016222	1039646	1071903	1166705	1355873	1398388	1528627	1664229	1731997	1978510	2155242	2379343	3138773	3390660	
.	233	2	11	12	13	14	20	21	22	23	24	25	27	28	29	30	31	32	33	34	35	36	37	38	39	40	
.	233	374709	436699	657939	760256	760929	794372	865608	881330	997083	1000601	1002460	1039950	1062692	1091341	1195680	1374958	1421546	1557620	1691950	1757013	2006829	2181359	2401130	3144928	3390660	
.	234	2	11	12	13	14	20	21	22	23	24	25	27	28	29	30	31	32	33	34	35	36	37	38	39	40	
.	234	380665	445252	671499	770036	770605	805473	877960	894600	1015380	1018550	1022075	1057007	1078016	1102177	1214853	1383594	1441387	1582568	1713419	1774111	2026619	2202178	2422977	3153616	3390660	
.	235	2	11	12	13	14	20	21	22	23	24	25	26	27	28	29	30	31	32	33	34	35	36	37	38	39	40	
.	235	386962	447497	667533	789375	789878	823005	891281	919882	1031175	1040495	1046587	1052692	1079444	1095445	1106891	1246568	1390552	1479442	1624292	1747566	1798121	2064131	2240229	2456239	3167878	3390660	
.	236	2	11	12	13	14	15	20	21	22	23	24	25	26	27	28	29	30	31	32	33	34	35	36	37	38	39	40	
.	236	393727	454532	680582	818715	819112	819115	852159	919159	954386	1062079	1074665	1080346	1089037	1114988	1130555	1140646	1286763	1423778	1514653	1669890	1792001	1839907	2105555	2279841	2493226	3182099	3390660	
.	237	2	11	12	13	14	15	20	21	22	23	24	25	27	28	29	30	31	32	33	34	35	36	37	38	39	40	
.	237	400390	470151	719160	813554	813901	813902	853557	931937	951000	1081373	1083615	1089757	1117186	1133855	1147806	1285091	1430000	1513744	1674123	1795968	1846105	2108361	2283924	2499125	3187281	3390660	
.	238	2	11	12	13	14	20	21	22	23	24	25	26	27	28	29	30	31	32	33	34	35	36	37	38	39	40	
.	238	407212	464154	686718	849394	849733	880568	940679	989069	1087134	1107450	1111515	1126861	1154314	1170760	1182542	1326493	1469361	1557655	1716339	1837694	1885360	2147400	2321655	2531919	3198396	3390660	
.	239	2	11	12	13	14	15	20	21	22	23	24	25	26	27	28	29	30	31	32	33	34	35	36	37	38	39	40	
.	239	414066	460075	657703	863745	863981	863984	889204	937915	1000462	1087818	1116552	1125536	1151548	1176165	1191273	1199980	1350447	1486420	1583340	1744942	1863602	1908032	2170189	2344556	2552373	3204166	3390660	
.	240	2	11	12	13	14	15	20	21	22	23	24	25	26	27	28	29	30	31	32	33	34	35	36	37	38	39	40	
.	240	420950	463237	652591	870063	870270	870272	894468	940511	1012601	1095854	1129572	1139729	1170323	1191261	1204215	1207796	1367401	1492105	1603264	1768844	1881427	1921577	2186815	2361426	2568059	3210100	3390660	
.	241	2	11	12	13	14	20	21	22	23	24	25	27	28	29	30	31	32	33	34	35	36	37	38	39	40	
.	241	428035	505292	790293	875537	875708	921049	1005173	1026030	1167311	1168938	1173852	1201016	1217807	1234008	1368422	1522890	1604460	1768763	1885161	1931820	2187625	2361564	2566969	3209814	3390660	
.	242	2	11	12	13	14	20	21	22	23	24	25	27	28	29	30	31	32	33	34	35	36	37	38	39	40	
.	242	434807	506711	785219	865120	865282	909700	992801	1013299	1154985	1156535	1159599	1189926	1209185	1233420	1352264	1532420	1596933	1751411	1870755	1922221	2171693	2345471	2552230	3206685	3390660	
.	243	2	11	12	13	14	15	20	21	22	23	24	25	27	28	29	30	31	32	33	34	35	36	37	38	39	40	
.	243	441463	515348	802607	879863	879989	879990	924087	1005787	1025218	1164221	1165552	1168715	1199300	1218448	1240435	1363337	1540249	1606662	1759296	1879243	1929754	2179316	2350911	2556469	3205765	3390660	
.	244	2	11	12	13	14	20	21	22	23	24	25	26	27	28	29	30	31	32	33	34	35	36	37	38	39	40	
.	244	448420	501405	733590	903017	903132	934851	993255	1052989	1151633	1177971	1181462	1202390	1225793	1240225	1248878	1397729	1537092	1634796	1797761	1912185	1955122	2214702	2385902	2586967	3214537	3390660	
.	245	2	11	12	13	14	20	21	22	23	24	25	26	27	28	29	30	31	32	33	34	35	36	37	38	39	40	
.	245	455686	483808	647220	925840	925947	942759	973861	1058160	1129219	1171602	1190519	1235584	1255083	1267257	1269115	1432171	1555198	1672136	1837809	1947474	1985447	2247390	2417721	2616220	3224549	3390660	
.	246	2	11	12	13	14	20	21	22	23	24	25	26	27	28	29	30	31	32	33	34	35	36	37	38	39	40	
.	246	462998	494946	674454	942169	942247	961143	995982	1090098	1156364	1202675	1212216	1254354	1273934	1285821	1287611	1450618	1573649	1691399	1858459	1967186	2004124	2263452	2433727	2631348	3228678	3390660	
.	247	2	11	12	13	14	20	21	22	23	24	25	26	27	28	29	30	31	32	33	34	35	36	37	38	39	40	
.	247	470308	544215	842877	942059	942106	985965	1063122	1097195	1231393	1240406	1242464	1249114	1279553	1298639	1320650	1445304	1619932	1684153	1851073	1967309	2014884	2257783	2428019	2626709	3229088	3390660	
.	248	2	11	12	13	14	20	21	22	23	24	25	26	27	28	29	30	31	32	33	34	35	36	37	38	39	40	
.	248	477225	547757	841496	955761	955809	997795	1071122	1111930	1239130	1252637	1255858	1266135	1291501	1307338	1319711	1463181	1613842	1702326	1867893	1980524	2022960	2274046	2443465	2639330	3232289	3390660	
.	249	2	11	12	13	14	20	21	22	23	24	25	27	28	29	30	31	32	33	34	35	36	37	38	39	40	
.	249	484227	564124	889955	950849	950884	999539	1085567	1107126	1260011	1260811	1263226	1293476	1312577	1334861	1459025	1643743	1707458	1866971	1982398	2029523	2271601	2441682	2638609	3233932	3390660	
.	250	2	11	12	13	14	20	21	22	23	24	25	26	27	28	29	30	31	32	33	34	35	36	37	38	39	40	
.	250	491103	561919	865237	956176	956197	999744	1077134	1111097	1247342	1256493	1258787	1265957	1293805	1311253	1329235	1459722	1626549	1698511	1866761	1981104	2026834	2271811	2441739	2640280	3234564	3390660	
.	251	2	11	12	13	14	20	21	22	23	24	25	27	28	29	30	31	32	33	34	35	36	37	38	39	40	
.	251	498264	574922	899048	952699	952724	1000510	1084995	1105004	1254149	1254759	1257216	1286105	1304104	1323889	1450746	1630964	1699516	1858241	1972500	2018591	2261574	2431133	2629500	3232077	3390660	
.	252	2	11	12	13	14	20	21	22	23	24	25	27	28	29	30	31	32	33	34	35	36	37	38	39	40	
.	252	505459	582590	909837	960550	960565	1007496	1089745	1109185	1257152	1257827	1258604	1294221	1316544	1346497	1452031	1662913	1698292	1855506	1975164	2027773	2261237	2431433	2630106	3230983	3390660	
.	253	2	10	11	12	13	14	18	19	20	21	22	23	24	25	26	27	28	29	30	31	32	33	34	35	36	37	38	39	40	
.	253	512641	517007	589130	924796	969243	969254	970408	972143	1017912	1106912	1124907	1261568	1262125	1263909	1264525	1301495	1325148	1360872	1456802	1689721	1708890	1856843	1979102	2035262	2264285	2434105	2631635	3232142	3390660	
.	254	2	11	12	13	14	20	21	22	23	24	25	27	28	29	30	31	32	33	34	35	36	37	38	39	40	
.	254	520002	593306	920003	963794	963802	1009557	1090625	1110089	1257591	1258098	1258388	1294828	1317816	1352193	1450195	1671690	1694176	1851018	1971660	2027006	2257055	2427032	2625122	3229410	3390660	
.	255	2	10	11	12	13	14	18	19	20	21	22	23	24	25	26	27	28	29	30	31	32	33	34	35	36	37	38	39	40	
.	255	527780	531949	601888	944725	984502	984509	985616	987403	1033456	1123853	1142119	1282656	1283105	1285012	1285626	1320023	1342490	1376783	1474937	1699842	1721686	1877424	1996446	2050952	2279494	2447340	2642247	3234649	3390660	
.	256	2	10	11	12	13	14	18	19	20	21	22	23	24	25	26	27	28	29	30	31	32	33	34	35	36	37	38	39	40	
.	256	535734	539851	610439	967326	1006334	1006337	1007411	1009209	1056046	1149320	1167788	1311969	1312325	1314403	1314976	1348225	1369835	1402115	1503829	1725510	1751751	1909206	2027283	2080110	2308199	2474961	2666741	3243085	3390660	
.	257	2	10	11	12	13	14	18	19	20	21	22	23	24	25	26	27	28	29	30	31	32	33	34	35	36	37	38	39	40	
.	257	543585	547869	618363	983150	1020232	1020239	1021290	1023033	1069500	1163635	1182270	1327836	1328147	1329785	1330328	1365564	1388623	1424358	1519351	1767820	1784347	1927224	2045980	2101309	2324447	2490322	2681268	3248359	3390660	
.	258	2	10	11	12	13	14	18	19	20	21	22	23	24	25	26	27	28	29	30	31	32	33	34	35	36	37	38	39	40	
.	258	551333	555639	628567	993428	1027395	1027397	1028508	1030373	1078464	1173970	1192583	1342807	1343158	1344816	1345395	1381422	1404675	1439755	1532554	1767744	1781683	1942490	2060006	2113925	2334642	2500928	2690834	3250605	3390660	
.	259	2	10	11	12	13	18	19	20	21	22	23	24	25	26	27	28	29	30	31	32	33	34	35	36	37	38	39	40	
.	259	558811	562832	635811	995211	1025831	1026927	1028733	1076650	1169811	1188300	1336008	1336278	1337927	1338491	1374867	1398253	1433469	1526749	1799043	1815659	1936917	2055428	2108539	2329514	2497697	2689367	3250944	3390660	
.	260	2	10	11	12	13	18	19	20	21	22	23	24	25	26	27	28	29	30	31	32	33	34	35	36	37	38	39	40	
.	260	566537	570369	640180	994956	1023706	1024791	1026528	1074338	1166828	1186170	1335225	1335484	1337143	1337711	1373318	1396312	1432448	1525734	1815201	1832020	1936240	2053670	2107769	2330167	2498272	2690042	3252615	3390660	
.	261	2	10	11	12	13	14	18	19	20	21	22	23	24	25	26	27	28	29	30	31	32	33	34	35	36	37	38	39	40	
.	261	574932	578930	648848	1020126	1047935	1047937	1048999	1050734	1098156	1190972	1209461	1353416	1353616	1355261	1355823	1390892	1414004	1449753	1545477	1838667	1854345	1954870	2073785	2127115	2349158	2515038	2704083	3257636	3390660	
.	262	2	10	11	12	13	18	19	20	21	22	23	24	25	26	27	28	29	30	31	32	33	34	35	36	37	38	39	40	
.	262	583267	587223	656143	1031768	1057825	1058832	1060584	1107532	1200846	1218894	1366407	1366598	1368144	1368681	1403757	1426504	1461952	1557865	1898110	1916643	1968111	2086234	2140180	2359563	2524853	2713599	3260320	3390660	
.	263	2	10	11	12	13	14	18	19	20	21	22	23	24	25	26	27	28	29	30	31	32	33	34	35	36	37	38	39	40	
.	263	591788	599160	664828	1044071	1067200	1067201	1069108	1072321	1118316	1217346	1234019	1372847	1373018	1376378	1377480	1411111	1433115	1468173	1564167	1927545	1946212	1973017	2090748	2144836	2363848	2527761	2715698	3262037	3390660	
.	264	2	10	11	12	13	18	19	20	21	22	23	24	25	26	27	28	29	30	31	32	33	34	35	36	37	38	39	40	
.	264	600789	604733	675479	1064042	1087249	1088267	1090013	1138069	1233830	1252238	1405975	1406130	1407672	1408188	1443347	1465792	1500886	1596168	1890789	1903445	2008051	2123558	2176174	2390635	2553666	2738032	3265970	3390660	
.	265	2	10	11	12	13	14	18	19	20	21	22	23	24	25	26	27	28	29	30	31	32	33	34	35	36	37	38	39	40	
.	265	609732	613746	685699	1070718	1091397	1091399	1092456	1094266	1142919	1239223	1258147	1417433	1417573	1419059	1419616	1454708	1477096	1512340	1604821	1885001	1895870	2021126	2134891	2186514	2398910	2563545	2748902	3270369	3390660	
.	266	2	10	11	12	13	14	18	19	20	21	22	23	24	25	26	27	28	29	30	31	32	33	34	35	36	37	38	39	40	
.	266	618953	622945	692151	1069615	1088064	1088066	1089162	1090963	1139063	1232400	1251487	1406550	1406669	1408161	1408690	1443776	1466455	1502309	1596761	1905456	1916820	2014559	2129537	2181422	2395412	2561169	2748166	3272828	3390660	
.	267	2	10	11	12	13	18	19	20	21	22	23	24	25	26	27	28	29	30	31	32	33	34	35	36	37	38	39	40	
.	267	628332	632205	701438	1083656	1101064	1102120	1103922	1150882	1243018	1260892	1407621	1407738	1409314	1409864	1445205	1467990	1503024	1598183	1955579	1968634	2012212	2127945	2180476	2395806	2561007	2747505	3273214	3390660	
.	268	2	10	11	12	13	14	18	19	20	21	22	23	24	25	26	27	28	29	30	31	32	33	34	35	36	37	38	39	40	
.	268	638326	641920	711222	1091332	1107103	1107104	1108113	1109898	1157715	1251188	1269637	1420577	1420661	1422157	1422724	1457646	1479974	1515155	1609225	1901756	1910607	2024791	2139484	2191027	2405413	2569287	2753451	3273838	3390660	
.	269	2	11	12	13	20	21	22	23	24	25	27	28	29	30	31	32	33	34	35	36	37	38	39	40	
.	269	648582	724273	1115386	1131073	1180641	1265939	1284729	1444669	1444776	1444782	1481628	1504798	1539407	1633428	1933192	1941709	2047551	2159973	2210463	2422203	2585194	2766781	3277407	3390660	
.	270	2	10	11	12	13	18	19	20	21	22	23	24	25	26	27	28	29	30	31	32	33	34	35	36	37	38	39	40	
.	270	658932	666272	733692	1123179	1135706	1137641	1140826	1188509	1288373	1305706	1448933	1449017	1452148	1453217	1486546	1508567	1542944	1636714	1972278	1981425	2050503	2163077	2213114	2424162	2586773	2769890	3278780	3390660	
.	271	2	10	11	12	13	14	18	19	20	21	22	23	24	25	26	27	28	29	30	31	32	33	34	35	36	37	38	39	40	
.	271	669390	673005	743060	1123729	1135349	1135350	1136354	1138119	1186258	1277788	1295915	1446629	1446712	1448232	1448791	1484052	1506536	1540994	1633601	1976004	1984761	2047699	2159871	2209225	2419259	2582223	2765893	3277873	3390660	
.	272	2	10	11	12	13	18	19	20	21	22	23	24	25	26	27	28	29	30	31	32	33	34	35	36	37	38	39	40	
.	272	680917	688135	755975	1145793	1156327	1158142	1161306	1208832	1307791	1324424	1463400	1463463	1466709	1467776	1501145	1523367	1557005	1650466	1977744	1985092	2061462	2173685	2222628	2432606	2594928	2774800	3278686	3390660	
.	273	2	10	11	12	13	18	19	20	21	22	23	24	25	26	27	28	29	30	31	32	33	34	35	36	37	38	39	40	
.	273	692700	696563	767844	1165559	1175789	1176761	1178480	1226820	1319225	1336904	1485263	1485324	1486709	1487244	1521957	1544592	1578437	1672849	2022692	2030199	2083416	2194852	2243426	2452784	2612303	2789357	3281942	3390660	
.	274	2	10	11	12	13	14	18	19	20	21	22	23	24	25	26	27	28	29	30	31	32	33	34	35	36	37	38	39	40	
.	274	704815	722332	777845	1171479	1178902	1178903	1183515	1191066	1236975	1357359	1371974	1492801	1492839	1501146	1503847	1531242	1551469	1585575	1679777	2067846	2075550	2093272	2204483	2252739	2460796	2621073	2798854	3285617	3390660	
.	275	2	10	11	12	13	18	19	20	21	22	23	24	25	26	27	28	29	30	31	32	33	34	35	36	37	38	39	40	
.	275	717673	735215	789606	1182497	1189120	1193702	1201346	1247335	1368081	1382459	1504627	1504665	1513013	1515816	1542769	1562551	1596524	1688647	2070842	2077636	2103579	2212981	2261297	2468094	2627392	2803628	3286950	3390660	
.	276	2	10	11	12	13	14	18	19	20	21	22	23	24	25	26	27	28	29	30	31	32	33	34	35	36	37	38	39	40	
.	276	731607	735328	807305	1218581	1226729	1226730	1227711	1229449	1279224	1375432	1393445	1549247	1549276	1550631	1551149	1585263	1607348	1640772	1734227	2063374	2068386	2147361	2255073	2302138	2505318	2660951	2832045	3293613	3390660	
.	277	2	10	11	12	13	14	18	19	20	21	22	23	24	25	26	27	28	29	30	31	32	33	34	35	36	37	38	39	40	
.	277	744919	752218	821467	1229978	1236670	1236671	1238410	1241625	1290725	1394419	1411761	1560416	1560453	1563383	1564401	1596842	1618026	1651064	1742853	2063477	2067945	2155678	2261536	2307840	2508229	2664097	2834496	3294183	3390660	
.	278	2	10	11	12	13	18	19	20	21	22	23	24	25	26	27	28	29	30	31	32	33	34	35	36	37	38	39	40	
.	278	758836	762628	833302	1235946	1242200	1243185	1244973	1295218	1392330	1411015	1569154	1569175	1570477	1571007	1604230	1625559	1659157	1749510	2106515	2111317	2164214	2270009	2315637	2514447	2670678	2841204	3296538	3390660	
.	279	2	10	11	12	13	18	19	20	21	22	23	24	25	26	27	28	29	30	31	32	33	34	35	36	37	38	39	40	
.	279	773215	780686	845382	1241676	1246951	1249026	1252435	1301630	1406415	1424326	1574074	1574091	1577197	1578327	1609270	1629953	1664336	1754624	2115938	2120140	2173587	2279123	2325044	2523202	2680189	2849638	3299786	3390660	
.	280	2	10	11	12	13	18	19	20	21	22	23	24	25	26	27	28	29	30	31	32	33	34	35	36	37	38	39	40	
.	280	787899	794512	858080	1256897	1261796	1263666	1266644	1314812	1416963	1434687	1583191	1583206	1586125	1587175	1617855	1638360	1672957	1763591	2149786	2153891	2180071	2285525	2331899	2529382	2685177	2854743	3302154	3390660	
.	281	2	10	11	12	13	18	19	20	21	22	23	24	25	26	27	28	29	30	31	32	33	34	35	36	37	38	39	40	
.	281	803725	823103	870757	1257650	1260846	1265969	1274547	1319181	1445615	1459116	1573808	1573819	1583359	1586528	1610413	1628626	1662876	1753781	2167231	2171275	2171299	2277807	2325147	2523876	2681045	2852111	3302651	3390660	
.	282	2	10	11	12	13	18	19	20	21	22	23	24	25	26	27	28	29	30	31	32	33	34	35	36	37	38	39	40	
.	282	820837	827550	888769	1277312	1281079	1282841	1285831	1331225	1430541	1446854	1589377	1589384	1592337	1593289	1624234	1644850	1677984	1767667	2150871	2154241	2180799	2285899	2332507	2529848	2685107	2854442	3302831	3390660	
.	283	2	10	11	12	13	18	19	20	21	22	23	24	25	26	27	28	29	30	31	32	33	34	35	36	37	38	39	40	
.	283	838977	842212	906104	1301384	1305136	1306022	1307589	1353687	1445041	1462132	1610644	1610658	1611999	1612446	1644650	1665740	1698437	1790038	2136047	2138685	2199598	2304390	2350989	2544956	2697793	2864350	3304644	3390660	
.	284	2	10	11	12	13	18	19	20	21	22	23	24	25	26	27	28	29	30	31	32	33	34	35	36	37	38	39	40	
.	284	858235	877476	923148	1311748	1314172	1319079	1327824	1370083	1493843	1506031	1613426	1613432	1622786	1625997	1649715	1667829	1700414	1791597	2179493	2182291	2200082	2304717	2350859	2545653	2698372	2865655	3304915	3390660	
.	285	2	10	11	12	13	18	19	20	21	22	23	24	25	26	27	28	29	30	31	32	33	34	35	36	37	38	39	40	
.	285	879355	885967	942950	1325998	1328935	1330701	1333841	1377186	1474306	1489155	1624944	1624952	1628149	1629159	1658655	1678405	1710164	1801036	2187777	2190312	2207419	2311628	2357877	2550784	2702940	2868500	3305569	3390660	
.	286	2	10	11	12	13	18	19	20	21	22	23	24	25	26	27	28	29	30	31	32	33	34	35	36	37	38	39	40	
.	286	902028	929435	964463	1344283	1345855	1352700	1365105	1404101	1546141	1555061	1638261	1638262	1651763	1656122	1675303	1691688	1722773	1813894	2208403	2210777	2219354	2323004	2368738	2560026	2710879	2875688	3307533	3390660	
.	287	2	10	11	12	13	18	19	20	21	22	23	24	25	26	27	28	29	30	31	32	33	34	35	36	37	38	39	40	
.	287	927054	961929	986878	1354325	1355363	1364428	1380492	1416817	1573124	1579636	1639816	1639818	1658478	1664587	1678419	1693174	1723888	1815490	2220934	2223141	2223146	2327568	2373048	2565794	2718051	2883940	3310836	3390660	
.	288	2	10	11	12	13	18	19	20	21	22	23	25	26	27	28	29	30	31	32	33	34	35	36	37	38	39	40	
.	288	955789	988053	1016634	1386616	1387642	1395715	1410285	1446753	1594648	1601935	1668678	1685442	1690580	1706096	1721061	1750742	1841997	2241269	2243310	2243313	2345130	2389774	2579265	2728952	2891201	3312095	3390660	
.	289	2	10	11	12	13	18	19	20	21	22	23	25	26	27	28	29	30	31	32	33	34	35	36	37	38	39	40	
.	289	987335	1019085	1046191	1407170	1408100	1416492	1431755	1468480	1619870	1627013	1694509	1711285	1716718	1731755	1746491	1775958	1864631	2258158	2259960	2268626	2367800	2410585	2595697	2745128	2904976	3314729	3390660	
.	290	2	10	11	12	13	18	19	20	21	22	23	25	26	27	28	29	30	31	32	33	34	35	36	37	38	39	40	
.	290	1021723	1073936	1076786	1423438	1423528	1437576	1462659	1493326	1690085	1690782	1698266	1727491	1736988	1738602	1748937	1778432	1868102	2273824	2275497	2275500	2375822	2418536	2605819	2756219	2916374	3318281	3390660	
.	291	2	10	11	12	13	18	19	20	21	22	23	24	25	26	27	28	29	30	31	32	33	34	35	36	37	38	39	40	
.	291	1061282	1100152	1114714	1456660	1457065	1467464	1486458	1518838	1686844	1690689	1728814	1728815	1750530	1757600	1765777	1778067	1806009	1893247	2291826	2293235	2293237	2391040	2432820	2617192	2764533	2921978	3319448	3390660	
.	292	2	10	11	12	13	18	19	20	21	22	23	25	26	27	28	29	30	31	32	34	35	36	37	38	39	40	
.	292	1106476	1147668	1155265	1472696	1472909	1484328	1505643	1535892	1715453	1717549	1738831	1763142	1771143	1775813	1786514	1813900	1900475	2301360	2302717	2399612	2441154	2623467	2770853	2927386	3321316	3390660	
.	293	2	10	11	12	13	18	19	20	21	22	23	24	25	26	27	28	29	30	31	32	33	34	35	36	37	38	39	40	
.	293	1159960	1186565	1206075	1520436	1520934	1528475	1542965	1574050	1715431	1720868	1775522	1775523	1791485	1796836	1808762	1821538	1847692	1934016	2328667	2329880	2329883	2424659	2465051	2645451	2789534	2942652	3323851	3390660	
.	294	2	10	11	12	13	18	19	20	21	22	23	25	26	27	28	29	30	31	32	33	34	35	36	37	38	39	40	
.	294	1220302	1258614	1260551	1546963	1546999	1558302	1580005	1605976	1782437	1783033	1789883	1815084	1823384	1824580	1833791	1859041	1942860	2335971	2337018	2337019	2430761	2470043	2647661	2790990	2943377	3324383	3390660	
.	295	2	10	11	12	13	18	19	20	21	22	23	25	26	27	28	29	30	31	32	33	34	35	36	37	38	39	40	
.	295	1293785	1325329	1327552	1577647	1577701	1587464	1606941	1629973	1790269	1790912	1798467	1821879	1829516	1831094	1839981	1863548	1946465	2334912	2335853	2335854	2428259	2467425	2644382	2788484	2941924	3323434	3390660	
.	296	2	10	11	12	13	18	19	20	21	22	23	25	26	27	28	29	30	31	32	33	34	35	36	37	38	39	40	
.	296	1384249	1407903	1412658	1635229	1635335	1642938	1658599	1679620	1813056	1814490	1831002	1850693	1856954	1860734	1869844	1890439	1974349	2345990	2346800	2354980	2446004	2484317	2659230	2799805	2949248	3324944	3390660	
.	297	2	10	11	12	13	18	19	20	21	22	23	25	26	27	28	29	30	31	32	33	34	35	36	37	38	39	40	
.	297	1495948	1515158	1516349	1697069	1697089	1703761	1718949	1736080	1861414	1861860	1867323	1887074	1893266	1894505	1902278	1920695	2003400	2376303	2377054	2377055	2466253	2503117	2675399	2813514	2959365	3326205	3390660	
.	298	2	10	11	12	13	18	19	20	21	22	23	25	26	27	28	29	30	31	32	34	35	36	37	38	39	40	
.	298	1645437	1651804	1657468	1784832	1784977	1787562	1794066	1808476	1878510	1880739	1912880	1921755	1924591	1933100	1942362	1956861	2038378	2399372	2399980	2487125	2522792	2689927	2825180	2969975	3328095	3390660	
.	299	2	10	11	12	13	18	19	20	21	22	23	25	26	27	28	29	30	31	32	33	34	35	36	37	38	39	40	
.	299	1871017	1871705	1873998	1917442	1917502	1918186	1919863	1929389	1959369	1961250	1990262	1992990	1993775	2003558	2011075	2019504	2098562	2430673	2431144	2438874	2522154	2555797	2717875	2847091	2986231	3330863	3390660	
A	0	15	27	30	31	32	33	34	35	
A	0	42301	76397	83626	163199	214818	309118	329723	904992	
A	1	15	27	30	31	32	33	34	35	
A	1	49413	85031	104200	188823	259195	344975	377847	959689	
A	2	15	27	30	31	32	33	34	35	
A	2	50394	79200	112960	205783	303521	385829	429097	907553	
A	3	15	27	30	31	32	33	34	35	
A	3	46464	72756	92581	171052	247668	327481	365857	856877	
A	4	15	27	30	31	32	33	34	35	
A	4	52141	78538	106358	198993	296116	383603	425207	871048	
A	5	14	15	16	27	28	30	31	34	35	36	37	38	39	40	
A	5	3829	6612	42757	71252	72159	83095	94268	129057	146799	188755	220672	279892	555148	884200	
A	6	14	15	16	27	28	30	31	34	35	36	37	38	39	40	
A	6	3790	6638	43645	70172	70969	81484	91855	123469	138546	175694	203584	257042	510739	880351	
A	7	14	15	16	27	28	30	31	34	35	36	37	38	39	40	
A	7	3752	6377	40046	65688	66304	74373	84350	113373	128239	162561	189230	238782	498525	891281	
A	8	14	15	16	27	28	30	31	34	35	36	37	38	39	40	
A	8	3432	6089	37479	63379	63909	71438	80575	109181	124833	156865	183582	232057	489540	871989	
A	9	14	15	16	27	28	30	31	34	35	36	37	38	39	40	
A	9	3930	6826	41348	67997	68691	77699	87454	117948	133804	168886	197053	249753	504529	883062	
A	10	14	15	16	27	28	30	31	34	35	36	37	38	39	40	
A	10	4276	7391	45914	72736	73599	84659	95703	128890	144287	183131	211901	268412	521608	885952	
A	11	14	15	16	27	28	30	31	34	35	36	37	38	39	40	
A	11	4234	7362	46400	74405	75239	86036	96888	130007	145218	183300	211605	266983	514380	886668	
A	12	14	15	16	27	28	30	31	34	35	36	37	38	39	40	
A	12	4208	7351	45572	73153	74044	85387	96478	130799	146388	186181	216036	274585	525248	887560	
A	13	14	15	16	27	28	30	31	34	35	36	37	38	39	40	
A	13	4359	7527	46734	74567	75506	87337	98677	132976	148564	188766	218279	277016	525262	892997	
A	14	14	15	16	27	28	30	31	34	35	36	37	38	39	40	
A	14	4492	7828	48036	74887	75972	89289	101270	137572	152756	195433	225394	287012	528826	883620	
A	15	14	15	16	27	28	30	31	34	35	36	37	38	39	40	
A	15	4803	8191	50239	77430	78607	92652	104919	141798	157027	200419	230513	291949	534520	883614	
A	16	14	15	16	27	28	30	31	34	35	36	37	38	39	40	
A	16	4970	8534	51263	78539	79803	94222	106685	145108	160479	204234	234909	297375	538475	881998	
A	17	14	15	16	27	28	30	31	34	35	36	37	38	39	40	
A	17	4638	8089	48628	76335	77467	91116	103089	140533	156529	199711	230946	293949	539193	880032	
A	18	14	15	16	27	28	30	31	34	35	36	37	38	39	40	
A	18	4079	7061	42753	70689	71681	83241	94124	129548	146484	187146	218134	279673	530411	882191	
A	19	14	15	16	27	28	30	31	34	35	36	37	38	39	40	
A	19	4249	7392	44452	71771	72882	85226	96289	131892	148711	190037	220908	284187	530165	882010	
A	20	14	15	16	27	28	30	31	34	35	36	37	38	39	40	
A	20	4024	6986	44602	72412	73417	84920	96234	131246	148450	189127	219926	280497	533595	876547	
A	21	14	15	16	27	28	30	31	34	35	36	37	38	39	40	
A	21	4419	7738	47648	74952	75910	87601	98988	133584	149924	190537	220600	280523	531475	876425	
A	22	14	15	16	27	28	30	31	34	35	36	37	38	39	40	
A	22	4328	7454	47103	75701	76730	88494	100018	136832	154845	196805	228792	289650	547259	878617	
A	23	14	15	16	27	28	30	31	34	35	36	37	38	39	40	
A	23	3813	6610	41317	69497	70267	79869	89946	122707	140317	178039	208196	264689	520853	877263	
A	24	14	15	16	27	28	30	31	34	35	36	37	38	39	40	
A	24	3729	6525	40500	67883	68696	78569	88751	121742	138875	177311	206854	264343	519204	878325	
A	25	14	15	16	27	28	30	31	34	35	36	37	38	39	40	
A	25	4336	7539	46492	73245	74237	86816	98010	133626	149835	191263	221388	283151	531850	877783	
A	26	14	15	16	27	28	30	31	34	35	36	37	38	39	40	
A	26	5192	8885	54982	82270	83575	99326	112248	151866	167505	213759	244887	309441	554614	869345	
A	27	14	15	16	27	28	30	31	34	35	36	37	38	39	40	
A	27	5378	9226	57438	85329	86746	103081	116449	156768	172684	219862	251711	315652	563240	871400	
A	28	14	15	16	27	28	30	31	34	35	36	37	38	39	40	
A	28	5181	9145	52934	81772	83087	98277	110650	149116	165415	210663	242030	306154	554891	876473	
A	29	14	15	16	27	28	30	31	34	35	36	37	38	39	40	
A	29	5805	10076	58094	86799	88379	106583	119837	162648	179280	228961	262496	330056	573318	870924	
A	30	14	15	16	27	28	30	31	34	35	36	37	38	39	40	
A	30	5081	9020	51762	80255	81603	96560	108952	148853	165695	212012	244681	310196	560839	873051	
A	31	14	15	16	27	28	30	31	34	35	36	37	38	39	40	
A	31	5340	9339	53831	81814	83177	98703	111433	150797	167452	213909	246027	311706	559933	872475	
A	32	14	15	16	27	28	30	31	34	35	36	37	38	39	40	
A	32	5258	9067	53452	82827	84050	98687	111660	150951	167853	214319	246920	310473	563963	869697	
A	33	14	15	16	27	28	30	31	34	35	36	37	38	39	40	
A	33	5341	9120	53986	82943	84129	98475	111242	149930	166743	212088	243801	304426	558714	869812	
A	34	14	15	16	27	28	30	31	34	35	36	37	38	39	40	
A	34	4930	8502	50423	79344	80410	93838	106139	143491	160846	204738	236236	297025	552569	874064	
A	35	14	15	16	27	28	30	31	34	35	36	37	38	39	40	
A	35	4900	8495	49201	78178	79176	91261	103398	139464	156829	199322	230458	289338	546511	869800	
A	36	14	15	16	27	28	30	31	34	35	36	37	38	39	40	
A	36	5282	9022	52340	83571	84643	97742	110704	150016	168263	214438	247327	308439	568386	871691	
A	37	14	15	16	27	28	30	31	34	35	36	37	38	39	40	
A	37	5313	9006	50694	80566	81558	92920	105045	141299	158636	201075	231665	288778	548486	873331	
A	38	14	15	16	27	28	30	31	34	35	36	37	38	39	40	
A	38	5772	9873	56001	85702	86830	100855	113754	152195	169071	214227	245976	306392	559021	867050	
A	39	14	15	16	27	28	30	31	34	35	36	37	38	39	40	
A	39	5467	9314	51747	81553	82725	95685	107825	145307	162134	205414	235819	295779	548672	870550	
A	40	14	15	16	27	28	30	31	34	35	36	37	38	39	40	
A	40	5252	8996	49937	78953	80090	93403	105624	142529	158968	202085	232612	292695	543133	872651	
A	41	14	15	16	27	28	30	31	34	35	36	37	38	39	40	
A	41	5450	9227	51641	80544	81735	95889	108428	146710	163586	207917	239260	299958	549269	868446	
A	42	14	15	16	27	28	30	31	34	35	36	37	38	39	40	
A	42	6208	10399	59179	89323	90835	108535	122507	165709	182728	233957	267593	332686	581725	869718	
A	43	14	15	16	27	28	30	31	34	35	36	37	38	39	40	
A	43	5580	9487	53932	84294	85716	101901	115338	157041	174615	224243	258221	322701	579977	874480	
A	44	14	15	16	27	28	30	31	34	35	36	37	38	39	40	
A	44	5918	10157	58058	88881	90492	108540	122953	167864	185998	239076	274143	340151	596204	868853	
A	45	14	15	16	27	28	30	31	34	35	36	37	38	39	40	
A	45	6055	10317	58550	89747	91330	109527	124156	169613	188317	242013	277784	342676	601534	871906	
A	46	14	15	16	27	28	30	31	34	35	36	37	38	39	40	
A	46	5965	10232	58034	89838	91403	108634	123215	167878	186721	239252	274305	337572	600057	872975	
A	47	14	15	16	27	28	30	31	34	35	36	37	38	39	40	
A	47	5948	10077	58055	89445	91001	108717	123417	168067	186605	239441	274472	338841	598950	868300	
A	48	14	15	16	27	28	30	31	34	35	36	37	38	39	40	
A	48	5826	9986	57038	88157	89561	106038	120442	163781	182301	233908	268681	330764	596027	869303	
A	49	14	15	16	27	28	30	31	34	35	36	37	38	39	40	
A	49	5183	8724	50250	81570	82823	97484	110629	152739	172069	222199	257138	319471	590370	872541	
A	50	14	15	16	27	28	30	31	34	35	36	37	38	39	40	
A	50	5409	9159	52576	84043	85441	100572	114196	157449	177106	227885	263303	324952	594353	870135	
A	51	14	15	16	27	28	30	31	34	35	36	37	38	39	40	
A	51	6063	10244	57257	88773	90291	107165	121840	167360	186417	239674	275607	339088	606041	869841	
A	52	14	15	16	27	28	30	31	34	35	36	37	38	39	40	
A	52	5824	9836	55036	86802	88190	104128	118106	161687	180983	232411	267908	331159	601897	874441	
A	53	14	15	16	27	28	30	31	34	35	36	37	38	39	40	
A	53	6021	10173	56539	88888	90328	107568	122003	167941	187349	240859	277270	341543	607892	869288	
A	54	14	15	16	27	28	30	31	34	35	36	37	38	39	40	
A	54	5537	9506	52543	83929	85236	100535	114346	157349	176261	227143	262413	325080	595215	870349	
A	55	14	15	16	27	28	30	31	34	35	36	37	38	39	40	
A	55	4883	8236	47107	78578	79719	92391	104794	144902	165023	211757	245927	305839	581886	876591	
A	56	14	15	16	27	28	30	31	34	35	36	37	38	39	40	
A	56	5329	8987	51220	82890	84168	99367	112710	155575	174972	224731	259905	321316	589042	871727	
A	57	14	15	16	27	28	30	31	34	35	36	37	38	39	40	
A	57	6547	11079	61439	95284	97032	116845	132603	182231	202188	259252	297100	362893	623241	870100	
A	58	14	15	16	27	28	30	31	34	35	36	37	38	39	40	
A	58	6015	10257	57943	91734	93353	111043	125784	172492	192154	245837	282294	346849	610948	873414	
A	59	14	15	16	27	28	30	31	34	35	36	37	38	39	40	
A	59	6385	10824	60593	95086	96887	116330	132026	181877	202471	259081	297261	362502	623725	868885	
A	60	14	15	16	27	28	30	31	34	35	36	37	38	39	40	
A	60	5801	10037	55613	89222	90863	108272	122940	169509	190011	243484	281175	346217	613905	871851	
A	61	14	15	16	27	28	30	31	34	35	36	37	38	39	40	
A	61	5515	9353	52963	86085	87544	103473	117480	162310	183208	234829	271070	334294	605157	876718	
A	62	14	15	16	27	28	30	31	34	35	36	37	38	39	40	
A	62	5399	9183	52299	85098	86538	102585	116037	161256	181608	232722	269313	333425	600541	871713	
A	63	14	15	16	27	28	30	31	34	35	36	37	38	39	40	
A	63	6707	11284	63202	99180	101219	121840	137765	189352	210551	268151	306577	373031	631214	869546	
A	64	14	15	16	27	28	30	31	34	35	36	37	38	39	40	
A	64	6555	10972	60044	95819	97563	115797	131153	180824	202719	258194	296430	362103	627539	871946	
A	65	14	15	16	27	28	30	31	34	35	36	37	38	39	40	
A	65	6282	10544	58684	92902	94515	111963	127123	174557	195354	249502	287031	350107	618058	869579	
A	66	14	15	16	27	28	30	31	34	35	36	37	38	39	40	
A	66	5849	9878	55562	89240	90770	107073	121458	168045	188889	241290	278645	341945	611527	873055	
A	67	14	15	16	27	28	30	31	34	35	36	37	38	39	40	
A	67	6389	10632	59013	93620	95200	112866	127642	175409	195825	250018	286777	350275	616491	873710	
A	68	14	15	16	27	28	30	31	34	35	36	37	38	39	40	
A	68	6531	11045	61172	96055	97768	116587	132005	180933	201734	256860	294358	358895	620524	868553	
A	69	14	15	16	27	28	30	31	34	35	36	37	38	39	40	
A	69	6170	10345	56349	90693	92236	108457	122798	168558	189433	241611	278366	340960	608589	872421	
A	70	14	15	16	27	28	30	31	34	35	36	37	38	39	40	
A	70	6202	10361	55698	89968	91537	107643	122022	168529	189753	242892	279905	342976	611887	874278	
A	71	14	15	16	27	28	30	31	34	35	36	37	38	39	40	
A	71	6024	10162	55539	88896	90367	106325	120762	166009	186424	238056	274476	336154	604724	871582	
A	72	14	15	16	27	28	30	31	34	35	36	37	38	39	40	
A	72	5941	9833	53705	88039	89498	104554	118443	163718	184637	235004	270880	331795	600579	873300	
A	73	14	15	16	27	28	30	31	34	35	36	37	38	39	40	
A	73	5940	10037	54237	89746	91267	107001	120832	166987	188952	240196	277214	340436	609446	877105	
A	74	14	15	16	27	28	30	31	34	35	36	37	38	39	40	
A	74	6172	10375	56982	92584	94170	111319	125840	173063	193968	247290	283657	346771	611581	870132	
A	75	14	15	16	27	28	30	31	34	35	36	37	38	39	40	
A	75	6130	10182	55027	88925	90355	106208	120184	165476	186357	236910	273033	335419	604738	873099	
A	76	14	15	16	27	28	30	31	34	35	36	37	38	39	40	
A	76	6192	10298	56114	90246	91721	107550	122018	167270	187852	238892	275110	336009	605387	874713	
A	77	14	15	16	27	28	30	31	34	35	36	37	38	39	40	
A	77	7199	12053	64944	100778	102614	122177	138070	188038	208727	265391	303331	367117	627963	867397	
A	78	14	15	16	27	28	30	31	34	35	36	37	38	39	40	
A	78	8525	14019	74916	112820	115006	138207	156203	211237	232562	293678	333318	398121	655104	868797	
A	79	14	15	16	27	28	30	31	34	35	36	37	38	39	40	
A	79	8031	13616	72115	108264	110274	131709	149056	201357	222455	282067	321078	386049	647989	869018	
A	80	14	15	16	27	28	30	31	34	35	36	37	38	39	40	
A	80	8547	14274	76000	114121	116336	139397	157571	213254	234819	296752	336582	401046	658049	864180	
A	81	14	15	16	27	28	30	31	34	35	36	37	38	39	40	
A	81	8563	14351	74998	112122	114230	136302	154293	207937	229660	290750	330425	394359	654835	864888	
A	82	14	15	16	27	28	30	31	34	35	36	37	38	39	40	
A	82	7987	13313	69283	105919	107907	127983	144881	196261	218074	276602	315593	380381	646078	870760	
A	83	14	15	16	27	28	30	31	34	35	36	37	38	39	40	
A	83	7171	12037	62654	99527	101367	119503	135123	184448	206794	263306	302021	366238	636169	872033	
A	84	14	15	16	27	28	30	31	34	35	36	37	38	39	40	
A	84	7705	12711	66204	103832	105900	126191	142770	194953	217374	276314	315746	381353	646889	871715	
A	85	14	15	16	27	28	30	31	34	35	36	37	38	39	40	
A	85	7573	12663	66474	103849	105775	124956	141513	192808	214967	273115	312170	376818	644852	872627	
A	86	14	15	16	27	28	30	31	34	35	36	37	38	39	40	
A	86	7177	11955	64173	101381	103099	121183	137283	186924	208912	264896	303029	365401	633816	870127	
A	87	14	15	16	27	28	30	31	34	35	36	37	38	39	40	
A	87	7416	12342	65762	103801	105738	125183	141932	193192	215338	273364	312360	376085	641613	871623	
A	88	14	15	16	27	28	30	31	34	35	36	37	38	39	40	
A	88	6314	10654	57259	94260	95909	111671	126258	173803	196779	250581	289030	351526	626085	876909	
A	89	14	15	16	27	28	30	31	34	35	36	37	38	39	40	
A	89	6268	10437	56745	93821	95542	111747	126402	173949	196364	250120	288314	351112	623270	874256	
A	90	14	15	16	27	28	30	31	34	35	36	37	38	39	40	
A	90	6986	11576	61307	98660	100549	118948	135116	185407	207974	264099	302631	366660	633398	873463	
A	91	14	15	16	27	28	30	31	34	35	36	37	38	39	40	
A	91	8027	13299	70376	108736	110999	133750	151057	205831	227563	287407	326902	392444	649661	871689	
A	92	14	15	16	27	28	30	31	34	35	36	37	38	39	40	
A	92	8367	13663	73154	113575	115917	138686	156955	212438	234814	295496	335151	399368	656773	869380	
A	93	14	15	16	27	28	30	31	34	35	36	37	38	39	40	
A	93	8326	13709	73670	113856	116369	140312	158747	214668	237610	299351	339518	404922	661277	871318	
A	94	14	15	16	27	28	30	31	34	35	36	37	38	39	40	
A	94	8174	13533	72982	112953	115521	139613	157574	213368	236243	297997	338295	403922	660549	872641	
A	95	14	15	16	27	28	30	31	34	35	36	37	38	39	40	
A	95	7841	13234	69719	108276	110660	132692	149707	203758	226712	286459	326126	391271	651157	870009	
A	96	14	15	16	27	28	30	31	34	35	36	37	38	39	40	
A	96	8403	13927	74285	113186	115760	140013	158291	214000	236279	297879	337936	403790	659350	868991	
A	97	14	15	16	27	28	30	31	34	35	36	37	38	39	40	
A	97	8702	14219	74576	113278	115907	139501	157364	212759	235840	297228	337321	403138	660599	870391	
A	98	14	15	16	27	28	30	31	34	35	36	37	38	39	40	
A	98	8327	13828	73553	112383	114912	137759	156014	210548	233897	295263	335593	400218	660083	867953	
A	99	14	15	16	27	28	30	31	34	35	36	37	38	39	40	
A	99	7136	11839	64299	103637	105831	123811	139989	190397	214975	271976	312239	375661	647953	872659	
A	100	14	15	16	27	28	30	31	34	35	36	37	38	39	40	
A	100	7950	12973	68294	108166	110612	131279	148045	201027	225110	284405	324686	389332	656239	873890	
A	101	12	13	14	15	16	23	25	26	27	28	30	31	32	33	34	35	36	37	38	39	40	
A	101	98	560	6993	16257	59585	59670	59844	59975	172816	175671	186717	205526	205580	205763	296174	401414	461421	557937	658984	845291	873661	
A	102	14	15	16	27	28	30	31	34	35	36	37	38	39	40	
A	102	6481	10910	56160	112268	114311	127420	146713	213050	257814	327294	395607	491839	820408	873066	
A	103	14	15	16	27	28	30	31	34	35	36	37	38	39	40	
A	103	5984	10134	52984	94205	96160	110285	126309	178501	208262	269017	315649	380230	736715	876400	
A	104	14	15	16	27	28	30	31	34	35	36	37	38	39	40	
A	104	5240	8681	46547	82409	84211	97030	110393	154702	180468	232384	272546	333181	654050	875410	
A	105	14	15	16	27	28	30	31	34	35	36	37	38	39	40	
A	105	5084	8352	44643	78634	80384	92705	105176	146882	171977	219738	257359	318076	612804	877017	
A	106	14	15	16	27	28	30	31	34	35	36	37	38	39	40	
A	106	5329	8607	46144	79485	81355	94567	106865	148620	172909	220914	257109	317749	599320	878891	
A	107	14	15	16	27	28	30	31	34	35	36	37	38	39	40	
A	107	6190	10340	53947	88116	90311	106604	120724	166306	189605	241711	278526	341579	610231	870643	
A	108	14	15	16	27	28	30	31	34	35	36	37	38	39	40	
A	108	5724	9755	51397	83583	85541	99994	113574	156018	178712	228466	264209	324649	596488	871741	
A	109	14	15	16	27	28	30	31	34	35	36	37	38	39	40	
A	109	5771	9794	52399	84483	86558	101729	115440	158052	180454	231193	266722	328416	599235	875143	
A	110	14	15	16	27	28	30	31	34	35	36	37	38	39	40	
A	110	5828	10075	52986	85249	87266	102574	116220	158793	180928	231243	266328	327603	595795	870151	
A	111	14	15	16	27	28	30	31	34	35	36	37	38	39	40	
A	111	5952	10438	52603	84711	86906	102715	116231	159326	181883	232474	268013	331473	597063	872162	
A	112	14	15	16	27	28	30	31	34	35	36	37	38	39	40	
A	112	5769	10252	51276	83800	85988	100745	114309	156925	179637	229402	264731	326317	594719	876222	
A	113	14	15	16	27	28	30	31	34	35	36	37	38	39	40	
A	113	6692	11372	59055	91868	94257	111741	126585	171810	193707	246133	282214	344288	605971	869655	
A	114	14	15	16	27	28	30	31	34	35	36	37	38	39	40	
A	114	5852	12129	52532	85279	87402	102528	116422	159208	182048	232556	268411	330470	598264	872710	
A	115	14	15	16	27	28	30	31	34	35	36	37	38	39	40	
A	115	6212	10638	54328	87647	89948	105230	119400	162292	185710	236164	271624	332737	601218	874281	
A	116	14	15	16	27	28	30	31	34	35	36	37	38	39	40	
A	116	6817	11596	57686	93354	95961	112437	127631	173835	198261	252138	289612	352412	619041	872103	
A	117	14	15	16	27	28	30	31	34	35	36	37	38	39	40	
A	117	7653	15167	65284	101880	104825	124546	140667	189792	214117	271020	309566	373856	633754	870139	
A	118	14	15	16	27	28	30	31	34	35	36	37	38	39	40	
A	118	7940	14037	65994	101382	104170	123261	139594	187848	212365	269497	307556	371133	635832	870543	
A	119	14	15	16	27	28	30	31	34	35	36	37	38	39	40	
A	119	6880	13101	60340	95379	97889	114941	130104	175135	198866	253361	290406	352658	621431	869502	
A	120	14	15	16	27	28	30	31	34	35	36	37	38	39	40	
A	120	6294	12500	54174	88614	90894	104801	118877	161061	186259	237115	273981	334588	611556	874223	
A	121	14	15	16	27	28	30	31	34	35	36	37	38	39	40	
A	121	6788	11611	57666	92743	95214	110173	125263	168754	193635	246113	283163	344865	618269	874443	
A	122	14	15	16	27	28	30	31	34	35	36	37	38	39	40	
A	122	7354	14909	61937	97867	100567	117566	133737	179457	204418	259614	297383	359346	627386	869663	
A	123	14	15	16	27	28	30	31	34	35	36	37	38	39	40	
A	123	7332	17037	61020	96543	99255	115822	131276	175652	200307	253873	291024	352223	620669	872096	
A	124	14	15	16	25	26	27	28	30	31	34	35	36	37	38	39	40	
A	124	8540	20532	65194	65372	65378	101556	104447	122869	139425	186885	212476	270352	309075	372055	638135	871792	
A	125	14	15	16	25	26	27	28	30	31	34	35	36	37	38	39	40	
A	125	7090	16183	54972	55138	55150	90417	93143	107397	121650	164536	190801	243235	281172	342331	618209	871856	
A	126	14	15	16	25	26	27	28	30	31	34	35	36	37	38	39	40	
A	126	7194	14886	55551	55735	55745	91814	94485	109136	123627	167725	194716	247784	286124	348006	623364	873702	
A	127	14	15	16	25	26	27	28	30	31	34	35	36	37	38	39	40	
A	127	7486	17946	56629	56826	56838	94358	97117	111706	126464	170698	198491	251991	290774	352457	630876	878108	
A	128	14	15	16	25	26	27	28	30	31	34	35	36	37	38	39	40	
A	128	6885	14538	54389	54593	54611	90888	93551	106861	121257	163406	190786	242388	280478	340945	617764	874941	
A	129	14	15	16	25	26	27	28	30	31	34	35	36	37	38	39	40	
A	129	6745	21129	53650	53841	53854	90775	93570	107654	122006	165470	193942	246236	285067	346591	626729	878071	
A	130	14	15	16	25	26	27	28	30	31	34	35	36	37	38	39	40	
A	130	7743	24742	59914	60115	60128	97433	100624	117371	133074	179053	206537	261939	300476	363232	634925	875133	
A	131	12	13	14	15	16	23	25	26	27	28	30	31	32	33	34	35	36	37	38	39	40	
A	131	221	756	7647	27096	60366	60497	60609	60660	97496	100665	118526	134646	134778	134916	181601	207623	263866	302591	365445	633955	871054	
A	132	12	13	14	15	16	23	25	26	27	28	30	31	32	33	34	35	36	37	38	39	40	
A	132	205	783	7722	27648	59552	59694	59810	59866	96819	99927	117027	133081	133200	133369	179925	207059	263083	302121	365584	636838	873613	
A	133	14	15	16	25	26	27	28	30	31	34	35	36	37	38	39	40	
A	133	8182	29751	62086	62298	62320	99592	102936	120676	136992	183929	211328	267651	306909	370304	640587	874957	
A	134	12	13	14	15	16	23	25	26	27	28	30	31	32	33	34	35	36	37	38	39	40	
A	134	213	752	7290	27295	57114	57268	57412	57469	94232	97355	113362	128362	128500	128660	173754	201424	255586	294337	356666	631045	873289	
A	135	14	15	16	25	26	27	28	30	31	34	35	36	37	38	39	40	
A	135	7634	27761	56345	56578	56602	93013	96212	111210	125991	169338	197501	250028	288519	350145	626618	875556	
A	136	14	15	16	25	26	27	28	30	31	34	35	36	37	38	39	40	
A	136	8853	32269	65242	65535	65561	102963	106562	125667	142275	190144	217785	275234	314340	377340	645296	873528	
A	137	12	13	14	15	16	23	25	26	27	28	30	31	32	33	34	35	36	37	38	39	40	
A	137	284	985	10466	40591	76074	76246	76408	76477	114423	118254	141838	160039	160195	160369	212387	238909	301448	341512	405810	661044	866176	
A	138	12	13	14	15	16	23	25	26	27	28	30	31	32	33	34	35	36	37	38	39	40	
A	138	303	1020	9868	38994	71816	72004	72141	72206	109706	113375	134420	152330	152494	152670	201874	229425	290304	330176	393308	657900	870906	
A	139	12	13	14	15	16	23	25	26	27	28	30	31	32	33	34	35	36	37	38	39	40	
A	139	327	1088	9994	40044	71675	71901	72071	72163	110796	114435	134592	152894	153072	153288	202403	230993	291596	331940	395424	661985	870901	
A	140	12	13	14	15	16	23	25	26	27	28	30	31	32	33	34	35	36	37	38	39	40	
A	140	357	1188	10383	42087	73521	73750	73938	74020	112702	116582	137421	155458	155637	155857	204487	232578	292775	332674	395023	659854	868699	
A	141	12	13	14	15	16	23	25	26	27	28	30	31	32	33	34	35	36	37	38	39	40	
A	141	329	1076	13126	41894	71600	71836	72754	72943	110905	114771	135750	153558	153757	154002	203030	231474	292112	332004	395242	658885	870179	
A	142	12	13	14	15	16	23	25	26	27	28	30	31	32	33	34	35	36	37	38	39	40	
A	142	370	1189	11217	46518	76732	77002	77224	77334	116342	120533	142660	161300	161502	161750	212135	241376	303123	344064	407167	668944	870419	
A	143	12	13	14	15	16	23	25	26	27	28	30	31	32	33	34	35	36	37	38	39	40	
A	143	378	1396	15096	45692	74438	74700	75937	76127	115420	119814	141754	160177	160403	160643	211695	240821	303143	344231	407446	669117	867212	
A	144	12	13	14	15	16	23	25	26	27	28	30	31	32	33	34	35	36	37	38	39	40	
A	144	367	1429	15476	45601	72882	73134	74528	74782	113348	117737	138972	157321	157510	157768	207576	237619	299057	340120	403521	668885	870023	
A	145	12	13	14	15	16	23	25	26	27	28	30	31	32	33	34	35	36	37	38	39	40	
A	145	377	1277	14899	48498	75354	75641	76720	76933	115381	119709	141275	160087	160327	160594	210260	240349	302783	343951	406836	672954	872303	
A	146	12	13	14	15	16	23	25	26	27	28	30	31	32	33	34	35	36	37	38	39	40	
A	146	390	1297	17548	53887	81801	82087	83483	83725	121658	126403	150162	169787	169993	170244	221835	251024	314968	355815	418266	675982	865904	
A	147	12	13	14	15	16	23	25	26	27	28	30	31	32	33	34	35	36	37	38	39	40	
A	147	357	1438	28728	53017	79018	79296	83237	83687	119339	124140	147979	167329	167552	167799	218767	248162	311979	353247	416523	674992	866139	
A	148	12	13	14	15	16	23	25	26	27	28	30	31	32	33	34	35	36	37	38	39	40	
A	148	349	1605	36900	56347	81687	81980	87291	87912	122803	127694	152872	172763	173015	173320	226480	256706	321580	363689	427832	685312	870477	
A	149	12	13	14	15	16	23	25	26	27	28	30	31	32	33	34	35	36	37	38	39	40	
A	149	947	3542	35909	50748	72768	73536	79284	80133	114320	118970	140643	159423	160000	160718	211686	242727	305981	348962	412281	677248	869480	
A	150	12	13	14	15	16	22	23	24	25	26	27	28	30	31	32	33	34	35	36	37	38	39	40	
A	150	688	2590	35065	51613	72823	73228	73457	73624	79292	80088	115356	120124	141988	161336	161798	162350	213182	245564	308838	351902	416088	681462	870603	
A	151	2	12	13	14	15	16	22	23	24	25	26	27	28	30	31	32	33	34	35	36	37	38	39	40	
A	151	1241	2747	6572	41179	54772	74945	75367	76215	76381	82422	83476	117065	121634	145016	165020	166011	167225	219658	250669	315150	358149	422240	685777	871323	
A	152	2	12	13	14	15	16	22	23	24	25	26	27	28	30	31	32	33	34	35	36	37	38	39	40	
A	152	2398	3341	5895	40924	54232	72491	72924	73346	73507	79717	80674	112851	117487	139079	157879	158503	159275	209262	240113	302538	344458	407587	673946	869446	
A	153	2	11	12	13	14	15	16	20	21	22	23	24	25	26	27	28	30	31	32	33	34	35	36	37	38	39	40	
A	153	3659	4006	5921	10004	40697	56017	72118	72214	72391	72516	73923	73949	79676	80696	113282	117647	140030	159163	160422	161917	212556	243084	307055	349987	413918	680424	872345	
A	154	2	12	13	14	15	16	22	23	24	25	26	27	28	30	31	32	33	34	35	36	37	38	39	40	
A	154	5025	6221	9248	38498	55540	71141	71565	72244	72460	77993	79048	113064	117860	138249	156941	157787	158912	209236	242943	305591	349429	413624	684814	877229	
A	155	2	12	13	14	15	16	22	23	24	25	26	27	28	30	31	32	33	34	35	36	37	38	39	40	
A	155	6330	8501	14459	46337	59063	74172	74665	76156	76338	82522	83879	116469	120727	142166	161336	162839	164764	215446	246416	310232	353414	417251	685116	873000	
A	156	2	11	12	13	14	15	16	20	21	22	23	24	25	26	27	28	30	31	32	33	34	35	36	37	38	39	40	
A	156	7469	7903	11506	19356	47527	60848	73623	73756	73966	74131	77009	77039	83014	84675	116928	120686	142979	162073	164553	167643	218518	247634	311940	355445	420188	688895	874703	
A	157	2	12	13	14	15	16	22	23	24	25	26	27	28	30	31	32	33	34	35	36	37	38	39	40	
A	157	8550	10671	15993	54238	67669	81521	82072	83442	83651	90610	92017	123898	128763	152568	172829	174299	176059	228514	259966	325846	369671	433844	695008	872165	
A	158	2	11	12	13	14	15	16	20	21	22	23	24	25	26	27	28	30	31	32	33	34	35	36	37	38	39	40	
A	158	9746	10168	15914	29325	54096	67847	79740	79885	80110	80283	84915	84943	90569	92935	124832	127619	153468	173942	178006	182869	235844	260439	326974	370761	435280	696949	870127	
A	159	2	12	13	14	15	16	22	23	24	25	26	27	28	30	31	32	33	34	35	36	37	38	39	40	
A	159	11535	14998	23902	53763	65619	76766	77271	80036	80284	86396	88406	118988	122796	144806	164072	166758	170126	220403	249905	313954	357997	422219	693228	876810	
A	160	2	12	13	14	15	16	22	23	24	25	26	27	28	30	31	32	33	34	35	36	37	38	39	40	
A	160	12824	17304	27833	56049	67710	77912	78495	82060	82322	88583	91069	122432	125784	148396	167619	171053	175292	225920	254404	319182	363521	428771	697925	878687	
A	161	2	12	13	14	15	16	22	23	24	25	26	27	28	30	31	32	33	34	35	36	37	38	39	40	
A	161	13950	15961	21102	58365	74621	84669	85336	86660	86944	94219	95771	128470	134066	156901	177552	179005	180869	232466	267159	332486	376789	440350	702588	873895	
A	162	2	11	12	13	14	15	16	20	21	22	23	24	25	26	27	28	30	31	32	33	34	35	36	37	38	39	40	
A	162	15196	15659	20565	31951	64035	76467	84892	85068	85323	85512	89920	89960	97124	99527	130749	134486	159089	179928	183721	188404	241248	269594	336529	381140	445308	707205	872614	
A	163	2	11	12	13	14	15	16	20	21	22	23	24	25	26	27	28	30	31	32	33	34	35	36	37	38	39	40	
A	163	16536	17028	22430	35090	67092	79338	87321	87467	87742	87923	92712	92753	99665	102110	132112	135697	160942	181863	185857	190625	242592	270094	337464	382009	446239	709011	875124	
A	164	2	12	13	14	15	16	22	23	24	25	26	27	28	30	31	32	33	34	35	36	37	38	39	40	
A	164	17120	23619	40269	73822	86280	94860	95561	100981	101291	107852	110860	141183	144582	172614	195335	200157	205773	259707	285415	354864	399426	463120	714941	868412	
A	165	2	11	12	13	14	15	16	20	21	22	23	24	25	26	27	28	30	31	32	33	34	35	36	37	38	39	40	
A	165	19091	19641	25480	39085	73145	85029	91910	92067	92341	92574	97695	97747	105294	108050	138410	142449	168722	190436	194765	200281	253580	281800	350385	395730	459774	717387	872457	
A	166	2	11	12	13	14	15	16	20	21	22	23	24	25	26	27	28	30	31	32	33	34	35	36	37	38	39	40	
A	166	19907	20475	29247	51513	78703	90910	97437	97582	97901	98135	106056	106105	112478	115904	145755	148157	177609	200277	206733	214247	268700	290519	360974	405457	469178	721965	873366	
A	167	2	11	12	13	14	15	16	20	21	22	23	24	25	26	27	28	30	31	32	33	34	35	36	37	38	39	40	
A	167	20956	21504	28348	44401	77450	88208	93735	93915	94222	94457	100555	100600	108041	111135	139657	143028	169930	191570	196931	203468	256180	282320	350615	396306	460621	717441	870896	
A	168	2	11	12	13	14	15	16	20	21	22	23	24	25	26	27	28	30	31	32	33	34	35	36	37	38	39	40	
A	168	23048	23478	29681	45072	77563	87604	92513	92655	92979	93220	99036	99081	106976	110105	137781	141493	167197	188836	194003	200231	251412	278424	346697	391851	455469	715615	872871	
A	169	2	12	13	14	15	16	22	23	24	25	26	27	28	30	31	32	33	34	35	36	37	38	39	40	
A	169	24493	32595	55951	82970	92733	97563	98353	105705	106092	113402	117716	146278	149031	177664	200157	206903	215291	268683	292339	362172	407707	472011	726841	876858	
A	170	2	11	12	13	14	15	16	20	21	22	23	24	25	26	27	28	30	31	32	33	34	35	36	37	38	39	40	
A	170	24730	25320	34504	57772	88361	98193	102401	102578	102925	103189	111491	111529	118844	122771	150565	153320	183716	206592	213548	221925	276132	298533	368530	413151	476372	724338	869326	
A	171	2	12	13	14	15	16	22	23	24	25	26	27	28	30	31	32	33	34	35	36	37	38	39	40	
A	171	26122	33640	54841	91818	100993	105166	105993	112268	112649	121477	125456	152829	157053	186918	210590	216278	223465	277320	303981	374479	420433	483934	731462	873099	
A	172	2	12	13	14	15	16	22	23	24	25	26	27	28	30	31	32	33	34	35	36	37	38	39	40	
A	172	27752	37035	63648	93651	102286	105904	106837	115425	115856	124143	128654	155731	158614	188863	211816	219406	228853	282306	305262	375328	421599	485403	734412	875463	
A	173	2	11	12	13	14	15	16	20	21	22	23	24	25	26	27	28	30	31	32	33	34	35	36	37	38	39	40	
A	173	28650	29275	38919	66189	94001	102073	105056	105233	105640	105935	115508	115568	123316	127859	153175	155483	184464	207262	215468	225510	277358	298473	368759	414299	477081	728783	872094	
A	174	2	11	12	13	14	15	16	20	21	22	23	24	25	26	27	28	29	30	31	32	33	34	35	36	37	38	39	40	
A	174	30819	31355	40471	66066	92097	98689	101158	101357	101745	102026	111872	111995	120210	125257	149898	152057	152256	179037	201035	209248	220263	270858	293079	361453	407911	472103	730203	876112	
A	175	2	11	12	13	14	15	16	20	21	22	23	24	25	26	27	28	30	31	32	33	34	35	36	37	38	39	40	
A	175	32672	33286	42320	72095	92780	99238	101368	101585	102049	102377	112429	112496	121360	126732	151666	153811	181071	202851	211732	223023	272778	294650	362959	409493	473496	732244	879093	
A	176	2	11	12	13	14	15	16	20	21	22	23	24	25	26	27	28	29	30	31	32	33	34	35	36	37	38	39	40	
A	176	32979	33574	42932	77041	96565	102591	104574	104758	105213	106335	116163	116691	124768	129972	153886	156212	156437	184681	206924	215211	226149	276767	297899	366269	411678	475261	729743	872954	
A	177	2	11	12	13	14	15	16	20	21	22	23	24	25	26	27	28	29	30	31	32	33	34	35	36	37	38	39	40	
A	177	33024	33678	43638	79990	100758	106524	108337	108542	109020	110606	120239	120938	128541	133473	156241	158794	158978	188878	211914	220500	231307	282075	302280	372104	417267	479914	729894	870670	
A	178	2	11	12	13	14	15	16	20	21	22	23	24	25	26	27	28	30	31	32	33	34	35	36	37	38	39	40	
A	178	33806	34466	45462	84554	107017	112989	114615	114841	115364	119761	127783	129617	136102	141228	163505	165991	198039	222031	231698	243045	294445	314355	385648	430715	493273	736996	870664	
A	179	2	11	12	13	14	15	16	20	21	22	23	24	25	26	27	28	29	30	31	32	33	34	35	36	37	38	39	40	
A	179	34955	35599	46673	87356	109795	115026	116403	116619	117133	119623	130114	131463	140233	145580	166214	168719	168947	200633	225475	235177	246817	298217	318345	389185	434700	496827	738814	868165	
A	180	2	11	12	13	14	15	16	20	21	22	23	24	25	26	27	28	29	30	31	32	33	34	35	36	37	38	39	40	
A	180	36887	37570	48198	87711	108281	112583	113779	114010	114541	116816	127188	128215	136859	142679	164081	166453	166678	196080	220127	230218	242997	292777	312790	382985	429218	491819	739791	872889	
A	181	2	11	12	13	14	15	16	20	21	22	23	24	25	26	27	28	29	30	31	32	33	34	35	36	37	38	39	40	
A	181	37833	38449	49207	91405	110596	114758	115746	115978	116506	125517	130866	135347	140509	146370	165777	168275	168524	199434	223946	234197	246951	297480	317518	389036	435629	498832	743774	873502	
A	182	2	11	12	13	14	15	16	20	21	22	23	24	25	26	27	28	29	30	31	32	33	34	35	36	37	38	39	40	
A	182	38847	39502	51218	97377	118136	122212	123155	123376	123936	126589	137900	139140	148012	153974	175019	177661	177865	210746	236400	247351	260388	311444	330845	402312	447949	509574	746506	867926	
A	183	2	11	12	13	14	15	16	20	21	22	23	24	25	26	27	28	29	30	31	32	33	34	35	36	37	38	39	40	
A	183	38987	39742	52044	101013	122422	126119	126925	127156	127801	131385	142495	144102	153011	159382	180230	182957	183213	216584	242228	253334	266685	318273	337619	409202	455270	516808	750519	867937	
A	184	2	11	12	13	14	15	16	20	21	22	23	24	25	26	27	28	29	30	31	32	33	34	35	36	37	38	39	40	
A	184	40071	40834	53829	106139	126314	129605	130263	130489	131137	134040	146005	147443	156850	163413	183605	186462	186705	221269	247144	258503	272170	324190	343244	415658	461472	522817	755462	870601	
A	185	2	11	12	13	14	15	16	20	21	22	23	24	25	26	27	28	29	30	31	32	33	34	35	36	37	38	39	40	
A	185	41069	41797	54643	106106	125614	128658	129255	129488	130074	132120	145120	146123	156069	162661	181511	184332	184604	218395	244146	255827	269910	320334	339096	410317	456258	517334	750813	867190	
A	186	2	11	12	13	14	15	16	20	21	22	23	24	25	26	27	28	29	30	31	32	33	34	35	36	37	38	39	40	
A	186	43083	43828	56026	106234	123558	126083	126613	126835	127459	136489	144080	148550	155125	161965	179092	181648	181875	214754	240123	252438	267389	316722	335382	406256	452798	514387	752645	871090	
A	187	2	11	12	13	14	15	16	20	21	22	23	24	25	26	27	28	29	30	31	32	33	34	35	36	37	38	39	40	
A	187	45488	46214	58027	105773	122054	124314	124707	124945	125647	129425	141369	143183	153070	160474	177870	180480	180735	212562	237613	250324	266291	314299	332906	404439	451577	514157	754998	875690	
A	188	2	11	12	13	14	15	16	20	21	22	23	24	25	26	27	28	29	30	31	32	33	34	35	36	37	38	39	40	
A	188	44650	45401	58726	115306	132830	135100	135466	135718	136445	138718	152981	154126	165086	172069	189534	192281	192539	227810	254282	267129	282918	332102	349742	421792	467631	528300	757199	869177	
A	189	2	11	12	13	14	15	16	20	21	22	23	24	25	26	27	28	29	30	31	32	33	34	35	36	37	38	39	40	
A	189	45236	46076	59882	117762	134207	136190	136490	136755	137450	142413	154637	157094	166767	174311	191145	193994	194246	229449	255738	269371	285383	334347	351875	423954	470119	530839	759161	868526	
A	190	2	11	12	13	14	15	16	20	21	22	23	24	25	26	27	28	29	30	31	32	33	34	35	36	37	38	39	40	
A	190	45914	46721	60731	118123	134249	135996	136240	136506	137226	142568	154516	157124	166865	174434	190378	193320	193576	229365	255861	269775	286519	334680	352371	424314	470595	531584	760451	870374	
A	191	2	11	12	13	14	15	16	20	21	22	23	24	25	26	27	28	29	30	31	32	33	34	35	36	37	38	39	40	
A	191	47635	48481	62141	118315	135484	136922	137141	137412	138176	140783	155204	156434	167544	175162	190144	192948	193216	227999	254831	269167	286296	334106	351119	423318	469943	530643	758994	867669	
A	192	2	11	12	13	14	15	16	20	21	22	23	24	25	26	27	28	29	30	31	32	33	34	35	36	37	38	39	40	
A	192	49245	49950	62546	117761	130457	131650	131825	132094	132873	143146	151268	156166	163116	170593	183825	186480	186739	219739	245322	260234	278414	323538	340636	412517	459944	521600	758704	872000	
A	193	2	11	12	13	14	15	16	20	21	22	23	24	25	26	27	28	29	30	31	32	33	34	35	36	37	38	39	40	
A	193	51246	52620	65564	118118	129859	130815	130964	131492	132952	148865	152806	160660	163788	171126	183574	185979	186265	217976	243529	258534	277440	321889	338875	410087	457582	519802	759994	875352	
A	194	2	11	12	13	14	15	16	20	21	22	23	24	25	26	27	28	29	30	31	32	33	34	35	36	37	38	39	40	
A	194	51292	52833	66349	122328	133720	134654	134758	135353	136927	145467	156111	160287	168195	176347	189584	191987	192304	225121	251201	267014	286958	330750	347516	419250	466700	528356	762013	871581	
A	195	2	11	12	13	14	15	16	20	21	22	23	24	25	26	27	28	29	30	31	32	33	34	35	36	37	38	39	40	
A	195	51062	53254	68663	129783	141729	142621	142710	143446	145683	156175	166426	171459	178635	186001	197816	200434	200702	235351	262940	278918	298612	343786	359963	433457	480384	540419	764951	865961	
A	196	2	11	12	13	14	15	16	20	21	22	23	24	25	26	27	28	29	30	31	32	33	34	35	36	37	38	39	40	
A	196	51740	52599	66758	130757	141732	142462	142540	142866	143813	156811	164400	170906	176826	185359	197300	199948	200244	235031	262139	279083	299476	343947	359903	433320	480515	541046	766616	867615	
A	197	2	11	12	13	14	15	16	20	21	22	23	24	25	26	27	28	29	30	31	32	33	34	35	36	37	38	39	40	
A	197	53023	54549	70421	137754	148733	149444	149507	149988	151485	165410	173203	180112	185936	194371	205666	208447	208731	245021	273353	290589	311376	356606	371913	445592	492208	552046	770473	867325	
A	198	2	11	12	13	14	15	16	20	21	22	23	24	25	26	27	28	29	30	31	32	33	34	35	36	37	38	39	40	
A	198	54842	57158	73726	140372	150599	151224	151264	152009	154537	173085	177311	186665	189404	197500	208410	211347	211648	248156	276014	293697	314904	359415	374817	448298	494762	554637	772772	868104	
A	199	2	11	12	13	14	15	16	20	21	22	23	24	25	26	27	28	29	30	31	32	33	34	35	36	37	38	39	40	
A	199	55900	65011	90053	143375	153019	153560	153574	156297	164965	176774	187555	192915	196729	200342	211049	214025	214298	251525	279956	297977	320059	364362	379487	452600	499705	559923	776320	871166	
A	200	2	11	12	13	14	15	16	20	21	22	23	24	25	26	27	28	29	30	31	32	33	34	35	36	37	38	39	40	
A	200	57212	63701	85535	140783	149098	149508	149536	151705	158510	172856	182327	189539	193151	198822	209145	211882	212500	247185	275177	293658	318160	361051	376385	448765	497095	558399	777497	868850	
A	201	2	11	12	13	14	15	16	20	21	22	23	24	25	26	27	28	29	30	31	32	33	34	35	36	37	38	39	40	
A	201	60327	63737	82027	145222	153010	153379	153398	154645	158721	178083	184796	194812	198330	207609	217564	220148	220479	255217	283256	303198	329018	370287	385504	457961	506646	567175	784940	874329	
A	202	2	11	12	13	14	15	16	20	21	22	23	24	25	26	27	28	29	30	31	32	33	34	35	36	37	38	39	40	
A	202	59315	64127	84410	145034	151904	152239	152254	154028	159372	175905	184180	192847	196645	204549	213866	216471	216777	251684	279922	300043	326189	367277	381721	454491	503115	563387	783395	873017	
A	203	2	11	12	13	14	15	16	20	21	22	23	24	25	26	27	28	29	30	31	32	33	34	35	36	37	38	39	40	
A	203	59949	62994	82089	153510	160600	160894	160913	161894	165123	181229	189639	198190	203503	212877	221924	224699	225018	262157	291277	311796	337753	379102	392984	466107	514295	573632	783789	868590	
A	204	2	11	12	13	14	15	16	20	21	22	23	24	25	26	27	28	29	30	31	32	33	34	35	36	37	38	39	40	
A	204	59622	63516	84862	157113	163447	163721	163734	165100	169174	185684	194385	202881	207843	216826	225771	228752	229039	267289	296500	317399	343377	384815	398383	471085	518988	577672	784691	868363	
A	205	2	11	12	13	14	15	16	20	21	22	23	24	25	26	27	28	29	30	31	32	33	34	35	36	37	38	39	40	
A	205	60827	66724	89725	154243	159699	159924	159930	162036	168060	185680	193509	202370	204914	212074	219997	222893	223231	260532	289864	311206	338239	378524	391735	465411	513365	573201	784216	868866	
A	206	2	11	12	13	14	15	16	20	21	22	23	24	25	26	27	28	29	30	31	32	33	34	35	36	37	38	39	40	
A	206	63180	70257	94136	147833	152624	152779	152785	155524	163692	177772	188508	195412	198475	203721	211211	213783	214123	249450	277631	299360	326939	365341	378234	451966	500806	561142	780366	870252	
A	207	2	11	12	13	14	15	16	20	21	22	23	24	25	26	27	28	29	30	31	32	33	34	35	36	37	38	39	40	
A	207	64951	72150	96175	150512	154789	154907	154908	157648	165982	180070	190856	198094	201034	206495	213510	216201	216735	250898	279572	301074	328889	366506	379676	452121	500979	561444	781814	872904	
A	208	2	11	12	13	14	15	16	20	21	22	23	24	25	26	27	28	29	30	31	32	33	34	35	36	37	38	39	40	
A	208	67911	77385	105288	150569	154233	154324	154329	158172	169560	179295	194893	199693	203216	206282	213457	216220	217373	249374	278408	299146	328117	365238	378418	449908	498979	559722	783820	877224	
A	209	2	11	12	13	14	15	16	20	21	22	23	24	25	26	27	28	29	30	31	32	33	34	35	36	37	38	39	40	
A	209	65783	75850	105598	150915	154301	154388	154389	158384	170645	179400	195486	199689	203219	205562	212594	215320	216394	249030	278095	298505	326522	363453	376542	447646	495319	555726	776149	869791	
A	210	2	11	12	13	14	15	20	21	22	23	24	25	26	27	28	29	30	31	32	33	34	35	36	37	38	39	40	
A	210	67195	79888	115051	156153	159321	159397	164193	179125	184564	204176	206491	210261	210838	218153	221367	222907	257051	287599	307446	335639	373729	386577	458442	506566	566065	781139	871576	
A	211	2	11	12	13	14	15	20	21	22	23	24	25	26	27	28	29	30	31	32	33	34	35	36	37	38	39	40	
A	211	67956	79278	112805	158085	161017	161057	165535	179015	186520	204089	207851	210937	212761	220304	223679	225488	258952	290470	310255	338629	375977	388858	459777	507591	567622	784199	873553	
A	212	2	11	12	13	14	15	20	21	22	23	24	25	26	27	28	29	30	31	32	33	34	35	36	37	38	39	40	
A	212	69625	80147	111927	157874	160408	160452	164522	177441	186136	203741	208065	211059	213572	220399	223525	225174	257869	288809	309802	339742	375774	388271	459061	507636	567529	783389	871670	
A	213	2	11	12	13	14	15	16	20	21	22	23	24	25	26	27	28	29	30	31	32	33	34	35	36	37	38	39	40	
A	213	71192	82602	116950	157943	160129	160155	160156	164828	179299	185775	205438	208459	211576	212749	219557	222804	224742	256873	289143	310577	338838	374186	386679	457701	506490	566749	785250	874197	
A	214	2	11	12	13	14	15	20	21	22	23	24	25	26	27	28	29	30	31	32	33	34	35	36	37	38	39	40	
A	214	72904	82931	115028	161722	163736	163772	167776	180136	189937	206843	211883	214888	218176	224300	227299	228409	262379	292433	315231	346477	381228	392851	464381	512823	573103	789731	876628	
A	215	2	11	12	13	14	15	20	21	22	23	24	25	26	27	28	29	30	31	32	33	34	35	36	37	38	39	40	
A	215	73928	84709	119427	164190	165991	166026	170462	184102	192775	211522	215665	219004	221616	227501	230425	231281	265719	295435	318811	350686	384925	396060	467704	516950	576875	789367	873238	
A	216	2	11	12	13	14	15	20	21	22	23	24	25	26	27	28	29	30	31	32	33	34	35	36	37	38	39	40	
A	216	72658	82398	116371	173439	175271	175305	179070	190633	203450	218340	224838	227619	232402	238293	241237	241793	279540	309970	334279	365385	400681	411103	483566	531009	588734	791492	869235	
A	217	2	11	12	13	14	15	20	21	22	23	24	25	26	27	28	29	30	31	32	33	34	35	36	37	38	39	40	
A	217	74952	88353	129121	168455	169916	169926	175329	191443	196495	218911	221436	223680	224269	231766	235703	239025	270239	307102	326276	356051	391708	404030	474038	522201	581326	791316	872900	
A	218	2	11	12	13	14	15	20	21	22	23	24	25	26	27	28	29	30	31	32	33	34	35	36	37	38	39	40	
A	218	75583	86186	122069	166032	167229	167239	171812	185273	193778	212665	216893	219488	222157	228003	231055	232572	266415	297973	320767	352850	386547	397483	469628	517873	577233	788287	870754	
A	219	2	11	12	13	14	15	20	21	22	23	24	25	26	27	28	29	30	31	32	33	34	35	36	37	38	39	40	
A	219	77372	89124	127857	170087	171198	171208	176227	190890	197903	217379	220676	223618	225466	230788	233622	234387	269872	300794	324975	356872	390057	400680	473490	521652	580618	790801	873120	
A	220	2	11	12	13	14	15	20	21	22	23	24	25	26	27	28	29	30	31	32	33	34	35	36	37	38	39	40	
A	220	77764	90827	133023	170605	171578	171583	177198	193926	198595	221100	223225	225939	226534	232530	235709	237361	271364	303890	326564	359110	392447	403420	475079	523475	582557	792339	873653	
A	221	2	11	12	13	14	15	20	21	22	23	24	25	26	27	28	29	30	31	32	33	34	35	36	37	38	39	40	
A	221	77633	87750	124966	176706	177634	177642	181857	194514	205125	221732	227153	229550	233428	238629	241542	242157	279331	311192	337560	368186	401109	411062	483996	532060	589844	793434	869830	
A	222	2	11	12	13	14	15	20	21	22	23	24	25	26	27	28	29	30	31	32	33	34	35	36	37	38	39	40	
A	222	78162	92123	139300	179494	180342	180347	186317	204388	208990	232821	234859	237359	237994	243997	247357	249163	283737	318468	340843	373597	407247	417819	488974	537200	594498	793669	868141	
A	223	2	11	12	13	14	15	20	21	22	23	24	25	27	28	29	30	31	32	33	34	35	36	37	38	39	40	
A	223	78523	93356	144163	181390	182099	182102	188378	206506	210088	235492	236956	238822	245641	249528	252653	285531	324503	344976	375846	409565	420729	490651	538648	595634	794207	867866	
A	224	2	11	12	13	14	15	20	21	22	23	24	25	27	28	29	30	31	32	33	34	35	36	37	38	39	40	
A	224	78886	93973	146657	184888	185552	185555	192167	211307	214662	240477	241786	243668	250379	254220	257284	290457	329138	349171	382279	415877	426749	497320	544927	600677	794042	864500	
A	225	2	11	12	13	14	15	20	21	22	23	24	25	27	28	29	30	31	32	33	34	35	36	37	38	39	40	
A	225	78983	94609	149368	187728	188315	188318	195205	214766	218353	245607	246926	248871	255482	259279	262330	295605	335705	356650	388912	421930	432789	502256	549806	606082	795728	863245	
A	226	2	11	12	13	14	20	21	22	23	24	25	27	28	29	30	31	32	33	34	35	36	37	38	39	40	
A	226	80750	96040	151288	187950	188462	195308	214435	217772	244845	246377	247113	255287	260098	265382	294552	340445	354572	385960	420393	432650	500189	547847	604218	797680	866590	
A	227	2	10	11	12	13	14	18	19	20	21	22	23	24	25	26	27	28	29	30	31	32	33	34	35	36	37	38	39	40	
A	227	83146	83939	97500	152532	184136	184474	184664	185040	191450	211119	214155	239084	240335	241139	241243	248916	253627	259082	286677	333635	346884	378168	412328	424827	492021	540055	597016	795525	866680	
A	228	2	10	11	12	13	14	18	19	20	21	22	23	24	25	26	27	28	29	30	31	32	33	34	35	36	37	38	39	40	
A	228	83949	84707	98714	156766	188567	188920	189086	189475	196120	216017	219040	244086	245332	246103	246186	253895	258680	264125	292691	340856	354035	385497	419751	432031	499982	547331	603408	798071	867171	
A	229	2	11	12	13	14	20	21	22	23	24	25	27	28	29	30	31	32	33	34	35	36	37	38	39	40	
A	229	86224	100872	156332	189214	189547	196271	214970	218179	246165	247426	248013	255911	260511	265913	294317	342181	355924	388423	421675	433742	501618	549680	606456	802133	870669	
A	230	2	10	11	12	13	14	18	19	20	21	22	23	24	25	26	27	28	29	30	31	32	33	34	35	36	37	38	39	40	
A	230	87544	88278	101759	159996	189462	189731	189927	190300	196945	217058	219911	246077	247140	247835	247937	255274	259928	265475	292642	341121	353706	386311	419335	431486	499036	546846	603812	798661	867114	
A	231	2	11	12	13	14	20	21	22	23	24	25	27	28	29	30	31	32	33	34	35	36	37	38	39	40	
A	231	88316	102485	159677	190433	190677	197569	217171	220391	249366	250532	251015	258694	263264	268601	295691	344345	357821	391924	424390	436193	503062	551102	607361	800154	866110	
A	232	2	11	12	13	14	20	21	22	23	24	25	27	28	29	30	31	32	33	34	35	36	37	38	39	40	
A	232	87907	103033	164847	196686	196930	203711	222749	225553	252498	253470	253747	261971	266899	272187	301560	352529	365194	395260	429206	441168	508609	555925	611065	799533	864351	
A	233	2	11	12	13	14	20	21	22	23	24	25	27	28	29	30	31	32	33	34	35	36	37	38	39	40	
A	233	90094	105287	169460	201049	201278	208234	227176	229974	256926	257807	258273	266149	270980	275629	307059	355806	369392	400922	434262	445738	513726	560243	614952	800434	863867	
A	234	2	11	12	13	14	20	21	22	23	24	25	27	28	29	30	31	32	33	34	35	36	37	38	39	40	
A	234	92332	107653	171207	200096	200273	207328	226771	229708	258365	259190	260117	267194	271523	275485	306576	352349	368744	402367	435023	445990	514110	561889	617876	804605	867696	
A	235	2	11	12	13	14	20	21	22	23	24	25	26	27	28	29	30	31	32	33	34	35	36	37	38	39	40	
A	235	95951	110054	170285	204904	205057	212059	230622	236676	264141	266577	268265	269883	275470	278910	280913	315985	356080	380952	416591	447397	456520	527733	576280	631801	814097	871337	
A	236	2	11	12	13	14	15	20	21	22	23	24	25	26	27	28	29	30	31	32	33	34	35	36	37	38	39	40	
A	236	95873	109993	172756	213037	213157	213160	219920	238261	245732	272183	275311	276888	279070	284504	287884	289561	326916	365882	390825	428434	459276	468069	538986	586613	640632	813280	865757	
A	237	2	11	12	13	14	20	21	22	23	24	25	27	28	29	30	31	32	33	34	35	36	37	38	39	40	
A	237	99688	116482	187822	216081	216186	224621	246557	250120	282395	283018	284662	290324	293868	296201	332048	373269	397044	435900	466715	475742	546121	594218	648054	820312	871454	
A	238	2	11	12	13	14	20	21	22	23	24	25	26	27	28	29	30	31	32	33	34	35	36	37	38	39	40	
A	238	100728	113710	174818	221665	221771	228127	244257	255151	279052	284108	285186	288986	294569	298054	300045	337310	377204	401807	440455	471328	479988	550079	597575	651196	820110	869904	
A	239	2	11	12	13	14	20	21	22	23	24	25	26	27	28	29	30	31	32	33	34	35	36	37	38	39	40	
A	239	102217	112640	166364	224802	224877	229928	243249	257205	278679	285650	287839	294289	299342	302641	304076	341970	380401	406986	445790	475770	483730	553445	601104	653584	819714	868352	
A	240	2	11	12	13	14	15	20	21	22	23	24	25	26	27	28	29	30	31	32	33	34	35	36	37	38	39	40	
A	240	106289	115325	162527	219295	219340	219342	224094	236289	252213	272798	281087	283597	291468	295592	298333	298981	336250	370924	401231	443455	471342	478625	548857	598118	652698	823637	873028	
A	241	2	11	12	13	14	20	21	22	23	24	25	27	28	29	30	31	32	33	34	35	36	37	38	39	40	
A	241	112171	128478	200651	222674	222730	231794	254022	257881	293907	294362	295819	301071	304368	307244	339437	381830	404999	448194	476652	485373	554146	604105	659003	831298	881199	
A	242	2	11	12	13	14	20	21	22	23	24	25	27	28	29	30	31	32	33	34	35	36	37	38	39	40	
A	242	111622	127513	199473	221087	221145	230438	252469	256245	292481	292944	293835	299754	303609	307757	337913	387477	406051	445840	474793	483987	551387	600260	654439	825413	874390	
A	243	2	11	12	13	14	20	21	22	23	24	25	27	28	29	30	31	32	33	34	35	36	37	38	39	40	
A	243	109950	127023	206709	228974	229013	238397	260589	264101	298963	299339	300266	306363	310210	313996	346917	396335	415249	452954	482756	491563	558945	606408	658727	822190	869250	
A	244	2	11	12	13	14	20	21	22	23	24	25	26	27	28	29	30	31	32	33	34	35	36	37	38	39	40	
A	244	114552	126595	188032	234266	234301	241123	257329	270985	296221	302904	303920	309527	314361	317469	318985	355734	395231	422713	464607	493508	501072	570467	618714	671034	831050	875530	
A	245	2	11	12	13	14	20	21	22	23	24	25	26	27	28	29	30	31	32	33	34	35	36	37	38	39	40	
A	245	115716	122065	164050	240872	240905	244440	253008	273057	291349	302201	306832	318806	322751	325419	325759	365076	400604	433195	475094	502963	509878	578619	625922	677187	829984	871578	
A	246	2	11	12	13	14	20	21	22	23	24	25	26	27	28	29	30	31	32	33	34	35	36	37	38	39	40	
A	246	119821	126902	173272	246243	246269	250176	259613	281549	298614	310410	312863	324221	328246	330798	331090	370002	405027	437702	480059	507703	514393	583019	630390	681547	833936	875547	
A	247	2	11	12	13	14	20	21	22	23	24	25	26	27	28	29	30	31	32	33	34	35	36	37	38	39	40	
A	247	121764	138503	219680	247668	247678	256625	277549	284654	318974	321231	321802	323556	329527	333432	337196	369633	418478	436525	478894	507507	515785	581078	628469	680049	835898	878416	
A	248	2	11	12	13	14	20	21	22	23	24	25	26	27	28	29	30	31	32	33	34	35	36	37	38	39	40	
A	248	122660	138437	218187	250101	250113	258849	278793	287683	320499	324038	325007	327752	332753	335990	338063	373713	415681	440355	482379	510086	517745	584523	631442	681508	832629	873613	
A	249	2	11	12	13	14	20	21	22	23	24	25	27	28	29	30	31	32	33	34	35	36	37	38	39	40	
A	249	121521	139673	230117	247697	247710	258008	281406	285253	323710	323939	324680	330672	334523	338172	371074	422553	440617	480125	508607	516833	582116	629026	679650	832190	872895	
A	250	2	11	12	13	14	20	21	22	23	24	25	26	27	28	29	30	31	32	33	34	35	36	37	38	39	40	
A	250	123489	139506	221677	247265	247270	256632	278004	285224	320702	323060	323740	325686	331096	334750	337869	371250	417912	438286	481158	509405	517232	582515	630252	681816	834483	875007	
A	251	2	11	12	13	14	20	21	22	23	24	25	27	28	29	30	31	32	33	34	35	36	37	38	39	40	
A	251	127194	143808	227627	242013	242022	251804	274610	278265	316879	317062	317770	323459	326992	330282	361795	411216	430368	471244	498852	507087	571747	620000	672411	831837	874736	
A	252	2	11	12	13	14	20	21	22	23	24	25	27	28	29	30	31	32	33	34	35	36	37	38	39	40	
A	252	126602	143209	228183	241546	241552	250993	272706	276250	313758	313969	314200	320960	325261	330491	358798	416120	426330	466663	495208	504800	568681	616559	669262	829386	873696	
A	253	2	10	11	12	13	14	18	19	20	21	22	23	24	25	26	27	28	29	30	31	32	33	34	35	36	37	38	39	40	
A	253	124228	125158	141581	232982	245573	245575	245793	246217	255522	278807	281806	315325	315482	315838	315957	323223	327937	333686	361400	424117	429861	466308	495873	505713	568128	615153	666354	824452	868157	
A	254	2	11	12	13	14	20	21	22	23	24	25	27	28	29	30	31	32	33	34	35	36	37	38	39	40	
A	254	126764	143098	231161	243405	243406	252843	274401	277832	314567	314712	314795	321891	326368	332052	359652	419773	426453	465676	494678	504492	567165	614454	666322	824909	868441	
A	255	2	10	11	12	13	14	18	19	20	21	22	23	24	25	26	27	28	29	30	31	32	33	34	35	36	37	38	39	40	
A	255	130520	131333	147051	237740	248781	248785	248995	249391	259148	283212	286588	322023	322164	322557	322678	329480	333846	339565	366664	428065	434645	473913	502361	511893	574645	621586	672671	828825	871059	
A	256	2	10	11	12	13	18	19	20	21	22	23	24	25	26	27	28	29	30	31	32	33	34	35	36	37	38	39	40	
A	256	132804	133659	149910	246620	257439	257623	258050	268159	292964	296337	332384	332490	332940	333037	339709	344077	349565	378148	438866	446385	485841	514206	523194	584570	631132	681188	832183	872457	
A	257	2	10	11	12	13	14	18	19	20	21	22	23	24	25	26	27	28	29	30	31	32	33	34	35	36	37	38	39	40	
A	257	135099	135985	151304	245501	255443	255446	255659	256032	265669	290296	293586	329737	329832	330149	330253	337218	341665	347713	374461	440822	445841	482220	510392	520165	580493	627294	678446	831136	871797	
A	258	2	10	11	12	13	18	19	20	21	22	23	24	25	26	27	28	29	30	31	32	33	34	35	36	37	38	39	40	
A	258	139211	140092	155347	247261	256040	256258	256655	266781	291637	294904	332800	332910	333207	333312	340139	344668	350866	375777	439308	443623	485734	513288	522855	583143	630514	682429	836012	876806	
A	259	2	10	11	12	13	18	19	20	21	22	23	24	25	26	27	28	29	30	31	32	33	34	35	36	37	38	39	40	
A	259	140799	141630	157133	250432	258715	258922	259339	269146	293759	296961	334164	334243	334558	334662	341566	346114	352387	378356	452481	457717	488806	516978	526633	587394	634780	686074	838148	877481	
A	260	2	10	11	12	13	18	19	20	21	22	23	24	25	26	27	28	29	30	31	32	33	34	35	36	37	38	39	40	
A	260	140570	141387	156515	249161	256932	257153	257594	267470	292003	295455	332953	333038	333365	333480	340276	344751	350882	376872	454681	459703	486507	514556	524168	584710	632186	683432	834353	872943	
A	261	2	10	11	12	13	18	19	20	21	22	23	24	25	26	27	28	29	30	31	32	33	34	35	36	37	38	39	40	
A	261	140699	141583	157333	258507	266336	266557	266958	277287	302252	305604	341307	341372	341722	341823	348717	353335	359127	386563	465569	470323	495418	523927	533299	594050	640158	689105	833287	869274	
A	262	2	10	11	12	13	18	19	20	21	22	23	24	25	26	27	28	29	30	31	32	33	34	35	36	37	38	39	40	
A	262	139352	140192	156198	261396	269071	269272	269683	279919	305123	308175	344384	344439	344720	344817	351908	356408	362273	390779	481208	486715	499462	528317	537805	598027	643225	691460	832326	867102	
A	263	2	10	11	12	13	18	19	20	21	22	23	24	25	26	27	28	29	30	31	32	33	34	35	36	37	38	39	40	
A	263	137887	139532	154778	263434	270345	270680	271443	281491	308357	311149	344713	344756	345452	345653	352450	356702	362396	390881	485350	490819	497314	525944	535316	594510	638655	686393	825160	859503	
A	264	2	10	11	12	13	18	19	20	21	22	23	24	25	26	27	28	29	30	31	32	33	34	35	36	37	38	39	40	
A	264	141086	141967	158481	269498	276376	276564	277001	287516	313376	316646	354527	354579	354874	354968	361978	366455	372228	400485	479816	483516	508969	536823	545829	604107	648612	695502	828608	860848	
A	265	2	10	11	12	13	18	19	20	21	22	23	24	25	26	27	28	29	30	31	32	33	34	35	36	37	38	39	40	
A	265	143461	144288	160765	269195	275453	275661	276082	286595	312445	315713	355157	355210	355492	355609	362506	366913	372941	399987	475634	478931	509799	537434	546537	604402	649370	696922	831034	862914	
A	266	2	10	11	12	13	14	18	19	20	21	22	23	24	25	26	27	28	29	30	31	32	33	34	35	36	37	38	39	40	
A	266	144429	145278	161341	268594	274158	274159	274359	274770	285197	310476	313725	352376	352419	352707	352801	359851	364489	370389	398125	480385	483727	507461	534936	544058	602223	647317	694955	829089	860746	
A	267	2	10	11	12	13	18	19	20	21	22	23	24	25	26	27	28	29	30	31	32	33	34	35	36	37	38	39	40	
A	267	149188	149987	165853	273760	278939	279149	279576	289702	314667	317746	353968	354001	354313	354407	361607	366287	372069	400242	494687	498578	509165	537249	546487	605116	650058	697547	832692	863728	
A	268	2	10	11	12	13	14	18	19	20	21	22	23	24	25	26	27	28	29	30	31	32	33	34	35	36	37	38	39	40	
A	268	153482	154175	169297	269284	273544	273545	273717	274130	284296	309554	312869	350916	350941	351206	351325	358168	362435	368532	394313	473983	476682	505990	533112	542404	601430	647782	696662	835532	867481	
A	269	2	11	12	13	20	21	22	23	24	25	27	28	29	30	31	32	33	34	35	36	37	38	39	40	
A	269	156218	171968	273133	277316	287770	310390	313761	353755	353785	353788	360789	365262	371267	397185	478482	481136	508006	534909	544174	602757	648810	697217	836637	868744	
A	270	2	10	11	12	13	18	19	20	21	22	23	24	25	26	27	28	29	30	31	32	33	34	35	36	37	38	39	40	
A	270	160164	161643	175908	279070	282531	282886	283638	293726	320369	323409	359195	359220	359863	360050	366439	370718	376601	402899	493334	496106	513429	540800	550054	607955	653620	702334	838820	870302	
A	271	2	10	11	12	13	14	18	19	20	21	22	23	24	25	26	27	28	29	30	31	32	33	34	35	36	37	38	39	40	
A	271	160552	161297	176392	278703	281957	281958	282154	282583	292523	316825	319970	357051	357071	357352	357449	364290	368641	374735	401066	492662	495337	510924	537743	546534	604149	649815	698288	836402	867988	
A	272	2	10	11	12	13	18	19	20	21	22	23	24	25	26	27	28	29	30	31	32	33	34	35	36	37	38	39	40	
A	272	165446	166920	181088	283760	286603	286929	287684	297723	323968	326911	361884	361909	362565	362756	369063	373314	379229	405604	494270	496560	515691	542978	551860	609900	655655	703533	839104	870102	
A	273	2	10	11	12	13	18	19	20	21	22	23	24	25	26	27	28	29	30	31	32	33	34	35	36	37	38	39	40	
A	273	169259	170057	185122	289738	292556	292736	293112	303089	327607	330672	367546	367565	367823	367924	374486	378904	384742	410837	504418	506700	520451	547569	556375	613968	658897	706655	840175	871147	
A	274	2	10	11	12	13	18	19	20	21	22	23	24	25	26	27	28	29	30	31	32	33	34	35	36	37	38	39	40	
A	274	173698	177353	189363	291799	293755	294603	296315	305814	337183	339722	369945	369961	371603	372098	377333	381339	387228	413397	517488	519870	524389	550966	559751	616832	662726	711039	844654	874920	
A	275	2	10	11	12	13	18	19	20	21	22	23	24	25	26	27	28	29	30	31	32	33	34	35	36	37	38	39	40	
A	275	178660	182319	193979	295041	296733	297610	299399	308986	340476	343049	373727	373740	375356	375843	381014	384941	390817	416316	518671	520780	527385	553673	562311	619156	664537	712504	845349	875101	
A	276	2	10	11	12	13	18	19	20	21	22	23	24	25	26	27	28	29	30	31	32	33	34	35	36	37	38	39	40	
A	276	177691	178476	194163	304654	306920	307094	307485	317919	343300	346408	384653	384668	384907	385013	391538	395810	401598	428650	516930	518383	537910	564015	572285	628360	672099	717659	842062	869272	
A	277	2	10	11	12	13	18	19	20	21	22	23	24	25	26	27	28	29	30	31	32	33	34	35	36	37	38	39	40	
A	277	183760	185329	200318	308914	310763	311081	311828	322116	349361	352435	389095	389108	389649	389847	396189	400263	406000	432245	519216	520627	543152	568824	577153	632719	676984	722740	848396	876179	
A	278	2	10	11	12	13	18	19	20	21	22	23	24	25	26	27	28	29	30	31	32	33	34	35	36	37	38	39	40	
A	278	186704	187488	202233	304852	306437	306609	307019	317352	342482	345733	385267	385275	385495	385594	391855	395916	401760	426727	523337	524786	538716	564070	572372	627301	672761	720008	846505	874369	
A	279	2	10	11	12	13	18	19	20	21	22	23	24	25	26	27	28	29	30	31	32	33	34	35	36	37	38	39	40	
A	279	189188	190778	204877	307205	308512	308892	309659	320206	347528	350547	388139	388147	388744	388942	394819	398811	404751	429641	527462	528773	542343	567808	576088	630642	675807	722143	846036	872185	
A	280	2	10	11	12	13	18	19	20	21	22	23	24	25	26	27	28	29	30	31	32	33	34	35	36	37	38	39	40	
A	280	190144	191553	205579	310448	311782	312140	312834	323087	349563	352614	389310	389316	389911	390098	396102	400236	406110	431629	534568	535824	542610	567930	576294	630285	674823	721343	845259	870870	
A	281	2	10	11	12	13	18	19	20	21	22	23	24	25	26	27	28	29	30	31	32	33	34	35	36	37	38	39	40	
A	281	193377	197585	207892	306798	307647	308615	310572	319878	352349	354676	382863	382869	384744	385321	389955	393559	399266	424275	534640	535933	535939	561349	569872	624526	669865	716915	842786	868415	
A	282	2	10	11	12	13	18	19	20	21	22	23	24	25	26	27	28	29	30	31	32	33	34	35	36	37	38	39	40	
A	282	196703	198103	211731	317165	318259	318597	319349	329305	355760	358609	393959	393960	394534	394732	400800	404929	410534	435992	537746	538738	545388	570639	578993	633062	676390	721629	841701	866073	
A	283	2	10	11	12	13	18	19	20	21	22	23	24	25	26	27	28	29	30	31	32	33	34	35	36	37	38	39	40	
A	283	195202	195878	211280	328489	329674	329830	330216	340391	364880	367818	403845	403848	404148	404237	410798	415157	420417	448139	538835	539623	554300	579734	587713	639422	680771	723270	835235	858019	
A	284	2	10	11	12	13	18	19	20	21	22	23	24	25	26	27	28	29	30	31	32	33	34	35	36	37	38	39	40	
A	284	199073	203649	214596	329906	330734	331635	333751	342855	375245	377200	403694	403697	405596	406207	411100	414864	420226	447859	548906	549765	554257	579345	587175	638583	679711	722263	833585	855669	
A	285	2	10	11	12	13	18	19	20	21	22	23	24	25	26	27	28	29	30	31	32	33	34	35	36	37	38	39	40	
A	285	205547	207053	220769	335743	336690	337030	337765	347400	373549	376110	409838	409839	410478	410661	416559	420563	425785	453440	554782	555567	559709	584454	592238	643039	683700	725562	835496	857329	
A	286	2	10	11	12	13	18	19	20	21	22	23	24	25	26	27	28	29	30	31	32	33	34	35	36	37	38	39	40	
A	286	212023	218659	227191	340528	341058	342320	345313	353880	390884	392445	413261	413262	416058	416799	420616	424046	429192	457025	559600	560344	562495	587374	595202	645719	686346	728425	837677	859350	
A	287	2	10	11	12	13	18	19	20	21	22	23	24	25	26	27	28	29	30	31	32	34	35	36	37	38	39	40	
A	287	217076	225321	231264	340815	341158	342865	346682	354529	394767	395952	410989	410990	414813	415910	418714	421997	427140	455130	560694	561401	586674	594613	645753	686984	729440	836968	857556	
A	288	2	10	11	12	13	18	19	20	21	22	23	25	26	27	28	29	30	31	32	34	35	36	37	38	39	40	
A	288	224377	231912	238671	349037	349368	350933	354408	362295	400887	402187	419003	422410	423334	426337	429434	434578	462211	566691	567356	591764	599552	649789	690521	731596	837601	857617	
A	289	2	10	11	12	13	18	19	20	21	22	23	25	26	27	28	29	30	31	32	33	34	35	36	37	38	39	40	
A	289	234353	241476	247655	350227	350523	352067	355695	363792	403461	404780	421884	425290	426279	429188	432152	437406	463617	567430	567993	570149	594229	601843	651507	692635	734353	842328	863114	
A	290	2	10	11	12	13	18	19	20	21	22	23	25	26	27	28	29	30	31	32	33	34	35	36	37	38	39	40	
A	290	246359	257560	258194	352471	352502	355174	361099	367733	419687	419830	421776	427631	429345	429644	431761	436984	462281	571443	572011	572012	595933	603774	654330	696526	739659	847590	867639	
A	291	2	10	11	12	13	18	19	20	21	22	23	25	26	27	28	29	30	31	32	33	34	35	36	37	38	39	40	
A	291	253957	262492	265693	360055	360183	362196	366803	373870	417652	418326	427855	432119	433417	434988	437568	442592	467929	574482	574971	574972	598939	606597	657139	698353	739809	845741	865276	
A	292	2	10	11	12	13	18	19	20	21	22	23	25	26	27	28	29	30	31	32	34	35	36	37	38	39	40	
A	292	268100	277412	279139	367218	367287	369419	374471	381045	427750	428157	433500	438357	439881	440812	443144	448104	473395	580510	580972	604682	612408	661932	703645	745323	851218	870654	
A	293	2	10	11	12	13	18	19	20	21	22	23	25	26	27	28	29	30	31	32	33	34	35	36	37	38	39	40	
A	293	279915	285739	290062	376807	376973	378413	381834	388683	425768	426814	440544	443679	444696	447055	449602	454280	479017	584363	584755	584756	607557	614996	663898	704457	745984	849567	868453	
A	294	2	10	11	12	13	18	19	20	21	22	23	25	26	27	28	29	30	31	32	34	35	36	37	38	39	40	
A	294	297549	305987	306411	382732	382745	385007	390293	395970	442591	442712	444477	449510	451123	451348	453261	457999	481537	587722	588083	610959	618220	666962	707841	749778	854969	874153	
A	295	2	10	11	12	13	18	19	20	21	22	23	25	26	27	28	29	30	31	32	34	35	36	37	38	39	40	
A	295	317002	323866	324308	387866	387884	389802	394552	399740	442142	442263	444214	448782	450304	450590	452377	457018	479287	585757	586080	608479	615971	664728	707073	750566	859081	878959	
A	296	2	10	11	12	13	18	19	20	21	22	23	25	26	27	28	29	30	31	32	33	34	35	36	37	38	39	40	
A	296	337406	342584	343634	401160	401184	402776	406458	411168	446432	446718	450967	455041	456276	457016	458880	462923	485909	587424	587688	589841	612143	619279	668188	709127	750996	857402	876694	
A	297	2	10	11	12	13	18	19	20	21	22	23	25	26	27	28	29	30	31	32	34	35	36	37	38	39	40	
A	297	369143	373288	373554	421231	421237	422541	426129	429867	463071	463162	464590	468536	469742	469959	471497	475072	498084	599712	599973	621979	629048	677007	716900	757341	860649	879532	
A	298	2	10	11	12	13	18	19	20	21	22	23	25	26	27	28	29	30	31	32	34	35	36	37	38	39	40	
A	298	403516	404981	406249	440769	440823	441351	442910	446180	464351	464781	472774	474574	475150	476817	478819	481552	504891	602099	602292	623820	630600	676901	716006	756219	856841	875394	
A	299	2	10	11	12	13	18	19	20	21	22	23	25	26	27	28	29	30	31	32	33	34	35	36	37	38	39	40	
A	299	463332	463490	463985	475971	475991	476120	476552	478585	486258	486589	493891	494412	494543	496442	497971	499665	522039	611622	611795	613901	634414	640957	685600	722961	762263	860205	878093	
T	0	15	27	30	31	32	33	34	35	
T	0	59528	100061	124792	256756	337421	449493	470120	915898	
T	1	15	27	30	31	32	33	34	35	
T	1	46269	91239	103353	184142	236549	320590	344308	902790	
T	2	15	27	30	31	32	33	34	35	
T	2	36689	76505	86122	159642	212716	295605	323370	917091	
T	3	15	27	30	31	32	33	34	35	
T	3	36010	69068	77867	136185	180543	248669	276058	913817	
T	4	15	27	30	31	32	33	34	35	
T	4	34515	64551	73819	131372	177579	244108	272496	915880	
T	5	14	15	16	27	28	30	31	34	35	36	37	38	39	40	
T	5	1696	3944	36710	66450	66918	74942	85437	114774	129979	164510	193640	243246	502669	868244	
T	6	14	15	16	27	28	30	31	34	35	36	37	38	39	40	
T	6	2043	4687	45539	79266	79833	90795	104079	140744	158195	203325	238950	298724	574423	894401	
T	7	14	15	16	27	28	30	31	34	35	36	37	38	39	40	
T	7	2247	5359	48063	81366	82086	95244	109454	148993	165569	215582	251974	314728	596184	902407	
T	8	14	15	16	27	28	30	31	34	35	36	37	38	39	40	
T	8	2309	5363	48218	85376	86029	97573	111658	150226	167849	214119	249852	309331	590863	911332	
T	9	14	15	16	27	28	30	31	34	35	36	37	38	39	40	
T	9	1993	4586	43134	78557	79122	88696	101449	136389	153890	194670	227683	282790	551319	892612	
T	10	14	15	16	27	28	30	31	34	35	36	37	38	39	40	
T	10	2093	4663	42305	75435	75974	85178	97485	131289	147629	187691	219652	273277	538822	892443	
T	11	14	15	16	27	28	30	31	34	35	36	37	38	39	40	
T	11	2059	4698	44012	76101	76620	86744	99153	132674	148305	188455	219706	273514	535102	889418	
T	12	14	15	16	27	28	30	31	34	35	36	37	38	39	40	
T	12	1529	3618	37072	68976	69414	76904	87808	118027	134023	168253	197834	247368	510345	893921	
T	13	14	15	16	27	28	30	31	34	35	36	37	38	39	40	
T	13	1771	4040	37386	68261	68670	76094	86763	115614	130770	164610	193521	241898	500346	896389	
T	14	14	15	16	27	28	30	31	34	35	36	37	38	39	40	
T	14	1554	3645	34533	64673	65052	72025	81978	110229	126631	159595	188008	236134	490520	894541	
T	15	14	15	16	27	28	30	31	34	35	36	37	38	39	40	
T	15	1762	3999	37789	67799	68248	76499	87434	117629	132874	167972	197063	247159	503456	895282	
T	16	14	15	16	27	28	30	31	34	35	36	37	38	39	40	
T	16	1773	4094	37489	69546	69962	77470	87757	117152	134281	167974	198058	247935	505341	901082	
T	17	14	15	16	27	28	30	31	34	35	36	37	38	39	40	
T	17	1603	3711	34097	65657	66004	72503	82494	110953	128182	160442	189911	238594	499320	894465	
T	18	14	15	16	27	28	30	31	34	35	36	37	38	39	40	
T	18	1734	4072	35843	68916	69271	75934	85926	114892	133308	165434	195534	244924	504722	899643	
T	19	14	15	16	27	28	30	31	34	35	36	37	38	39	40	
T	19	1383	3185	29172	61229	61516	66115	74095	99871	120318	147950	177917	227151	492280	900999	
T	20	14	15	16	27	28	30	31	34	35	36	37	38	39	40	
T	20	1690	3777	34708	66776	67215	74613	84838	114937	132536	166792	197296	248795	506351	892547	
T	21	14	15	16	27	28	30	31	34	35	36	37	38	39	40	
T	21	1746	3969	38305	71642	72141	80736	91753	123901	141696	179287	210943	265011	525388	894056	
T	22	14	15	16	27	28	30	31	34	35	36	37	38	39	40	
T	22	1739	3984	37867	71548	72052	79969	91228	123710	141778	179137	211008	263775	525325	892840	
T	23	14	15	16	27	28	30	31	34	35	36	37	38	39	40	
T	23	2027	4518	41474	76291	76871	86448	98381	132059	150148	189295	222020	276646	539420	894035	
T	24	14	15	16	27	28	30	31	34	35	36	37	38	39	40	
T	24	1856	4245	39349	73206	73713	82282	93458	125912	143822	181284	213375	266274	528975	892502	
T	25	14	15	16	27	28	30	31	34	35	36	37	38	39	40	
T	25	1779	3938	36349	68779	69242	76977	87677	119410	137753	174218	205828	258493	521361	891831	
T	26	14	15	16	27	28	30	31	34	35	36	37	38	39	40	
T	26	1683	3782	36127	69064	69508	76731	87055	118256	137247	172712	204625	257340	518578	885616	
T	27	14	15	16	27	28	30	31	34	35	36	37	38	39	40	
T	27	1774	4032	37910	70964	71468	79614	90769	122984	140875	177930	209818	262784	525745	885416	
T	28	14	15	16	27	28	30	31	34	35	36	37	38	39	40	
T	28	1830	4304	38118	70760	71256	79454	90268	122021	139743	176177	207439	259566	522355	884550	
T	29	14	15	16	27	28	30	31	34	35	36	37	38	39	40	
T	29	1698	4058	33694	67297	67691	74515	84090	113274	134115	167469	199537	251271	516987	888172	
T	30	14	15	16	27	28	30	31	34	35	36	37	38	39	40	
T	30	1965	4557	38087	70805	71307	79702	90624	122445	141219	177817	210193	263477	528747	884392	
T	31	14	15	16	27	28	30	31	34	35	36	37	38	39	40	
T	31	1939	4381	36474	70937	71417	79168	89723	121068	140526	176621	209062	262097	527220	888572	
T	32	14	15	16	27	28	30	31	34	35	36	37	38	39	40	
T	32	2063	4655	40597	74602	75146	84807	96711	130096	147959	188039	220734	275695	537889	881045	
T	33	14	15	16	27	28	30	31	34	35	36	37	38	39	40	
T	33	2047	4731	42718	76890	77499	87379	99514	133599	150062	190034	222546	276414	535929	879718	
T	34	14	15	16	27	28	30	31	34	35	36	37	38	39	40	
T	34	2142	4931	43793	77524	78147	88417	100537	135095	151154	191429	223030	276924	536174	880260	
T	35	14	15	16	27	28	30	31	34	35	36	37	38	39	40	
T	35	2033	4681	41837	76683	77320	86958	98834	133382	150087	190184	222044	277297	534430	879095	
T	36	14	15	16	27	28	30	31	34	35	36	37	38	39	40	
T	36	2212	4935	43297	78573	79244	89883	102394	137635	154571	195876	228388	284686	541646	877778	
T	37	14	15	16	27	28	30	31	34	35	36	37	38	39	40	
T	37	2368	5438	47022	82748	83391	94213	107727	144545	159919	203302	235077	288991	546249	878171	
T	38	14	15	16	27	28	30	31	34	35	36	37	38	39	40	
T	38	2006	4563	39784	75411	75951	84578	96012	128894	145757	184229	215605	268480	529131	877527	
T	39	14	15	16	27	28	30	31	34	35	36	37	38	39	40	
T	39	2116	4745	40840	75558	76125	85452	96896	130408	147895	186786	218316	271273	529676	877868	
T	40	14	15	16	27	28	30	31	34	35	36	37	38	39	40	
T	40	2093	4599	38336	72696	73264	81959	93012	125710	144231	182007	214139	267994	530695	883454	
T	41	14	15	16	27	28	30	31	34	35	36	37	38	39	40	
T	41	2117	4745	40127	73992	74549	83528	94805	128212	145916	184117	215802	268873	528506	878523	
T	42	14	15	16	27	28	30	31	34	35	36	37	38	39	40	
T	42	2235	5048	41698	75918	76516	86291	98281	133234	151536	192644	225905	281290	546004	876777	
T	43	14	15	16	27	28	30	31	34	35	36	37	38	39	40	
T	43	2064	4730	39839	74974	75525	84443	95961	130458	150222	190894	225331	281553	557751	880106	
T	44	14	15	16	27	28	30	31	34	35	36	37	38	39	40	
T	44	1906	4352	37738	72840	73408	81763	92882	126603	146735	186000	220959	277862	560469	880281	
T	45	14	15	16	27	28	30	31	34	35	36	37	38	39	40	
T	45	1962	4474	39085	74959	75492	84536	96243	131620	152394	193788	229229	286525	567532	880856	
T	46	14	15	16	27	28	30	31	34	35	36	37	38	39	40	
T	46	2263	5116	43884	80541	81290	92178	105100	143158	162775	207900	244503	303308	582385	879632	
T	47	14	15	16	27	28	30	31	34	35	36	37	38	39	40	
T	47	2108	4822	41787	77721	78295	88590	101377	138375	157917	202144	238423	296654	578973	876833	
T	48	14	15	16	27	28	30	31	34	35	36	37	38	39	40	
T	48	2202	4973	44507	80294	80999	91944	105329	143548	161632	207649	243542	300920	580677	875553	
T	49	14	15	16	27	28	30	31	34	35	36	37	38	39	40	
T	49	2460	5667	47782	83927	84778	97313	111192	150886	168960	216767	253079	311940	592147	878423	
T	50	14	15	16	27	28	30	31	34	35	36	37	38	39	40	
T	50	2342	5210	45360	81354	82075	93460	106798	145359	164021	209917	245551	303468	582070	875158	
T	51	14	15	16	27	28	30	31	34	35	36	37	38	39	40	
T	51	2426	5514	47269	84110	84937	97026	111009	151168	169517	217445	253735	312385	589840	875651	
T	52	14	15	16	27	28	30	31	34	35	36	37	38	39	40	
T	52	2282	5219	44626	81681	82422	93518	106948	145712	165111	211502	247980	307258	590383	878840	
T	53	14	15	16	27	28	30	31	34	35	36	37	38	39	40	
T	53	1990	4539	39055	75458	76071	84910	96850	132495	152861	194725	230895	287816	575825	878234	
T	54	14	15	16	27	28	30	31	34	35	36	37	38	39	40	
T	54	2123	4835	41260	77210	77905	87829	100416	137552	156794	200225	236146	293887	579855	878617	
T	55	14	15	16	27	28	30	31	34	35	36	37	38	39	40	
T	55	2585	5844	50090	85932	86784	100004	114740	155201	172786	221958	258308	316972	594414	876612	
T	56	14	15	16	27	28	30	31	34	35	36	37	38	39	40	
T	56	2428	5388	47244	82999	83740	95753	109542	148203	165996	212435	247411	304404	582326	874904	
T	57	14	15	16	27	28	30	31	34	35	36	37	38	39	40	
T	57	2181	4907	43262	80389	81060	91453	104528	142121	162345	206662	243180	300308	582653	876545	
T	58	14	15	16	27	28	30	31	34	35	36	37	38	39	40	
T	58	2270	4975	42442	79965	80653	90674	103509	141392	163109	207588	244712	303330	589693	882089	
T	59	14	15	16	27	28	30	31	34	35	36	37	38	39	40	
T	59	2216	5045	43464	80278	80958	91397	104382	142369	163090	207563	244254	302270	587433	877484	
T	60	14	15	16	27	28	30	31	34	35	36	37	38	39	40	
T	60	2198	5007	42365	80390	81025	90909	103972	142737	164377	208376	245876	304769	591246	878093	
T	61	14	15	16	27	28	30	31	34	35	36	37	38	39	40	
T	61	2575	5779	49691	87278	88191	101165	115636	157052	177057	226132	263748	323489	604018	877173	
T	62	14	15	16	27	28	30	31	34	35	36	37	38	39	40	
T	62	2514	5606	48139	84924	85744	97576	111538	151298	171336	218507	255620	314622	597142	876727	
T	63	14	15	16	27	28	30	31	34	35	36	37	38	39	40	
T	63	2393	5312	44763	83073	83783	94191	107217	145991	168104	212147	249732	308510	592351	878155	
T	64	14	15	16	27	28	30	31	34	35	36	37	38	39	40	
T	64	2388	5330	46141	86560	87334	98268	112544	153783	176632	223980	263392	324139	607604	879095	
T	65	14	15	16	27	28	30	31	34	35	36	37	38	39	40	
T	65	2781	6261	52092	92376	93321	106957	122423	166140	186977	238520	278044	339262	618365	875365	
T	66	14	15	16	27	28	30	31	34	35	36	37	38	39	40	
T	66	2794	6098	51044	89446	90396	103792	119091	161581	180963	231274	269298	329081	609478	874601	
T	67	14	15	16	27	28	30	31	34	35	36	37	38	39	40	
T	67	2905	6467	53538	92735	93730	107637	123132	165885	185706	236751	275391	335856	614616	876054	
T	68	14	15	16	27	28	30	31	34	35	36	37	38	39	40	
T	68	2862	6271	51878	92046	93017	106376	121622	164404	184859	235097	273610	333810	613303	873948	
T	69	14	15	16	27	28	30	31	34	35	36	37	38	39	40	
T	69	2898	6332	52873	92858	93770	107161	122361	165702	186285	236409	274953	334736	611943	873004	
T	70	14	15	16	27	28	30	31	34	35	36	37	38	39	40	
T	70	3041	6507	53099	93048	94034	108196	123553	167843	188147	239361	278419	339711	617810	877168	
T	71	14	15	16	27	28	30	31	34	35	36	37	38	39	40	
T	71	3186	7043	57194	96220	97284	112297	128571	172906	191834	244346	282158	341871	615778	871812	
T	72	14	15	16	27	28	30	31	34	35	36	37	38	39	40	
T	72	3270	7245	58217	98685	99765	114839	131092	176477	196038	249186	288473	348966	620934	871233	
T	73	14	15	16	27	28	30	31	34	35	36	37	38	39	40	
T	73	3014	6671	54195	94285	95333	109433	124999	168504	189051	239850	278472	339039	616211	875125	
T	74	14	15	16	27	28	30	31	34	35	36	37	38	39	40	
T	74	3184	6855	55926	95153	96215	110369	125933	169227	188827	239929	278120	338126	617070	876070	
T	75	14	15	16	27	28	30	31	34	35	36	37	38	39	40	
T	75	3028	6663	54964	96174	97266	111394	126980	171028	191482	242872	281672	343088	618490	872951	
T	76	14	15	16	27	28	30	31	34	35	36	37	38	39	40	
T	76	3159	6958	57040	97061	98179	113118	129205	173323	192448	245096	283110	342871	616548	874553	
T	77	14	15	16	27	28	30	31	34	35	36	37	38	39	40	
T	77	2828	6299	51488	92399	93336	106778	121642	164852	185803	235394	274477	335341	613029	875569	
T	78	14	15	16	27	28	30	31	34	35	36	37	38	39	40	
T	78	2682	5914	47312	89074	89954	101603	116057	158268	181197	229977	269374	330020	612320	876552	
T	79	14	15	16	27	28	30	31	34	35	36	37	38	39	40	
T	79	2781	6178	49114	90409	91389	104287	119511	163602	186078	236803	277147	339382	621980	878772	
T	80	14	15	16	27	28	30	31	34	35	36	37	38	39	40	
T	80	2832	6370	50792	92066	93090	106386	121560	165630	188068	239043	278696	340091	620891	874661	
T	81	14	15	16	27	28	30	31	34	35	36	37	38	39	40	
T	81	2862	6332	49479	91444	92441	104925	119837	163282	185387	235029	275245	336777	620933	875289	
T	82	14	15	16	27	28	30	31	34	35	36	37	38	39	40	
T	82	3010	6540	49325	91605	92629	105266	120129	163570	185904	236028	276131	337801	622107	878075	
T	83	14	15	16	27	28	30	31	34	35	36	37	38	39	40	
T	83	2845	6297	47735	88924	89955	102477	117037	159533	182035	231569	271286	332979	617708	876592	
T	84	14	15	16	27	28	30	31	34	35	36	37	38	39	40	
T	84	2690	5975	45750	87243	88258	99820	113776	154935	178239	225626	265032	326222	612224	877668	
T	85	14	15	16	27	28	30	31	34	35	36	37	38	39	40	
T	85	3041	6741	52990	94421	95671	109577	125049	169781	191709	244017	283946	345469	626111	877095	
T	86	14	15	16	27	28	30	31	34	35	36	37	38	39	40	
T	86	3436	7532	60539	102255	103559	119565	136242	183210	203922	259502	299676	361181	636712	872970	
T	87	14	15	16	27	28	30	31	34	35	36	37	38	39	40	
T	87	3251	7262	59047	101001	102304	117399	133898	179535	200136	253866	293302	354040	630984	872143	
T	88	14	15	16	27	28	30	31	34	35	36	37	38	39	40	
T	88	3210	7066	55098	97836	99189	113049	128858	173609	195158	246157	285696	346610	625930	875766	
T	89	14	15	16	27	28	30	31	34	35	36	37	38	39	40	
T	89	3007	6779	54636	95465	96683	110695	126103	169299	190476	241441	280735	341281	622606	874650	
T	90	14	15	16	27	28	30	31	34	35	36	37	38	39	40	
T	90	2833	6394	50921	91800	92965	105746	120419	162124	184104	232498	271624	331792	614214	875958	
T	91	14	15	16	27	28	30	31	34	35	36	37	38	39	40	
T	91	2769	6041	47654	88473	89552	100793	114646	155149	179069	225440	264880	325442	612750	881435	
T	92	14	15	16	27	28	30	31	34	35	36	37	38	39	40	
T	92	3012	6532	53217	94578	95837	109002	124409	167846	190994	241415	281421	342501	623596	876463	
T	93	14	15	16	27	28	30	31	34	35	36	37	38	39	40	
T	93	2778	6250	50112	92043	93292	105071	119601	161783	186109	234512	275332	336522	623222	876738	
T	94	14	15	16	27	28	30	31	34	35	36	37	38	39	40	
T	94	2698	5910	47709	89868	91099	101985	115800	156900	182326	229289	270395	332293	623463	879695	
T	95	14	15	16	27	28	30	31	34	35	36	37	38	39	40	
T	95	2751	6096	48534	91462	92778	104715	119670	163195	189018	237845	279384	341098	628123	877707	
T	96	14	15	16	27	28	30	31	34	35	36	37	38	39	40	
T	96	2716	6071	48596	91131	92448	104126	118527	160487	185946	234430	275881	338272	626670	877109	
T	97	14	15	16	27	28	30	31	34	35	36	37	38	39	40	
T	97	2828	6137	47590	91247	92667	104045	118358	161436	189320	237853	280171	343869	633898	883302	
T	98	14	15	16	27	28	30	31	34	35	36	37	38	39	40	
T	98	3204	6968	54881	98939	100552	114879	131083	177170	202511	255795	298430	362073	643973	876470	
T	99	14	15	16	27	28	30	31	34	35	36	37	38	39	40	
T	99	3405	7548	59625	105311	107124	122749	139948	187502	212170	267182	309778	372864	650657	873888	
T	100	14	15	16	27	28	30	31	34	35	36	37	38	39	40	
T	100	3110	6777	53921	99478	101234	114565	130119	175514	202463	254503	297651	361039	646476	881759	
T	101	12	13	14	15	16	23	25	26	27	28	30	31	32	33	34	35	36	37	38	39	40	
T	101	57	342	3380	11413	55434	55524	55701	55864	167041	169796	178261	196399	196466	196653	270345	368893	422313	513383	615561	828190	876087	
T	102	14	15	16	27	28	30	31	34	35	36	37	38	39	40	
T	102	3099	7018	52713	116132	118222	128530	147662	207687	254637	315973	385118	484593	810599	875732	
T	103	14	15	16	27	28	30	31	34	35	36	37	38	39	40	
T	103	2905	6582	50397	98005	99897	111807	128829	177944	208227	265811	315043	383716	733670	877000	
T	104	14	15	16	27	28	30	31	34	35	36	37	38	39	40	
T	104	2849	6081	47726	90078	91941	103972	119163	164174	191582	244186	287730	349938	663583	875820	
T	105	14	15	16	27	28	30	31	34	35	36	37	38	39	40	
T	105	2773	6028	48255	87966	89829	102086	117127	158606	182244	231944	271761	330623	623515	875581	
T	106	14	15	16	27	28	30	31	34	35	36	37	38	39	40	
T	106	3163	6758	51345	91452	93492	107075	122809	166226	190200	241418	281294	341213	620349	879160	
T	107	14	15	16	27	28	30	31	34	35	36	37	38	39	40	
T	107	2593	5768	43612	82692	84569	95413	108877	147918	173146	219585	258295	318144	601683	878894	
T	108	14	15	16	27	28	30	31	34	35	36	37	38	39	40	
T	108	2673	6207	47426	86115	87982	100289	114911	155254	178227	226562	264099	323053	601808	876734	
T	109	14	15	16	27	28	30	31	34	35	36	37	38	39	40	
T	109	2542	5882	45887	83100	84993	96693	110533	149328	172021	218763	256110	315298	595031	877263	
T	110	14	15	16	27	28	30	31	34	35	36	37	38	39	40	
T	110	2531	5821	44314	81443	83291	94640	108255	146197	168609	214578	251339	308652	587006	878304	
T	111	14	15	16	27	28	30	31	34	35	36	37	38	39	40	
T	111	2422	6079	44521	81444	83362	94388	107812	145493	168842	214627	251615	309736	589201	878449	
T	112	14	15	16	27	28	30	31	34	35	36	37	38	39	40	
T	112	2863	6971	48229	85966	88058	100638	115126	154735	177853	225941	263072	321750	596620	879306	
T	113	14	15	16	27	28	30	31	34	35	36	37	38	39	40	
T	113	2888	6695	48797	87189	89346	101858	116444	156444	179552	228185	265672	324850	599013	874964	
T	114	14	15	16	27	28	30	31	34	35	36	37	38	39	40	
T	114	2898	8968	51110	89160	91393	104724	119665	160538	183464	233660	271705	330687	604162	875255	
T	115	14	15	16	27	28	30	31	34	35	36	37	38	39	40	
T	115	3210	7533	51779	92269	94790	107912	123438	165830	190943	241330	280579	340398	614398	879882	
T	116	14	15	16	27	28	30	31	34	35	36	37	38	39	40	
T	116	3052	7020	48905	90467	93063	105014	119587	160285	186351	234847	274477	334788	612566	880039	
T	117	14	15	16	27	28	30	31	34	35	36	37	38	39	40	
T	117	2556	7204	43263	84364	86833	96901	109857	147793	176075	221519	261514	321951	607820	879981	
T	118	14	15	16	27	28	30	31	34	35	36	37	38	39	40	
T	118	2857	7264	48008	88733	91260	102586	117095	157043	183087	231627	271117	331088	613358	881021	
T	119	14	15	16	27	28	30	31	34	35	36	37	38	39	40	
T	119	2931	8119	50209	89624	92270	105690	120827	162135	187249	238524	278118	339352	617150	876341	
T	120	14	15	16	27	28	30	31	34	35	36	37	38	39	40	
T	120	3454	10256	60381	101161	104003	120388	137432	182119	205747	260833	300962	362167	630934	873468	
T	121	14	15	16	27	28	30	31	34	35	36	37	38	39	40	
T	121	3798	8736	60846	102511	105544	122362	139789	184978	209096	265565	306055	367614	636433	875668	
T	122	14	15	16	27	28	30	31	34	35	36	37	38	39	40	
T	122	3570	10601	58771	99435	102340	117748	134385	177580	201784	256554	296144	357164	628526	874182	
T	123	14	15	16	27	28	30	31	34	35	36	37	38	39	40	
T	123	3596	12983	58051	99316	102338	117715	134427	177813	201722	256348	295848	356637	628293	873378	
T	124	14	15	16	25	26	27	28	30	31	34	35	36	37	38	39	40	
T	124	4038	14284	55212	55403	55423	96145	99168	113890	130073	172316	197486	250516	290304	352232	627634	877405	
T	125	14	15	16	25	26	27	28	30	31	34	35	36	37	38	39	40	
T	125	3801	12532	53685	53860	53876	94863	97896	111914	127980	169857	194781	246830	286500	347696	623800	876448	
T	126	14	15	16	25	26	27	28	30	31	34	35	36	37	38	39	40	
T	126	4064	11698	56436	56625	56638	96942	100137	115542	131812	174528	199536	253040	292851	354460	628156	876093	
T	127	14	15	16	25	26	27	28	30	31	34	35	36	37	38	39	40	
T	127	5104	17816	66673	66912	66924	107743	111185	128735	146679	191460	215687	272257	312122	372314	639461	873488	
T	128	14	15	16	25	26	27	28	30	31	34	35	36	37	38	39	40	
T	128	4899	14314	64922	65144	65165	108210	111596	128439	146313	191387	216603	272420	312126	372529	639147	872141	
T	129	14	15	16	25	26	27	28	30	31	34	35	36	37	38	39	40	
T	129	4795	22294	63536	63762	63786	105868	109241	126020	143385	187477	212168	267282	307299	367912	637032	871525	
T	130	14	15	16	25	26	27	28	30	31	34	35	36	37	38	39	40	
T	130	4471	21984	59218	59475	59503	101752	105340	120323	137153	179998	207036	260891	301700	363131	637783	876593	
T	131	12	13	14	15	16	23	25	26	27	28	30	31	32	33	34	35	36	37	38	39	40	
T	131	157	704	4444	23792	57974	58175	58336	58427	100360	103679	118888	135534	135703	135932	178542	205888	259380	300387	361603	637625	877323	
T	132	12	13	14	15	16	23	25	26	27	28	30	31	32	33	34	35	36	37	38	39	40	
T	132	157	699	4923	28034	65838	66030	66199	66266	109027	112671	130442	148946	149129	149358	195281	222080	280063	321954	384377	653338	871183	
T	133	14	15	16	25	26	27	28	30	31	34	35	36	37	38	39	40	
T	133	5314	29200	66424	66757	66796	111231	115164	132497	151074	196735	224993	282925	325191	387478	658007	874824	
T	134	12	13	14	15	16	23	25	26	27	28	30	31	32	33	34	35	36	37	38	39	40	
T	134	183	875	5293	29057	65301	65521	65734	65822	108656	112276	129178	147373	147595	147841	192958	220438	278047	319820	381500	652769	873522	
T	135	14	15	16	25	26	27	28	30	31	34	35	36	37	38	39	40	
T	135	5169	28943	63001	63350	63389	107955	112063	128199	146217	191403	220633	277032	319384	381609	652059	874207	
T	136	14	15	16	25	26	27	28	30	31	34	35	36	37	38	39	40	
T	136	4897	26399	57688	58037	58082	102126	106188	120985	138030	180990	211184	265657	307840	370240	647253	878236	
T	137	12	13	14	15	16	23	25	26	27	28	30	31	32	33	34	35	36	37	38	39	40	
T	137	193	844	4790	27437	55603	55851	56095	56215	100393	104399	118662	135243	135437	135746	178064	209276	263442	306497	370292	648816	879217	
T	138	12	13	14	15	16	23	25	26	27	28	30	31	32	33	34	35	36	37	38	39	40	
T	138	207	1008	5563	32224	63376	63657	63915	64036	108105	112259	129284	147784	148031	148328	193635	223434	281558	324675	388598	660177	874427	
T	139	12	13	14	15	16	23	25	26	27	28	30	31	32	33	34	35	36	37	38	39	40	
T	139	218	1044	6040	36087	68845	69154	69426	69551	115198	119687	138197	158081	158324	158649	205827	236267	296581	340366	404223	672108	875553	
T	140	12	13	14	15	16	23	25	26	27	28	30	31	32	33	34	35	36	37	38	39	40	
T	140	199	1025	5779	35426	66476	66756	67017	67167	112541	116975	134469	153412	153667	153987	199703	229807	288524	331913	394818	666263	875843	
T	141	12	13	14	15	16	23	25	26	27	28	30	31	32	33	34	35	36	37	38	39	40	
T	141	193	908	8230	33677	61451	61721	62901	63164	107106	111553	128074	145697	145945	146282	190077	221186	278242	321752	386003	660728	875475	
T	142	12	13	14	15	16	23	25	26	27	28	30	31	32	33	34	35	36	37	38	39	40	
T	142	188	969	5863	35531	62383	62715	63018	63170	109580	114200	130779	148877	149138	149479	194990	227267	285111	329479	395058	669093	879747	
T	143	12	13	14	15	16	23	25	26	27	28	30	31	32	33	34	35	36	37	38	39	40	
T	143	183	1245	8844	34164	58989	59314	60823	61174	105678	110379	126371	143845	144118	144504	188548	222104	279131	324453	390576	667152	880310	
T	144	12	13	14	15	16	23	25	26	27	28	30	31	32	33	34	35	36	37	38	39	40	
T	144	216	1258	9946	36116	60309	60638	62379	62737	106666	111412	127936	146100	146379	146781	191873	224292	282336	326844	392297	667921	877455	
T	145	12	13	14	15	16	23	25	26	27	28	30	31	32	33	34	35	36	37	38	39	40	
T	145	176	942	9327	39382	63394	63701	65045	65349	109835	114739	132232	150746	151033	151437	197184	229280	288841	332584	397510	669933	877709	
T	146	12	13	14	15	16	23	25	26	27	28	30	31	32	33	34	35	36	37	38	39	40	
T	146	184	967	9728	37284	59222	59566	61310	61646	105402	110426	126560	144380	144674	145051	188497	221202	278196	322890	388229	664104	876484	
T	147	12	13	14	15	16	23	25	26	27	28	30	31	32	33	34	35	36	37	38	39	40	
T	147	189	1204	18770	37460	58451	58765	63555	64316	103724	108674	124512	142191	142489	142884	185880	218621	275961	320188	385468	665184	877872	
T	148	12	13	14	15	16	23	25	26	27	28	30	31	32	33	34	35	36	37	38	39	40	
T	148	180	1306	24833	40110	60965	61307	67880	68927	107498	112855	130043	148123	148438	148887	193455	228032	286644	332283	398756	676720	880354	
T	149	12	13	14	15	16	23	25	26	27	28	30	31	32	33	34	35	36	37	38	39	40	
T	149	507	2803	29231	42672	63374	64227	71405	72749	110283	115101	132745	151494	152255	153302	198748	230990	289650	335116	401137	676683	877802	
T	150	12	13	14	15	16	22	23	24	25	26	27	28	30	31	32	33	34	35	36	37	38	39	40	
T	150	356	2012	28587	44397	64658	65098	65368	65626	72498	73794	112337	117683	136100	155169	155715	156474	202479	235801	295523	341056	407004	679686	877193	
T	151	2	12	13	14	15	16	22	23	24	25	26	27	28	30	31	32	33	34	35	36	37	38	39	40	
T	151	1170	1864	5198	31363	43090	61317	61771	62785	63018	70388	72022	108223	112858	130158	148478	149649	151428	195870	227897	286828	331771	397328	676249	879057	
T	152	2	12	13	14	15	16	22	23	24	25	26	27	28	30	31	32	33	34	35	36	37	38	39	40	
T	152	2338	2883	5307	35115	47598	65443	65876	66387	66612	74453	75932	111279	116217	134894	154303	155144	156253	202046	234054	293803	338501	402985	677566	876814	
T	153	2	11	12	13	14	15	16	20	21	22	23	24	25	26	27	28	30	31	32	33	34	35	36	37	38	39	40	
T	153	3444	3670	4952	8912	37531	53799	70340	70420	70649	70743	72549	72567	79942	81536	117112	121663	141819	161785	163372	165530	212378	242690	304165	349232	414217	683617	875695	
T	154	2	12	13	14	15	16	22	23	24	25	26	27	28	30	31	32	33	34	35	36	37	38	39	40	
T	154	4774	5360	8542	36985	56143	73583	74069	74841	75105	81955	83516	120474	125794	145713	166401	167407	168938	215974	248210	310154	355729	420404	687919	876504	
T	155	2	12	13	14	15	16	22	23	24	25	26	27	28	30	31	32	33	34	35	36	37	38	39	40	
T	155	6029	7249	13420	46139	60118	76718	77258	79072	79320	87562	89694	124946	129463	150771	171817	173747	176365	224075	254131	316567	362094	427049	692965	874136	
T	156	2	11	12	13	14	15	16	20	21	22	23	24	25	26	27	28	30	31	32	33	34	35	36	37	38	39	40	
T	156	7249	7504	9555	16893	43583	57434	70644	70755	71045	71177	74572	74603	81857	84151	118305	121806	140858	160261	163228	167519	212532	239932	299693	344737	409794	684280	875048	
T	157	2	12	13	14	15	16	22	23	24	25	26	27	28	30	31	32	33	34	35	36	37	38	39	40	
T	157	8506	9481	14020	44333	56249	69122	69680	71113	71406	79444	81571	115487	120441	138677	157909	159511	161865	206783	238800	298178	343680	409621	684703	878776	
T	158	2	11	12	13	14	15	16	20	21	22	23	24	25	26	27	28	30	31	32	33	34	35	36	37	38	39	40	
T	158	9771	10009	12981	24701	47032	59938	71085	71189	71453	71609	76869	76905	83552	86844	119765	121820	141943	161554	166285	173326	218715	241757	302882	348558	414411	689233	879121	
T	159	2	12	13	14	15	16	22	23	24	25	26	27	28	30	31	32	33	34	35	36	37	38	39	40	
T	159	10715	12707	22519	54358	67852	80490	81039	84370	84682	92490	95161	127616	131457	153202	174302	177542	181902	228474	255171	318009	363150	427103	693620	873280	
T	160	2	12	13	14	15	16	22	23	24	25	26	27	28	30	31	32	33	34	35	36	37	38	39	40	
T	160	11834	14393	26536	59299	72862	84924	85530	90016	90335	98020	101189	134239	137555	160825	182409	186508	192162	240072	265272	329277	375145	439718	703316	875716	
T	161	2	12	13	14	15	16	22	23	24	25	26	27	28	30	31	32	33	34	35	36	37	38	39	40	
T	161	13127	14228	19768	57426	75453	86575	87272	88848	89223	98011	100110	134892	140901	162133	183705	185449	187751	234959	267322	330297	376135	439429	700501	871519	
T	162	2	11	12	13	14	15	16	20	21	22	23	24	25	26	27	28	30	31	32	33	34	35	36	37	38	39	40	
T	162	14349	14642	17665	28913	61576	74979	84306	84444	84779	84949	90173	90215	98673	101904	134294	137774	159576	180868	185252	191421	237863	263803	326974	372985	437976	703648	873015	
T	163	2	11	12	13	14	15	16	20	21	22	23	24	25	26	27	28	30	31	32	33	34	35	36	37	38	39	40	
T	163	15673	15960	19305	31890	64088	77052	85498	85661	85975	86143	91681	91719	100233	103606	135444	138816	160672	182185	187012	193646	240229	265544	328622	375116	439932	707470	876840	
T	164	2	12	13	14	15	16	22	23	24	25	26	27	28	30	31	32	33	34	35	36	37	38	39	40	
T	164	17533	20503	34301	62062	72867	80490	81222	86860	87289	95258	99623	131250	133969	154013	173837	179304	187596	232243	257594	318062	365035	431069	704205	878980	
T	165	2	11	12	13	14	15	16	20	21	22	23	24	25	26	27	28	30	31	32	33	34	35	36	37	38	39	40	
T	165	18356	18658	21919	34846	66692	78340	85045	85191	85552	85798	91633	91679	101058	104890	136235	139745	160839	182008	187009	194509	240518	267797	330812	378146	443914	710512	876793	
T	166	2	11	12	13	14	15	16	20	21	22	23	24	25	26	27	28	30	31	32	33	34	35	36	37	38	39	40	
T	166	19693	20012	24552	43807	68622	79588	85565	85726	86140	86365	95128	95174	102974	108133	138691	140107	162036	183320	190754	201801	247840	268572	331482	378766	444575	711782	878842	
T	167	2	11	12	13	14	15	16	20	21	22	23	24	25	26	27	28	30	31	32	33	34	35	36	37	38	39	40	
T	167	20863	21199	25214	40757	72625	83481	88965	89127	89505	89743	96953	97017	106183	110597	140668	143667	165965	187577	193775	202814	248738	273428	337018	384973	451122	715418	876777	
T	168	2	11	12	13	14	15	16	20	21	22	23	24	25	26	27	28	30	31	32	33	34	35	36	37	38	39	40	
T	168	21912	22227	26021	42192	75926	86761	91922	92110	92538	92787	99956	100007	109471	113736	142566	145922	168899	190858	196881	205620	251955	277392	341897	389265	454603	716290	876775	
T	169	2	12	13	14	15	16	22	23	24	25	26	27	28	30	31	32	33	34	35	36	37	38	39	40	
T	169	23554	27336	49421	74712	83885	88643	89526	97695	98198	106535	112242	140425	142243	164425	185314	192887	204306	248987	270422	333114	381287	447685	716672	879953	
T	170	2	11	12	13	14	15	16	20	21	22	23	24	25	26	27	28	30	31	32	33	34	35	36	37	38	39	40	
T	170	25233	25591	30111	49439	74456	83117	86844	87038	87468	87739	96839	96909	105778	111484	138935	140649	161590	182440	190268	202042	245705	267847	329652	378193	445538	716105	880593	
T	171	2	12	13	14	15	16	22	23	24	25	26	27	28	30	31	32	33	34	35	36	37	38	39	40	
T	171	27335	30371	48189	77518	85142	88788	89722	96114	96656	106662	112271	139471	143024	163293	184011	190474	200570	243563	271020	331388	379930	447447	717535	881626	
T	172	2	12	13	14	15	16	22	23	24	25	26	27	28	30	31	32	33	34	35	36	37	38	39	40	
T	172	27060	31258	55553	83380	91383	94937	95961	105267	105815	115274	121723	148363	150302	172945	195127	203645	216212	260560	281703	345077	393292	459848	723273	878966	
T	173	2	11	12	13	14	15	16	20	21	22	23	24	25	26	27	28	30	31	32	33	34	35	36	37	38	39	40	
T	173	27660	28029	33671	61234	88815	97104	100019	100205	100700	101007	112332	112386	122393	128685	155249	156765	181497	204534	213950	227221	273595	292360	357418	405319	470524	726265	874455	
T	174	2	11	12	13	14	15	16	20	21	22	23	24	25	26	27	28	29	30	31	32	33	34	35	36	37	38	39	40	
T	174	27823	28188	34189	64500	95669	103401	106294	106465	106944	107240	119083	119218	129249	135467	161173	162749	162896	188931	213377	222773	235944	282862	300810	367652	415523	479154	729645	870371	
T	175	2	11	12	13	14	15	16	20	21	22	23	24	25	26	27	28	30	31	32	33	34	35	36	37	38	39	40	
T	175	29238	29657	35942	73119	99583	107710	110215	110414	110958	111265	123929	124012	134590	141096	166630	168249	195368	219886	230131	243621	291275	309054	376783	424785	488838	736089	871613	
T	176	2	11	12	13	14	15	16	20	21	22	23	24	25	26	27	28	29	30	31	32	33	34	35	36	37	38	39	40	
T	176	31073	31436	37103	73736	95280	101697	103750	103919	104482	105624	117277	117870	127942	134681	159129	160667	160812	184846	208609	218551	233003	278172	296650	362906	411193	476302	732456	873252	
T	177	2	11	12	13	14	15	16	20	21	22	23	24	25	26	27	28	29	30	31	32	33	34	35	36	37	38	39	40	
T	177	32294	32678	38535	76460	98211	103877	105658	105828	106349	108092	119439	120405	130403	137507	160979	162502	162640	187454	211578	221980	236828	282061	300371	366700	414996	480492	734161	874463	
T	178	2	11	12	13	14	15	16	20	21	22	23	24	25	26	27	28	30	31	32	33	34	35	36	37	38	39	40	
T	178	33205	33631	39561	78146	100621	106334	107887	108082	108713	113366	122899	125406	133808	141092	164190	165643	191577	215405	226581	241994	287463	305358	372672	421470	486931	738157	873879	
T	179	2	11	12	13	14	15	16	20	21	22	23	24	25	26	27	28	29	30	31	32	33	34	35	36	37	38	39	40	
T	179	33755	34158	40663	83885	107808	113164	114636	114807	115430	118341	130864	132666	143969	151666	172763	174488	174627	202254	227981	239208	255108	301745	318983	387305	436151	500367	742504	870657	
T	180	2	11	12	13	14	15	16	20	21	22	23	24	25	26	27	28	29	30	31	32	33	34	35	36	37	38	39	40	
T	180	35044	35446	42126	87196	110930	115909	117177	117365	118036	120725	133624	135075	146182	154550	177145	178772	178911	205948	231315	242658	259238	305169	322638	389883	438712	502734	744326	870933	
T	181	2	11	12	13	14	15	16	20	21	22	23	24	25	26	27	28	29	30	31	32	33	34	35	36	37	38	39	40	
T	181	36475	36832	43217	87836	108590	112809	113869	114070	114728	124829	131091	137172	143471	151688	171010	172574	172727	199302	224198	236128	253216	298064	315303	383421	432685	498482	746368	874698	
T	182	2	11	12	13	14	15	16	20	21	22	23	24	25	26	27	28	29	30	31	32	33	34	35	36	37	38	39	40	
T	182	37063	37535	44357	91399	112283	116182	117070	117288	117972	120745	133800	135433	146450	155173	175922	177498	177656	204108	229745	241980	260078	304799	321925	389108	438745	503972	748305	872571	
T	183	2	11	12	13	14	15	16	20	21	22	23	24	25	26	27	28	29	30	31	32	33	34	35	36	37	38	39	40	
T	183	39110	39605	46363	93051	113605	117009	117809	118043	118790	122751	135373	137586	148720	158030	178248	179777	179931	205673	230831	243713	262916	307059	324804	391624	442013	507390	751002	873080	
T	184	2	11	12	13	14	15	16	20	21	22	23	24	25	26	27	28	29	30	31	32	33	34	35	36	37	38	39	40	
T	184	40639	41087	47828	93632	111683	114713	115363	115575	116363	119589	132985	134971	146630	156348	175329	176816	176979	201918	226585	239709	259671	302484	320088	387154	438184	504283	753603	877365	
T	185	2	11	12	13	14	15	16	20	21	22	23	24	25	26	27	28	29	30	31	32	33	34	35	36	37	38	39	40	
T	185	41008	41468	48556	96247	115088	117854	118416	118652	119498	121794	136386	137708	150347	159855	177913	179443	179632	205457	230924	244713	264847	307658	324555	391332	442010	507616	753682	874547	
T	186	2	11	12	13	14	15	16	20	21	22	23	24	25	26	27	28	29	30	31	32	33	34	35	36	37	38	39	40	
T	186	41111	41566	48806	100243	118344	120982	121477	121733	122572	132663	141521	147521	155566	165284	181094	182725	182890	209536	235650	249738	270174	312980	328844	396628	446955	511506	752802	870679	
T	187	2	11	12	13	14	15	16	20	21	22	23	24	25	26	27	28	29	30	31	32	33	34	35	36	37	38	39	40	
T	187	42224	42681	49873	101625	119579	121930	122373	122623	123498	127637	141775	144209	156001	165621	181857	183504	183654	210199	236077	250919	271807	313964	329448	397166	447378	511593	754132	872869	
T	188	2	11	12	13	14	15	16	20	21	22	23	24	25	26	27	28	29	30	31	32	33	34	35	36	37	38	39	40	
T	188	43259	43717	50701	104171	120665	122760	123084	123311	124215	126551	142356	143738	156992	166879	182499	184026	184195	210061	235688	250606	272093	313259	328731	396404	446463	511397	755000	872263	
T	189	2	11	12	13	14	15	16	20	21	22	23	24	25	26	27	28	29	30	31	32	33	34	35	36	37	38	39	40	
T	189	44924	45395	52427	104699	119620	121338	121628	121861	122696	128066	141564	144721	156423	167135	182261	183825	183973	209121	234539	249754	272446	313071	328525	395232	445708	511088	755454	872416	
T	190	2	11	12	13	14	15	16	20	21	22	23	24	25	26	27	28	29	30	31	32	33	34	35	36	37	38	39	40	
T	190	46417	46900	53870	103308	117164	118618	118863	119118	120050	125549	138835	142237	153815	164894	178759	180200	180370	204972	229797	245386	269119	308266	323453	389047	439867	505983	755675	876965	
T	191	2	11	12	13	14	15	16	20	21	22	23	24	25	26	27	28	29	30	31	32	33	34	35	36	37	38	39	40	
T	191	46837	47335	54960	108116	124115	125487	125687	125935	126933	129800	146357	147993	161853	172453	185589	187141	187297	213692	239698	255668	279397	319438	333916	400915	451857	516687	757610	873225	
T	192	2	11	12	13	14	15	16	20	21	22	23	24	25	26	27	28	29	30	31	32	33	34	35	36	37	38	39	40	
T	192	46431	46926	54760	115726	129932	131207	131388	131644	132601	144070	153906	160716	169079	179462	191290	192976	193158	221376	248598	265330	288320	329166	342918	411665	461653	524896	759178	868726	
T	193	2	11	12	13	14	15	16	20	21	22	23	24	25	26	27	28	29	30	31	32	33	34	35	36	37	38	39	40	
T	193	45781	46663	56075	120351	134420	135651	135775	136260	138060	156286	161086	171586	175333	184886	196420	198244	198431	227602	255301	272397	295445	335888	348670	418579	467940	530336	760820	868207	
T	194	2	11	12	13	14	15	16	20	21	22	23	24	25	26	27	28	29	30	31	32	33	34	35	36	37	38	39	40	
T	194	46958	47885	57625	123073	136704	137742	137871	138378	140267	149937	162942	168580	178602	189314	201293	203048	203224	232329	260230	278134	302537	342368	355368	424578	474147	536648	764687	868416	
T	195	2	11	12	13	14	15	16	20	21	22	23	24	25	26	27	28	29	30	31	32	33	34	35	36	37	38	39	40	
T	195	48171	49230	59469	121170	132892	133699	133790	134502	137025	148357	160395	166864	175674	185620	196025	197688	197881	226291	253409	271564	296714	335526	347864	416629	466737	529522	762086	868248	
T	196	2	11	12	13	14	15	16	20	21	22	23	24	25	26	27	28	29	30	31	32	33	34	35	36	37	38	39	40	
T	196	50984	51441	59421	122856	133483	134156	134246	134515	135551	149408	158139	166756	174057	185976	196415	198041	198203	225489	252248	270481	296869	334099	346866	414331	464604	528693	764799	873430	
T	197	2	11	12	13	14	15	16	20	21	22	23	24	25	26	27	28	29	30	31	32	33	34	35	36	37	38	39	40	
T	197	53204	53991	62544	121215	130503	131047	131105	131528	133379	147663	156248	165239	172111	183844	192916	194446	194615	220579	246261	264932	292594	328751	341367	408560	459956	525368	764378	874252	
T	198	2	11	12	13	14	15	16	20	21	22	23	24	25	26	27	28	29	30	31	32	33	34	35	36	37	38	39	40	
T	198	54813	55993	65987	124727	133591	134105	134146	134834	137597	157047	162198	174320	177539	189063	197542	199049	199237	225552	251857	271169	300008	335867	348195	415661	467060	532389	770063	876809	
T	199	2	11	12	13	14	15	16	20	21	22	23	24	25	26	27	28	29	30	31	32	33	34	35	36	37	38	39	40	
T	199	56305	60487	80941	130203	139041	139498	139517	142299	152112	164346	179070	185968	191075	196141	204140	205726	205911	232770	259636	279708	309948	345793	357968	425594	477596	542997	777010	878264	
T	200	2	11	12	13	14	15	16	20	21	22	23	24	25	26	27	28	29	30	31	32	33	34	35	36	37	38	39	40	
T	200	56229	59382	77259	131749	139609	140000	140018	142120	150017	165568	178200	187584	191976	199880	207980	209605	209976	236810	264757	284981	316249	351798	364193	431561	484453	549419	775718	871966	
T	201	2	11	12	13	14	15	16	20	21	22	23	24	25	26	27	28	29	30	31	32	33	34	35	36	37	38	39	40	
T	201	57810	59700	73759	141092	149130	149513	149541	150738	155537	175956	184242	197385	201461	213927	221708	223278	223454	251415	279569	301535	334691	370150	381708	448730	501693	565639	784131	873885	
T	202	2	11	12	13	14	15	16	20	21	22	23	24	25	26	27	28	29	30	31	32	33	34	35	36	37	38	39	40	
T	202	59789	62115	77520	136137	142547	142835	142854	144474	150612	168314	179360	190642	195189	206215	213211	214746	214972	241384	268627	290614	325225	358814	370197	436231	489451	556222	785844	879988	
T	203	2	11	12	13	14	15	16	20	21	22	23	24	25	26	27	28	29	30	31	32	33	34	35	36	37	38	39	40	
T	203	62510	63812	75141	136734	142617	142877	142890	143796	147326	164119	174618	185687	192443	206196	212468	213879	214069	239429	265695	287743	323877	355967	367272	432814	486751	553728	785149	880976	
T	204	2	11	12	13	14	15	16	20	21	22	23	24	25	26	27	28	29	30	31	32	33	34	35	36	37	38	39	40	
T	204	64197	65807	78115	134784	139649	139855	139868	141018	145508	162288	173194	184222	190541	203753	209714	211078	211264	235853	261561	283921	320885	352096	363128	427315	481338	549601	783709	880557	
T	205	2	11	12	13	14	15	16	20	21	22	23	24	25	26	27	28	29	30	31	32	33	34	35	36	37	38	39	40	
T	205	63261	65520	81146	135618	140177	140349	140356	142246	148977	167285	177783	189698	193093	203417	208945	210386	210589	236658	262887	285530	322234	353536	363816	429582	483535	550921	783788	880790	
T	206	2	11	12	13	14	15	16	20	21	22	23	24	25	26	27	28	29	30	31	32	33	34	35	36	37	38	39	40	
T	206	61926	65599	86851	142795	147458	147615	147618	150238	160092	175555	190086	199437	203537	210949	215965	217525	217750	246378	274317	297627	332825	365210	374782	442552	494846	559096	782042	874979	
T	207	2	11	12	13	14	15	16	20	21	22	23	24	25	26	27	28	29	30	31	32	33	34	35	36	37	38	39	40	
T	207	60683	64497	87197	146978	151574	151700	151707	154327	164457	180100	194643	204044	207900	215153	220028	221670	222063	251653	280982	304317	338533	371261	380174	448187	499215	562081	779416	869358	
T	208	2	11	12	13	14	15	16	20	21	22	23	24	25	26	27	28	29	30	31	32	33	34	35	36	37	38	39	40	
T	208	62039	67373	97144	151055	155246	155338	155339	159150	173596	184540	205619	211982	216488	220456	225312	227203	227919	257143	287693	310384	344916	377128	385885	453514	504277	566901	782589	872601	
T	209	2	11	12	13	14	15	16	20	21	22	23	24	25	26	27	28	29	30	31	32	33	34	35	36	37	38	39	40	
T	209	63446	68681	97505	145162	148553	148633	148635	152625	167524	176819	199209	205012	209808	213246	217646	219413	220156	247158	275898	298342	334653	365324	374155	440819	492426	556366	778787	872998	
T	210	2	11	12	13	14	15	20	21	22	23	24	25	26	27	28	29	30	31	32	33	34	35	36	37	38	39	40	
T	210	66783	72670	106008	147647	150724	150787	155391	173192	179001	206932	210330	215778	216663	221027	222868	224037	251063	281556	303426	341081	371383	380264	446795	499060	563107	783500	875366	
T	211	2	11	12	13	14	15	16	20	21	22	23	24	25	26	27	28	29	30	31	32	33	34	35	36	37	38	39	40	
T	211	68303	73774	105775	151517	154270	154320	154321	158563	174806	183100	208720	213927	218402	221169	225336	227272	228539	255566	287060	308640	347300	377379	386272	452140	504365	569153	787839	877421	
T	212	2	11	12	13	14	15	20	21	22	23	24	25	26	27	28	29	30	31	32	33	34	35	36	37	38	39	40	
T	212	67401	72889	105842	156698	159367	159393	163575	179672	189373	214020	220030	224070	227773	231624	233588	234771	262973	295264	318132	356778	387077	395099	461719	513569	576388	788088	872640	
T	213	2	11	12	13	14	15	20	21	22	23	24	25	26	27	28	29	30	31	32	33	34	35	36	37	38	39	40	
T	213	67937	74159	111208	157727	160182	160215	164808	182978	189837	217043	221243	225339	227138	230861	232856	234190	262318	296284	319781	356379	386246	394025	460330	512436	575179	786109	869880	
T	214	2	11	12	13	14	15	16	20	21	22	23	24	25	26	27	28	29	30	31	32	33	34	35	36	37	38	39	40	
T	214	68754	74084	107725	161856	163962	163985	163986	168007	183594	194817	218136	224991	229079	233815	237197	239006	239709	268904	299879	324842	364926	393693	400903	467888	519639	581830	789100	870818	
T	215	2	11	12	13	14	15	20	21	22	23	24	25	26	27	28	29	30	31	32	33	34	35	36	37	38	39	40	
T	215	71174	76817	111984	161196	163079	163103	167579	184526	194111	220141	226039	230688	234460	237574	239268	239884	268740	298827	324484	365912	393783	400780	467686	519988	583194	792450	874153	
T	216	2	11	12	13	14	15	20	21	22	23	24	25	26	27	28	29	30	31	32	33	34	35	36	37	38	39	40	
T	216	73859	78103	106467	158590	160084	160102	163569	176452	189857	210644	219289	223181	230146	232796	234373	234762	262414	290981	317281	360060	386830	393328	459477	513326	577668	792855	876947	
T	217	2	11	12	13	14	15	20	21	22	23	24	25	26	27	28	29	30	31	32	33	34	35	36	37	38	39	40	
T	217	74915	81183	119756	158080	159427	159432	164357	183461	188492	219603	223039	226076	226977	230288	232534	234821	259417	295932	316340	355726	383080	390775	455777	508874	573749	792070	877106	
T	218	2	11	12	13	14	15	20	21	22	23	24	25	26	27	28	29	30	31	32	33	34	35	36	37	38	39	40	
T	218	72868	78553	114779	162506	163718	163732	168216	184513	193497	218917	224548	227883	231407	234236	236283	237252	266105	298024	322183	362708	390379	396711	463620	515289	578367	788629	871121	
T	219	2	11	12	13	14	15	20	21	22	23	24	25	26	27	28	29	30	31	32	33	34	35	36	37	38	39	40	
T	219	72003	78191	119174	166097	167259	167267	172162	190123	197574	223990	228338	232040	234555	237045	238909	239464	269610	300992	327087	366776	393776	399622	467392	518278	579670	787555	868091	
T	220	2	11	12	13	14	15	20	21	22	23	24	25	26	27	28	29	30	31	32	33	34	35	36	37	38	39	40	
T	220	73626	80364	124406	164720	165714	165720	171054	191194	195884	225758	228375	231901	232704	235366	237386	238495	267392	300615	324870	365086	392243	398229	465771	517043	579418	788397	868903	
T	221	2	11	12	13	14	15	20	21	22	23	24	25	26	27	28	29	30	31	32	33	34	35	36	37	38	39	40	
T	221	75119	80343	116568	171051	171990	171996	176070	191513	203255	226284	233568	236823	242073	244360	246084	246512	276868	308697	337345	376623	403273	408724	476223	527485	588552	792420	868894	
T	222	2	11	12	13	14	15	20	21	22	23	24	25	26	27	28	29	30	31	32	33	34	35	36	37	38	39	40	
T	222	76500	83219	129571	170058	170892	170896	176350	197005	201680	234180	236898	240239	241111	243647	245644	246940	275122	308857	333063	375245	401480	407534	473614	525418	587981	793595	870311	
T	223	2	11	12	13	14	15	20	21	22	23	24	25	27	28	29	30	31	32	33	34	35	36	37	38	39	40	
T	223	78782	85825	135627	173213	173868	173871	179911	202149	205520	241066	243095	245933	248788	251113	253296	280918	319940	341773	382574	409441	415573	481349	533541	595455	798116	872527	
T	224	2	11	12	13	14	15	20	21	22	23	24	25	27	28	29	30	31	32	33	34	35	36	37	38	39	40	
T	224	78786	86125	138856	177593	178216	178218	184344	207203	210364	245950	247769	250546	253398	255595	257684	285367	323576	344883	387809	414208	420289	486004	537292	597675	795744	868536	
T	225	2	11	12	13	14	15	20	21	22	23	24	25	27	28	29	30	31	32	33	34	35	36	37	38	39	40	
T	225	78230	85667	139807	177934	178486	178487	184810	208404	211742	249686	251564	254359	257174	259433	261570	289673	330035	352664	394719	420600	426425	491416	543092	603771	797063	865770	
T	226	2	11	12	13	14	20	21	22	23	24	25	27	28	29	30	31	32	33	34	35	36	37	38	39	40	
T	226	79941	87162	138839	173509	173962	179916	202244	205375	242927	245002	245968	249329	252044	255862	279851	327146	342417	384389	410648	417590	482027	534943	596920	799284	869783	
T	227	2	10	11	12	13	14	18	19	20	21	22	23	24	25	26	27	28	29	30	31	32	33	34	35	36	37	38	39	40	
T	227	82070	82491	88879	142964	173777	174142	174282	174654	180577	204649	207538	242627	244397	245224	245289	248521	251227	255074	278653	326707	340507	382749	408550	415310	479417	531807	593769	797922	870144	
T	228	2	10	11	12	13	14	18	19	20	21	22	23	24	25	26	27	28	29	30	31	32	33	34	35	36	37	38	39	40	
T	228	85372	85776	91842	144742	173728	174020	174158	174508	180386	203554	206372	241982	243699	244452	244510	247644	250262	254198	277550	325389	338681	382174	407996	414810	478119	530756	593977	798932	872271	
T	229	2	11	12	13	14	20	21	22	23	24	25	27	28	29	30	31	32	33	34	35	36	37	38	39	40	
T	229	85966	92730	145888	177309	177577	183602	205437	208422	246623	248317	249022	252218	254961	258767	282778	330412	344628	387583	413464	419981	483720	536000	598371	800858	872453	
T	230	2	10	11	12	13	14	18	19	20	21	22	23	24	25	26	27	28	29	30	31	32	33	34	35	36	37	38	39	40	
T	230	85829	86231	92847	153140	183542	183797	183921	184267	190520	214917	217662	254230	255753	256378	256445	259537	262267	266196	291114	341014	354302	396730	423036	429628	494171	546072	607194	803004	870351	
T	231	2	11	12	13	14	20	21	22	23	24	25	27	28	29	30	31	32	33	34	35	36	37	38	39	40	
T	231	86889	93319	146843	175760	175947	182096	204613	207449	246545	248079	248731	251738	254434	258156	280932	329463	343588	386819	411788	418059	481068	533385	595935	797558	868760	
T	232	2	11	12	13	14	20	21	22	23	24	25	27	28	29	30	31	32	33	34	35	36	37	38	39	40	
T	232	90678	96773	148621	175440	175625	181653	203008	205640	243078	244467	244842	247917	250538	254478	277266	328408	341883	383788	408711	415291	478945	533007	597573	804798	875469	
T	233	2	11	12	13	14	20	21	22	23	24	25	27	28	29	30	31	32	33	34	35	36	37	38	39	40	
T	233	93431	99824	155174	182660	182818	188939	210885	213538	252436	253712	254430	257341	259815	263324	287069	335110	349635	394350	418957	425244	488984	542592	605576	807218	875761	
T	234	2	11	12	13	14	20	21	22	23	24	25	27	28	29	30	31	32	33	34	35	36	37	38	39	40	
T	234	96451	103102	160952	188150	188305	194704	217253	220007	260391	261565	262924	265653	268106	271083	296668	342179	359907	405897	430390	436055	499826	553376	615886	811821	877083	
T	235	2	11	12	13	14	20	21	22	23	24	25	26	27	28	29	30	31	32	33	34	35	36	37	38	39	40	
T	235	97056	103413	159811	193216	193349	199489	220169	225921	262228	265271	267484	269535	271492	273394	274744	303897	342407	367807	413997	437507	441786	506380	559485	620713	811785	875190	
T	236	2	11	12	13	14	20	21	22	23	24	25	26	27	28	29	30	31	32	33	34	35	36	37	38	39	40	
T	236	98633	105086	162176	199478	199571	205371	225642	232890	267594	271677	273758	276739	278680	280627	281823	311363	347706	373677	422401	445851	450113	514852	567716	628531	814631	874070	
T	237	2	11	12	13	14	15	20	21	22	23	24	25	27	28	29	30	31	32	33	34	35	36	37	38	39	40	
T	237	100791	107627	168291	192912	192996	192997	199855	222650	225581	267661	268443	270763	272620	274582	276212	303004	340262	364008	416116	438505	442961	506638	560662	623974	816500	876760	
T	238	2	11	12	13	14	20	21	22	23	24	25	26	27	28	29	30	31	32	33	34	35	36	37	38	39	40	
T	238	104150	109818	160877	201925	202016	207294	225058	235447	267599	274058	275609	281044	282975	284851	286352	313750	350683	375769	428115	450299	454558	518023	572360	635277	824038	881621	
T	239	2	11	12	13	14	15	20	21	22	23	24	25	26	27	28	29	30	31	32	33	34	35	36	37	38	39	40	
T	239	104965	109426	152504	204281	204344	204346	208476	222771	236726	264549	273451	276266	285400	287058	288793	289855	317906	352625	379837	432637	454463	458342	521003	575191	637466	821758	877422	
T	240	2	11	12	13	14	20	21	22	23	24	25	26	27	28	29	30	31	32	33	34	35	36	37	38	39	40	
T	240	104117	108556	152102	210502	210553	214563	228376	244527	270725	281008	284093	294357	295727	297356	297739	327585	360086	391033	442686	464355	467666	530732	583815	643599	820745	873843	
T	241	2	11	12	13	14	20	21	22	23	24	25	27	28	29	30	31	32	33	34	35	36	37	38	39	40	
T	241	101249	110048	189864	215279	215321	223207	249047	252118	296282	296868	298592	300728	302765	304428	333610	375267	398499	447622	470274	474306	536798	588097	645907	817505	868599	
T	242	2	11	12	13	14	20	21	22	23	24	25	27	28	29	30	31	32	33	34	35	36	37	38	39	40	
T	242	100009	108559	188519	212581	212627	220444	245966	248786	291995	292510	293561	296096	298442	300960	328578	377242	396044	441392	464289	468674	530360	581500	639099	811207	862076	
T	243	2	11	12	13	14	20	21	22	23	24	25	27	28	29	30	31	32	33	34	35	36	37	38	39	40	
T	243	105452	113621	190581	212576	212611	220218	244895	247738	291405	291871	292957	295361	297640	300029	326921	373978	393235	440129	462711	467109	528808	580540	639083	815401	868720	
T	244	2	11	12	13	14	20	21	22	23	24	25	26	27	28	29	30	31	32	33	34	35	36	37	38	39	40	
T	244	104996	111115	171595	219813	219837	225336	243112	256406	287463	295525	296727	303588	305461	307319	308217	338283	375602	402957	452297	474421	478065	540580	591555	648568	817197	867901	
T	245	2	11	12	13	14	20	21	22	23	24	25	26	27	28	29	30	31	32	33	34	35	36	37	38	39	40	
T	245	107202	110359	146816	224345	224366	227180	236370	255710	276732	289337	294333	308617	310055	311683	311871	343268	375496	407226	457054	478207	481243	543655	594313	650796	817366	866108	
T	246	2	11	12	13	14	20	21	22	23	24	25	26	27	28	29	30	31	32	33	34	35	36	37	38	39	40	
T	246	109389	112846	152428	224389	224412	227515	237860	258753	278727	292340	294971	308732	310108	311724	311915	342615	374609	406719	457511	478423	481405	543040	594730	652133	818768	866635	
T	247	2	11	12	13	14	20	21	22	23	24	25	26	27	28	29	30	31	32	33	34	35	36	37	38	39	40	
T	247	114653	122876	202847	230681	230696	238157	261004	267204	308916	311662	312438	314664	316948	319247	321666	349156	395062	413004	464432	486696	490756	551072	602766	660421	826385	873870	
T	248	2	11	12	13	14	20	21	22	23	24	25	26	27	28	29	30	31	32	33	34	35	36	37	38	39	40	
T	248	115832	123611	200421	232193	232210	239122	260488	268405	308224	312298	313450	316835	318748	320707	322113	351338	390919	415416	467203	489075	492726	553727	605361	662619	826071	872215	
T	249	2	11	12	13	14	20	21	22	23	24	25	27	28	29	30	31	32	33	34	35	36	37	38	39	40	
T	249	117573	126025	211807	228603	228614	236618	261958	264905	312747	313053	313927	316206	318380	320781	347627	396563	414743	464799	486317	490415	550258	602048	659582	824738	871018	
T	250	2	11	12	13	14	20	21	22	23	24	25	26	27	28	29	30	31	32	33	34	35	36	37	38	39	40	
T	250	118752	126683	206204	230990	230993	238481	261689	268075	310944	313807	314675	317085	319250	321272	323293	350315	394327	414653	467183	488465	492391	552443	604498	662560	826823	872467	
T	251	2	11	12	13	14	20	21	22	23	24	25	27	28	29	30	31	32	33	34	35	36	37	38	39	40	
T	251	117505	126374	217270	232843	232851	241317	266761	269592	316207	316428	317299	319548	321744	323821	351702	400275	419819	468308	489999	493886	554171	605120	661696	823842	868648	
T	252	2	11	12	13	14	20	21	22	23	24	25	27	28	29	30	31	32	33	34	35	36	37	38	39	40	
T	252	121503	129884	217835	232105	232110	240326	264944	267796	314964	315201	315487	318119	320563	323834	348957	405633	416131	465578	487599	492108	551073	603043	660892	825442	871169	
T	253	2	10	11	12	13	14	18	19	20	21	22	23	24	25	26	27	28	29	30	31	32	33	34	35	36	37	38	39	40	
T	253	125013	125436	133495	225573	238337	238339	238483	238807	246804	274545	277207	321496	321718	321878	321935	324813	327332	331307	355976	419754	426001	472116	494659	499561	559255	610885	667877	830343	875037	
T	254	2	11	12	13	14	20	21	22	23	24	25	27	28	29	30	31	32	33	34	35	36	37	38	39	40	
T	254	122591	131050	224166	237288	237292	245370	270571	273411	320032	320214	320324	323236	325842	329628	355345	415993	422840	470276	493409	498140	557633	608467	664170	823193	867234	
T	255	2	10	11	12	13	14	18	19	20	21	22	23	24	25	26	27	28	29	30	31	32	33	34	35	36	37	38	39	40	
T	255	121094	121607	130163	230870	242984	242985	243135	243512	251992	280722	283299	328060	328222	328432	328490	331338	334011	337598	364073	426350	433216	479610	502374	506999	566411	615843	669751	821591	862654	
T	256	2	10	11	12	13	14	18	19	20	21	22	23	24	25	26	27	28	29	30	31	32	33	34	35	36	37	38	39	40	
T	256	122810	123265	131899	235441	247223	247225	247357	247700	256525	286139	288615	334675	334803	335107	335171	337915	340488	343795	369620	431630	439756	487050	509395	513764	572868	622361	675488	824285	863193	
T	257	2	10	11	12	13	14	18	19	20	21	22	23	24	25	26	27	28	29	30	31	32	33	34	35	36	37	38	39	40	
T	257	124302	124811	133449	240767	252070	252071	252187	252577	261216	291402	294051	340621	340728	340874	340907	343824	346480	350193	375565	445835	451334	494385	516672	521296	579068	628259	680559	825350	862168	
T	258	2	10	11	12	13	18	19	20	21	22	23	24	25	26	27	28	29	30	31	32	33	34	35	36	37	38	39	40	
T	258	129019	129463	137970	241451	251512	251643	252058	260756	290583	293200	341632	341759	341918	341978	344749	347401	351302	375774	440222	444694	494275	516012	520575	577295	627178	680718	826808	864620	
T	259	2	10	11	12	13	18	19	20	21	22	23	24	25	26	27	28	29	30	31	32	33	34	35	36	37	38	39	40	
T	259	135040	135461	143556	243099	251814	251946	252310	260901	289590	292266	339587	339693	339839	339896	342731	345433	349289	373778	449414	454889	492831	514862	519511	576724	627967	682994	834289	873130	
T	260	2	10	11	12	13	18	19	20	21	22	23	24	25	26	27	28	29	30	31	32	33	34	35	36	37	38	39	40	
T	260	136178	136610	144488	244947	253355	253469	253848	262443	291086	293943	341507	341596	341757	341816	344619	347222	351270	376012	457362	463086	495161	517056	521808	579336	629867	684442	833799	871785	
T	261	2	10	11	12	13	14	18	19	20	21	22	23	24	25	26	27	28	29	30	31	32	33	34	35	36	37	38	39	40	
T	261	134708	135123	143011	247063	255172	255174	255292	255653	264193	293440	296027	342026	342101	342237	342297	345154	347755	351586	376611	459055	464251	494903	517125	521684	579709	629847	683712	829841	866048	
T	262	2	10	11	12	13	18	19	20	21	22	23	24	25	26	27	28	29	30	31	32	33	34	35	36	37	38	39	40	
T	262	137715	138141	145719	247943	255347	255481	255859	264334	293660	296220	343522	343597	343727	343781	346658	349160	353113	377589	474587	480963	496772	518432	523131	580361	630434	684593	831111	867303	
T	263	2	10	11	12	13	14	18	19	20	21	22	23	24	25	26	27	28	29	30	31	32	33	34	35	36	37	38	39	40	
T	263	140383	141104	148009	249068	255414	255415	255665	256317	264578	295460	297846	342910	342978	343234	343338	345986	348432	352404	376943	481807	488352	496707	518321	523106	580079	630065	684838	832710	868961	
T	264	2	10	11	12	13	18	19	20	21	22	23	24	25	26	27	28	29	30	31	32	33	34	35	36	37	38	39	40	
T	264	143649	144058	151630	255174	261528	261653	261973	270652	300203	302936	352865	352919	353054	353103	355794	358312	362306	386285	469300	473734	506448	527892	532525	588003	637720	691274	834722	870134	
T	265	2	10	11	12	13	14	18	19	20	21	22	23	24	25	26	27	28	29	30	31	32	33	34	35	36	37	38	39	40	
T	265	147235	147632	155041	255010	260370	260371	260496	260854	269465	299166	301924	353185	353235	353347	353401	356115	358582	362494	385476	463948	467633	507343	527916	532527	587935	639495	694607	839361	874551	
T	266	2	10	11	12	13	18	19	20	21	22	23	24	25	26	27	28	29	30	31	32	33	34	35	36	37	38	39	40	
T	266	149741	150169	157123	252256	256931	257071	257431	265806	293944	296649	345878	345925	346028	346077	348754	351219	355316	378094	465490	469349	500510	521210	525882	581295	633648	689999	838044	872688	
T	267	2	10	11	12	13	18	19	20	21	22	23	24	25	26	27	28	29	30	31	32	33	34	35	36	37	38	39	40	
T	267	150325	150719	157614	254638	259115	259238	259632	267876	296106	298633	346171	346221	346347	346400	349127	351551	355497	378180	481452	486155	500083	520836	525537	581474	633592	689903	837303	871663	
T	268	2	10	11	12	13	18	19	20	21	22	23	24	25	26	27	28	29	30	31	32	33	34	35	36	37	38	39	40	
T	268	149883	150286	157924	260173	264476	264589	264949	273603	302283	304875	353024	353059	353177	353236	356105	358666	362600	386804	469034	472032	507419	528896	533382	589631	639938	693680	836455	870086	
T	269	2	11	12	13	20	21	22	23	24	25	27	28	29	30	31	32	33	34	35	36	37	38	39	40	
T	269	153400	161295	262760	266962	275545	301367	304107	355307	355351	355352	358227	360815	364754	388301	472124	475030	508599	529220	533914	589118	640145	694526	837666	871234	
T	270	2	10	11	12	13	18	19	20	21	22	23	24	25	26	27	28	29	30	31	32	33	34	35	36	37	38	39	40	
T	270	156009	156749	163435	261197	264400	264637	265253	273354	303692	306079	352052	352089	352319	352414	354840	357214	361133	383911	479427	482625	504951	525344	529848	584826	636239	691784	836981	870550	
T	271	2	10	11	12	13	18	19	20	21	22	23	24	25	26	27	28	29	30	31	32	33	34	35	36	37	38	39	40	
T	271	163368	163719	170557	264512	267469	267590	267926	276109	303717	306319	355187	355221	355330	355390	357964	360303	364394	386668	485233	488377	508960	529254	533890	588310	640270	697039	844361	878535	
T	272	2	10	11	12	13	18	19	20	21	22	23	24	25	26	27	28	29	30	31	32	33	34	35	36	37	38	39	40	
T	272	164014	164752	171241	268673	271373	271588	272246	280248	310397	312736	357364	357385	357643	357742	360160	362564	366490	388981	481884	484416	509128	529606	534203	589073	640506	696013	842023	876421	
T	273	2	10	11	12	13	18	19	20	21	22	23	24	25	26	27	28	29	30	31	32	33	34	35	36	37	38	39	40	
T	273	170804	171217	178245	281488	284190	284310	284642	292813	320961	323499	372176	372205	372306	372355	374861	377289	381115	404671	504987	507628	524644	545353	549784	603817	653550	706517	845021	876647	
T	274	2	10	11	12	13	14	18	19	20	21	22	23	24	25	26	27	28	29	30	31	32	33	34	35	36	37	38	39	40	
T	274	172659	174475	180247	288275	290392	290393	290928	292535	300551	339106	341321	381159	381172	381749	382012	384032	386263	390211	414385	526859	529558	535165	555840	560056	614031	662692	714710	847161	876648	
T	275	2	10	11	12	13	18	19	20	21	22	23	24	25	26	27	28	29	30	31	32	33	34	35	36	37	38	39	40	
T	275	171531	173414	179330	289158	291076	291644	293255	301518	340123	342203	381705	381719	382354	382637	384719	386929	390797	414507	524640	527012	535067	555203	559315	612803	661364	712133	841666	870599	
T	276	2	10	11	12	13	14	18	19	20	21	22	23	24	25	26	27	28	29	30	31	32	33	34	35	36	37	38	39	40	
T	276	175026	175391	182761	290646	292848	292849	292976	293337	301990	331932	334574	385671	385678	385768	385810	388224	390553	394380	417064	511055	512893	538529	557828	561922	614010	662152	713161	841106	869737	
T	277	2	10	11	12	13	18	19	20	21	22	23	24	25	26	27	28	29	30	31	32	33	34	35	36	37	38	39	40	
T	277	178910	179660	186613	294930	296725	296947	297587	306235	338933	341610	390655	390669	390890	390993	393403	395700	399464	421858	513565	515158	543485	562479	566614	618153	666541	716883	843812	871336	
T	278	2	10	11	12	13	18	19	20	21	22	23	24	25	26	27	28	29	30	31	32	33	34	35	36	37	38	39	40	
T	278	180998	181412	189229	301960	303781	303911	304303	313339	344600	347329	399151	399157	399246	399286	401687	404027	407730	430724	533118	534766	551257	570458	574368	625447	672716	721672	843340	869150	
T	279	2	10	11	12	13	18	19	20	21	22	23	24	25	26	27	28	29	30	31	32	33	34	35	36	37	38	39	40	
T	279	183139	183991	191143	304676	306287	306526	307269	316113	349642	352249	400692	400695	400924	401035	403445	405674	409378	433149	537068	538534	554998	574421	578285	629049	676347	724075	840913	865002	
T	280	2	10	11	12	13	18	19	20	21	22	23	24	25	26	27	28	29	30	31	32	33	34	35	36	37	38	39	40	
T	280	184395	185154	192487	308213	309671	309910	310535	319568	352938	355532	404533	404538	404784	404883	407228	409551	413268	437283	549237	550728	558668	577891	581738	632766	679368	726443	840494	863331	
T	281	2	10	11	12	13	18	19	20	21	22	23	24	25	26	27	28	29	30	31	32	33	34	35	36	37	38	39	40	
T	281	183839	186028	191650	303163	304125	304812	306744	315278	356603	358432	395463	395467	396206	396551	398505	400553	404221	428186	548086	549512	549524	569499	573535	625290	672126	720287	836336	859328	
T	282	2	10	11	12	13	18	19	20	21	22	23	24	25	26	27	28	29	30	31	32	33	34	35	36	37	38	39	40	
T	282	187130	187834	194375	295502	296459	296684	297306	305609	337376	339704	385631	385635	385832	385921	388258	390507	394382	416100	528625	529874	538199	557074	561140	612719	661218	711405	835456	860736	
T	283	2	10	11	12	13	18	19	20	21	22	23	24	25	26	27	28	29	30	31	32	33	34	35	36	37	38	39	40	
T	283	195329	195659	201940	295789	296659	296781	297084	305365	333936	336370	385019	385024	385127	385170	387668	389999	393867	414494	516923	517908	537756	556520	560791	612887	662640	714368	842478	868599	
T	284	2	10	11	12	13	18	19	20	21	22	23	24	25	26	27	28	29	30	31	32	33	34	35	36	37	38	39	40	
T	284	197413	199326	203838	298774	299317	299981	301778	309551	349638	351445	386866	386868	387617	387933	389773	391720	395419	416470	532392	533448	538951	557841	562011	614568	663602	714754	840406	865364	
T	285	2	10	11	12	13	18	19	20	21	22	23	24	25	26	27	28	29	30	31	32	33	34	35	36	37	38	39	40	
T	285	203563	204207	209803	302044	302749	302964	303587	311422	342249	344375	388192	388197	388445	388553	390816	392998	396678	417651	532733	533658	539142	558052	562361	614111	663323	714461	840311	865988	
T	286	2	10	11	12	13	18	19	20	21	22	23	25	26	27	28	29	30	31	32	33	34	35	36	37	38	39	40	
T	286	213012	215586	218986	308605	308946	309815	312400	319657	365731	366977	393958	394978	395434	396984	398771	402494	423164	542300	543181	545887	564582	568949	620647	670369	722047	848816	874443	
T	287	2	10	11	12	13	18	19	20	21	22	23	24	25	26	27	28	29	30	31	32	33	34	35	36	37	38	39	40	
T	287	216241	219557	221845	308972	309204	310312	313645	320224	371434	372312	391896	391897	393324	393960	395044	396749	400508	421264	543538	544387	544391	563312	567713	619645	669421	721221	845508	869545	
T	288	2	10	11	12	13	18	19	20	21	22	23	25	26	27	28	29	30	31	32	33	34	35	36	37	38	39	40	
T	288	224423	227461	229976	315357	315561	316598	319603	326297	374174	375181	397094	398331	398875	400044	401706	405446	425755	546211	547002	547005	565572	569852	621047	670488	722589	848149	872699	
T	289	2	10	11	12	13	18	19	20	21	22	23	25	26	27	28	29	30	31	32	33	34	35	36	37	38	39	40	
T	289	233981	236839	239361	322477	322675	323687	326751	333201	381359	382399	404029	405281	405875	407026	408681	412356	432459	550686	551342	554267	572466	576722	626834	676146	727920	852679	877404	
T	290	2	10	11	12	13	18	19	20	21	22	23	25	26	27	28	29	30	31	32	33	34	35	36	37	38	39	40	
T	290	240909	245951	246215	331622	331639	333442	338582	344462	409174	409266	411709	413950	414953	415077	416358	419910	441218	562408	563022	563023	581510	585769	635649	684635	734678	851462	873197	
T	291	2	10	11	12	13	18	19	20	21	22	23	24	25	26	27	28	29	30	31	32	34	35	36	37	38	39	40	
T	291	250244	254035	255447	338939	339030	340318	344263	350432	405293	405861	418120	418121	419794	420572	421227	422639	425993	446463	565950	566459	584495	588461	637679	685624	734855	851375	873346	
T	292	2	10	11	12	13	18	19	20	21	22	23	25	26	27	28	29	30	31	32	34	35	36	37	38	39	40	
T	292	261962	265912	266608	344441	344485	346000	350452	356378	415712	416015	422984	424859	425764	426088	427261	430694	450851	571790	572328	590200	594243	643130	691086	740408	855250	876211	
T	293	2	10	11	12	13	18	19	20	21	22	23	24	25	26	27	28	29	30	31	32	33	34	35	36	37	38	39	40	
T	293	272739	275446	277386	354132	354238	355228	358341	364218	410681	411533	429514	429515	430749	431333	432250	433699	437051	457377	576006	576472	576473	594065	597918	646349	693179	740957	852256	872606	
T	294	2	10	11	12	13	18	19	20	21	22	23	25	26	27	28	29	30	31	32	33	34	35	36	37	38	39	40	
T	294	284214	288241	288464	361965	361972	363485	368048	373190	431723	431815	434117	436144	437056	437143	438282	441297	461517	579351	579721	579722	596786	600511	647709	693283	739784	846667	866044	
T	295	2	10	11	12	13	18	19	20	21	22	23	25	26	27	28	29	30	31	32	33	34	35	36	37	38	39	40	
T	295	302773	306237	306481	372371	372390	373751	377922	382649	435912	436011	438427	440346	441142	441267	442328	445328	465969	581448	581817	581818	599284	603009	650164	695891	742591	849825	869401	
T	296	2	10	11	12	13	18	19	20	21	22	23	25	26	27	28	29	30	31	32	33	34	35	36	37	38	39	40	
T	296	329137	331679	332180	389022	389047	390050	393473	397768	442655	442895	448381	450086	450750	451063	452106	454744	475091	586068	586364	588984	605923	609485	656035	701097	746932	855336	875122	
T	297	2	10	11	12	13	18	19	20	21	22	23	25	26	27	28	29	30	31	32	33	34	35	36	37	38	39	40	
T	297	356097	358255	358399	403244	403247	404210	407382	410916	452975	453042	454852	456503	457165	457267	458257	460706	480737	592322	592590	592591	609576	613275	659472	704214	749819	856165	875644	
T	298	2	10	11	12	13	18	19	20	21	22	23	25	26	27	28	29	30	31	32	34	35	36	37	38	39	40	
T	298	395258	395936	396591	426603	426638	427047	428365	431189	454059	454459	465107	465858	466153	466867	467867	469831	488800	597228	597467	613863	617391	662284	706087	751414	856609	875834	
T	299	2	10	11	12	13	18	19	20	21	22	23	25	26	27	28	29	30	31	32	33	34	35	36	37	38	39	40	
T	299	450264	450336	450595	461001	461010	461091	461410	463169	472998	473327	482860	483091	483192	483991	484816	485901	504482	604673	604857	607421	623289	626586	670838	712986	756910	858564	877064	
G	0	15	27	30	31	32	33	34	35	
G	0	47138	81150	98694	206503	269139	364629	379956	754061	
G	1	15	27	30	31	32	33	34	35	
G	1	41814	69509	84506	158026	221365	297789	326930	795717	
G	2	15	27	30	31	32	33	34	35	
G	2	42306	67792	90632	171719	263746	341242	382716	767844	
G	3	15	27	30	31	32	33	34	35	
G	3	43574	66485	88918	159808	232139	301682	338326	793626	
G	4	15	27	30	31	32	33	34	35	
G	4	48641	71177	102333	182930	278061	353308	397092	825878	
G	5	14	15	16	27	28	30	31	34	35	36	37	38	39	40	
G	5	7968	13379	37911	63931	65372	74243	82188	115519	136089	171719	194646	246790	502157	821134	
G	6	14	15	16	27	28	30	31	34	35	36	37	38	39	40	
G	6	8604	14087	37973	63250	64776	73898	82208	116842	138107	174227	196493	251780	508851	836101	
G	7	14	15	16	27	28	30	31	34	35	36	37	38	39	40	
G	7	10082	15967	43026	69657	71650	82832	91837	130518	153554	192840	217077	278473	526649	798734	
G	8	14	15	16	27	28	30	31	34	35	36	37	38	39	40	
G	8	10213	16387	43111	68838	70660	81252	90278	126933	147802	184755	206647	261772	503101	798278	
G	9	14	15	16	27	28	30	31	34	35	36	37	38	39	40	
G	9	11040	17524	45761	72018	73973	85492	95017	132829	153597	190748	212948	269741	508017	806373	
G	10	14	15	16	27	28	30	31	34	35	36	37	38	39	40	
G	10	10231	16481	43152	68870	70655	81462	90312	126978	148112	184522	206501	263144	497378	801981	
G	11	14	15	16	27	28	30	31	34	35	36	37	38	39	40	
G	11	9236	14988	39759	64545	66206	75623	83834	118343	138783	173263	194623	248423	483204	803035	
G	12	14	15	16	27	28	30	31	34	35	36	37	38	39	40	
G	12	9857	15974	42296	68254	70066	80678	89339	125298	146332	181703	203676	259386	490760	802448	
G	13	14	15	16	27	28	30	31	34	35	36	37	38	39	40	
G	13	9460	15209	40038	64619	66318	76244	84705	119088	139526	173786	194783	249422	479337	799131	
G	14	14	15	16	27	28	30	31	34	35	36	37	38	39	40	
G	14	8686	13965	37094	60624	62074	70595	78465	110909	130647	162953	182779	233974	462610	799949	
G	15	14	15	16	27	28	30	31	34	35	36	37	38	39	40	
G	15	8428	13554	34769	59851	61136	69037	76301	108007	128291	160008	180625	230898	462878	805882	
G	16	14	15	16	27	28	30	31	34	35	36	37	38	39	40	
G	16	8127	13332	34813	58098	59411	67293	74707	106138	125934	157529	178060	229685	462183	803541	
G	17	14	15	16	27	28	30	31	34	35	36	37	38	39	40	
G	17	9455	15198	40559	66039	67724	77381	85739	120096	140623	174875	195750	250320	480741	804327	
G	18	14	15	16	27	28	30	31	34	35	36	37	38	39	40	
G	18	10271	16543	43642	68463	70372	81300	90697	127229	148275	184172	205730	263730	494230	801875	
G	19	14	15	16	27	28	30	31	34	35	36	37	38	39	40	
G	19	12482	20201	53993	81663	84126	98097	108502	151092	174599	215934	240032	305269	537006	801543	
G	20	14	15	16	27	28	30	31	34	35	36	37	38	39	40	
G	20	12455	19948	53817	80880	83357	97744	108631	151417	174698	216180	240114	301594	534259	799768	
G	21	14	15	16	27	28	30	31	34	35	36	37	38	39	40	
G	21	12625	20507	54285	82123	84656	99395	110070	153269	177096	219033	243207	303427	538003	802945	
G	22	14	15	16	27	28	30	31	34	35	36	37	38	39	40	
G	22	13027	21146	56385	85735	88410	103433	114602	159550	184177	227701	252249	311074	546125	802220	
G	23	14	15	16	27	28	30	31	34	35	36	37	38	39	40	
G	23	11361	18189	48426	75594	77774	90261	100142	139868	162617	201628	224415	281597	518353	803343	
G	24	14	15	16	27	28	30	31	34	35	36	37	38	39	40	
G	24	11753	18753	50528	76931	79240	92728	102732	143192	165620	204810	227561	286715	521161	805474	
G	25	14	15	16	27	28	30	31	34	35	36	37	38	39	40	
G	25	12072	19436	51719	78021	80467	93883	104102	145543	168697	208764	232204	294012	528924	805428	
G	26	14	15	16	27	28	30	31	34	35	36	37	38	39	40	
G	26	11121	17819	47149	72887	74894	86759	96215	135005	157261	195249	217652	277346	512486	808474	
G	27	14	15	16	27	28	30	31	34	35	36	37	38	39	40	
G	27	10461	17158	43749	71387	73245	83806	92848	130789	153433	190456	212919	269691	508605	814068	
G	28	14	15	16	27	28	30	31	34	35	36	37	38	39	40	
G	28	10675	16958	43930	70042	71987	82790	91918	129448	151554	188581	210754	267521	506031	811385	
G	29	14	15	16	27	28	30	31	34	35	36	37	38	39	40	
G	29	10337	16288	42518	68122	69872	80049	88684	124834	147015	183344	205508	262878	501803	812001	
G	30	14	15	16	27	28	30	31	34	35	36	37	38	39	40	
G	30	10420	16698	43503	69622	71529	82235	91191	128233	150631	187566	210236	266996	509240	814449	
G	31	14	15	16	27	28	30	31	34	35	36	37	38	39	40	
G	31	11639	18429	47738	74141	76222	88166	97750	136834	159341	197932	220613	280538	519357	812705	
G	32	14	15	16	27	28	30	31	34	35	36	37	38	39	40	
G	32	10831	17350	45713	72634	74732	86400	95698	134577	156967	195004	217682	274455	513898	815277	
G	33	14	15	16	27	28	30	31	34	35	36	37	38	39	40	
G	33	10929	17473	45286	72971	74971	86240	95691	134500	157140	195357	218276	275033	515317	817423	
G	34	14	15	16	27	28	30	31	34	35	36	37	38	39	40	
G	34	11672	18431	47203	75635	77809	89910	99830	140207	163397	202640	225859	284591	522766	814901	
G	35	14	15	16	27	28	30	31	34	35	36	37	38	39	40	
G	35	14013	22323	57374	89867	92767	108793	120089	168046	193624	238907	264218	324291	558775	813249	
G	36	14	15	16	27	28	30	31	34	35	36	37	38	39	40	
G	36	12730	20154	51602	82049	84458	97978	108176	151710	176147	218034	242334	300113	538761	815944	
G	37	14	15	16	27	28	30	31	34	35	36	37	38	39	40	
G	37	13508	21468	54534	86123	88720	103518	114314	159574	184326	228214	253207	312246	547448	813529	
G	38	14	15	16	27	28	30	31	34	35	36	37	38	39	40	
G	38	13586	21391	54504	84737	87253	101703	112195	156221	180974	223950	248163	307419	543648	814775	
G	39	14	15	16	27	28	30	31	34	35	36	37	38	39	40	
G	39	12540	19922	50807	80419	82805	95613	105629	147257	171407	212094	235597	294433	533425	817890	
G	40	14	15	16	27	28	30	31	34	35	36	37	38	39	40	
G	40	13115	20499	52269	81056	83539	97500	107759	150441	174815	216179	240153	300744	537750	814490	
G	41	14	15	16	27	28	30	31	34	35	36	37	38	39	40	
G	41	11967	19032	49119	77564	79850	92780	102741	144158	167895	208706	232462	291550	531286	816915	
G	42	14	15	16	27	28	30	31	34	35	36	37	38	39	40	
G	42	10977	17467	45267	73978	76029	88153	97766	139543	164608	206136	231046	290901	537875	821357	
G	43	14	15	16	27	28	30	31	34	35	36	37	38	39	40	
G	43	12072	19213	49435	78375	80732	93873	104162	147559	173038	216072	241378	302418	548731	816889	
G	44	14	15	16	27	28	30	31	34	35	36	37	38	39	40	
G	44	12144	19334	50018	78969	81397	95504	106127	150868	177215	221882	247896	310068	560199	817597	
G	45	14	15	16	27	28	30	31	34	35	36	37	38	39	40	
G	45	12094	19249	50032	79126	81513	95006	105726	150436	176663	220829	246177	307751	559567	816769	
G	46	14	15	16	27	28	30	31	34	35	36	37	38	39	40	
G	46	12706	20316	52956	83456	86093	100743	112011	159098	186297	232833	259740	320512	572800	815857	
G	47	14	15	16	27	28	30	31	34	35	36	37	38	39	40	
G	47	11417	18303	47499	77305	79706	92760	103077	148217	175194	220114	246408	306747	564074	819000	
G	48	14	15	16	27	28	30	31	34	35	36	37	38	39	40	
G	48	11602	18538	47973	78836	81213	94124	104596	150045	177469	222836	249312	308054	565629	821205	
G	49	14	15	16	27	28	30	31	34	35	36	37	38	39	40	
G	49	11143	17835	45742	76421	78702	91233	101494	146602	173277	218045	244378	303175	563006	818583	
G	50	14	15	16	27	28	30	31	34	35	36	37	38	39	40	
G	50	11279	17952	46745	77057	79372	92172	102435	146775	172527	217078	242686	300418	557563	819540	
G	51	14	15	16	27	28	30	31	34	35	36	37	38	39	40	
G	51	11793	18673	48264	78714	81077	94550	105056	150674	176984	222288	248465	307584	562827	819401	
G	52	14	15	16	27	28	30	31	34	35	36	37	38	39	40	
G	52	13539	21452	54893	87322	90235	106213	117894	167879	196176	245062	272901	333550	585548	815587	
G	53	14	15	16	27	28	30	31	34	35	36	37	38	39	40	
G	53	13368	21481	55333	86623	89499	105379	116967	165581	193352	241390	268461	329204	581999	816531	
G	54	14	15	16	27	28	30	31	34	35	36	37	38	39	40	
G	54	13462	21527	55769	86999	89942	105963	117725	167628	195723	244188	271318	332858	583683	816853	
G	55	14	15	16	27	28	30	31	34	35	36	37	38	39	40	
G	55	12198	19395	49935	80561	83106	97331	108263	155075	181485	227204	253359	311700	565891	815642	
G	56	14	15	16	27	28	30	31	34	35	36	37	38	39	40	
G	56	11462	18279	47434	78158	80554	93696	104496	150249	177235	223151	249725	308318	566304	819920	
G	57	14	15	16	27	28	30	31	34	35	36	37	38	39	40	
G	57	11324	18203	47672	78204	80641	94142	104863	151262	178767	225100	251895	312105	570884	821118	
G	58	14	15	16	27	28	30	31	34	35	36	37	38	39	40	
G	58	12674	20193	52843	84425	87047	102260	114143	163343	192276	241049	268822	331383	588064	816654	
G	59	14	15	16	27	28	30	31	34	35	36	37	38	39	40	
G	59	12054	19211	50374	81954	84368	98536	109958	157776	186426	233877	261465	321988	581876	819378	
G	60	14	15	16	27	28	30	31	34	35	36	37	38	39	40	
G	60	13595	21602	56356	88542	91447	107552	119812	170999	200196	250059	278024	340236	596274	819313	
G	61	14	15	16	27	28	30	31	34	35	36	37	38	39	40	
G	61	12121	19342	50465	82003	84575	98671	110066	157750	186014	233187	260265	319897	579271	817669	
G	62	14	15	16	27	28	30	31	34	35	36	37	38	39	40	
G	62	11176	17904	46835	77590	79811	92595	103116	148972	176779	222375	248989	307717	570371	819756	
G	63	14	15	16	27	28	30	31	34	35	36	37	38	39	40	
G	63	11075	17804	47186	77817	80003	92988	103906	150359	179009	225425	252421	313278	575790	821617	
G	64	14	15	16	27	28	30	31	34	35	36	37	38	39	40	
G	64	12518	20042	53040	85792	88397	102945	114420	163156	191834	239679	267153	327460	585725	818474	
G	65	14	15	16	27	28	30	31	34	35	36	37	38	39	40	
G	65	11721	18749	49493	81888	84229	97665	108665	155450	183531	229747	256887	315026	576592	818723	
G	66	14	15	16	27	28	30	31	34	35	36	37	38	39	40	
G	66	11987	19122	48713	81091	83500	96885	107780	154728	182687	228844	255637	313955	575471	820090	
G	67	14	15	16	27	28	30	31	34	35	36	37	38	39	40	
G	67	11034	17617	46085	78203	80316	92614	103151	149620	177352	223151	249920	308023	571181	819549	
G	68	14	15	16	27	28	30	31	34	35	36	37	38	39	40	
G	68	11260	17891	46426	78711	80800	93252	103696	149882	177913	223244	250073	308441	572626	821984	
G	69	14	15	16	27	28	30	31	34	35	36	37	38	39	40	
G	69	12176	19306	49809	83038	85544	99276	110457	158378	186892	234246	261913	321390	581852	820847	
G	70	14	15	16	27	28	30	31	34	35	36	37	38	39	40	
G	70	12663	20035	51391	84152	86650	100714	112208	160347	188592	235849	262659	320767	578606	816478	
G	71	14	15	16	27	28	30	31	34	35	36	37	38	39	40	
G	71	12226	19285	49239	82011	84365	97820	109078	157396	186003	232775	259846	318000	579401	819919	
G	72	14	15	16	27	28	30	31	34	35	36	37	38	39	40	
G	72	12166	19358	49337	83132	85525	99102	110382	158405	187057	234144	260951	319098	579771	820895	
G	73	14	15	16	27	28	30	31	34	35	36	37	38	39	40	
G	73	12206	19268	49326	83078	85345	98370	109717	158225	187069	234495	261396	320366	581735	819337	
G	74	14	15	16	27	28	30	31	34	35	36	37	38	39	40	
G	74	10629	16929	43811	76817	78745	90373	100549	146833	175665	221942	249048	305801	574464	822158	
G	75	14	15	16	27	28	30	31	34	35	36	37	38	39	40	
G	75	12155	19313	49982	83571	85938	99353	110624	158845	187243	234041	260922	319135	581104	821263	
G	76	14	15	16	27	28	30	31	34	35	36	37	38	39	40	
G	76	12266	19438	49516	82839	85205	98498	109433	157144	185150	231462	258423	315916	575131	818361	
G	77	14	15	16	27	28	30	31	34	35	36	37	38	39	40	
G	77	11434	18193	46094	78892	81084	93196	103592	149315	177466	223096	250154	307528	573412	821415	
G	78	14	15	16	27	28	30	31	34	35	36	37	38	39	40	
G	78	12223	19396	49953	83055	85440	98905	109895	158039	186906	234273	261769	321751	584291	820013	
G	79	14	15	16	27	28	30	31	34	35	36	37	38	39	40	
G	79	12797	20464	52252	86781	89305	103933	115436	165211	194965	243536	271725	331165	591624	817080	
G	80	14	15	16	27	28	30	31	34	35	36	37	38	39	40	
G	80	11445	18358	46477	80669	82921	95368	105972	152997	182718	230324	258438	317188	585880	823009	
G	81	14	15	16	27	28	30	31	34	35	36	37	38	39	40	
G	81	12500	19777	50083	85143	87514	101521	112707	161973	192145	241109	269888	329585	594920	821513	
G	82	14	15	16	27	28	30	31	34	35	36	37	38	39	40	
G	82	15792	24780	62369	98835	102077	119588	132462	186404	217005	269172	298022	358828	611927	816238	
G	83	14	15	16	27	28	30	31	34	35	36	37	38	39	40	
G	83	14969	23580	59448	95325	98315	114775	127431	179264	209620	261078	289331	348530	605003	816436	
G	84	14	15	16	27	28	30	31	34	35	36	37	38	39	40	
G	84	15281	24029	61044	96266	99489	116554	129311	182536	213184	265804	294300	354980	610536	817761	
G	85	14	15	16	27	28	30	31	34	35	36	37	38	39	40	
G	85	13982	22094	56970	91869	94765	111010	123412	174990	204992	255730	284346	343532	601434	817209	
G	86	14	15	16	27	28	30	31	34	35	36	37	38	39	40	
G	86	12388	19888	51309	86879	89483	103594	115153	164303	194313	243235	271509	328568	591688	819370	
G	87	14	15	16	27	28	30	31	34	35	36	37	38	39	40	
G	87	12187	19515	50686	87068	89754	104018	115339	165549	196489	246408	275382	333838	597331	822108	
G	88	14	15	16	27	28	30	31	34	35	36	37	38	39	40	
G	88	16335	25791	65666	104301	107935	126852	140758	196959	229278	283212	312812	372948	622186	815176	
G	89	14	15	16	27	28	30	31	34	35	36	37	38	39	40	
G	89	14070	22198	56749	92965	95952	112187	124720	177620	208949	260642	289656	348305	605801	819057	
G	90	14	15	16	27	28	30	31	34	35	36	37	38	39	40	
G	90	14295	22562	58033	93246	96315	113028	126133	179271	210527	262234	290953	350959	607042	819460	
G	91	14	15	16	27	28	30	31	34	35	36	37	38	39	40	
G	91	13512	21554	55985	90684	93810	109955	122634	175187	206929	258443	287760	348656	606255	818014	
G	92	14	15	16	27	28	30	31	34	35	36	37	38	39	40	
G	92	12364	19745	51364	86864	89683	104288	116178	167189	198910	249295	278643	338016	601792	821286	
G	93	14	15	16	27	28	30	31	34	35	36	37	38	39	40	
G	93	12802	20453	53540	89690	92622	107813	120167	172724	205750	257357	287203	347597	611356	822292	
G	94	14	15	16	27	28	30	31	34	35	36	37	38	39	40	
G	94	12711	20440	53488	89070	92043	107367	119876	172126	205601	257163	286132	347562	610477	819186	
G	95	14	15	16	27	28	30	31	34	35	36	37	38	39	40	
G	95	14055	22250	58314	94128	97410	113935	127089	181760	215141	267826	296882	358969	617976	818286	
G	96	14	15	16	27	28	30	31	34	35	36	37	38	39	40	
G	96	13809	22185	57219	92911	96167	112694	125702	180172	213939	267343	297149	359568	620443	820531	
G	97	14	15	16	27	28	30	31	34	35	36	37	38	39	40	
G	97	17058	26832	68597	105758	109802	129786	144312	202867	237684	293457	323620	386623	635439	813111	
G	98	14	15	16	27	28	30	31	34	35	36	37	38	39	40	
G	98	16708	26587	68262	107262	111225	131243	146240	205555	241137	298321	329696	391398	641943	818480	
G	99	14	15	16	27	28	30	31	34	35	36	37	38	39	40	
G	99	18166	28606	72655	113544	117784	138673	154054	215027	250650	309003	339991	400241	648673	818066	
G	100	14	15	16	27	28	30	31	34	35	36	37	38	39	40	
G	100	17439	27652	70819	110153	114288	134273	149009	208413	244654	301654	332529	393622	642580	813691	
G	101	12	13	14	15	16	23	25	26	27	28	30	31	32	33	34	35	36	37	38	39	40	
G	101	290	1412	18590	33814	70392	70613	71018	71126	167827	172200	189359	208581	208659	208849	316814	395033	476058	535475	605541	783961	816933	
G	102	14	15	16	27	28	30	31	34	35	36	37	38	39	40	
G	102	17287	27352	68599	121252	125085	144452	163531	244142	292896	374710	419554	485247	766131	818638	
G	103	14	15	16	27	28	30	31	34	35	36	37	38	39	40	
G	103	15034	24131	61244	101659	105195	122459	137725	198973	239969	304908	340031	394445	704161	815348	
G	104	14	15	16	27	28	30	31	34	35	36	37	38	39	40	
G	104	15286	24048	61996	97563	101252	119089	133458	189644	226518	284279	314936	370123	651350	815925	
G	105	14	15	16	27	28	30	31	34	35	36	37	38	39	40	
G	105	14342	22857	60226	94102	97766	115485	129118	182614	217994	271892	300854	358825	625902	817726	
G	106	14	15	16	27	28	30	31	34	35	36	37	38	39	40	
G	106	16942	26585	68467	105583	109915	130763	145705	204991	242751	300389	330629	389932	639306	813872	
G	107	14	15	16	27	28	30	31	34	35	36	37	38	39	40	
G	107	13632	21954	57022	89880	93486	110179	122849	173716	208234	260449	288712	347536	605128	816819	
G	108	14	15	16	27	28	30	31	34	35	36	37	38	39	40	
G	108	14266	23066	59270	92320	96000	113644	126608	177619	211229	263296	291133	349890	604013	817141	
G	109	14	15	16	27	28	30	31	34	35	36	37	38	39	40	
G	109	14765	23825	61367	93823	97712	115746	128837	180017	213384	264784	292147	352363	603111	815245	
G	110	14	15	16	27	28	30	31	34	35	36	37	38	39	40	
G	110	13498	22091	56815	88584	92210	108809	120832	168934	201493	250726	277443	336045	589570	815498	
G	111	14	15	16	27	28	30	31	34	35	36	37	38	39	40	
G	111	14352	23427	59208	90849	94705	112107	124507	173824	207377	257355	284566	345300	595796	817398	
G	112	14	15	16	27	28	30	31	34	35	36	37	38	39	40	
G	112	13085	21561	55033	86257	89820	105442	117311	163975	196618	245688	272269	331193	585494	815600	
G	113	14	15	16	27	28	30	31	34	35	36	37	38	39	40	
G	113	12828	20790	53028	84399	87826	103035	114787	161105	193431	241882	268626	327146	581898	818391	
G	114	14	15	16	27	28	30	31	34	35	36	37	38	39	40	
G	114	13742	24207	55875	88210	91997	108066	120219	167891	200809	250363	277700	337096	591680	819480	
G	115	14	15	16	27	28	30	31	34	35	36	37	38	39	40	
G	115	17632	28262	70664	108269	113036	133520	148423	205062	242819	298928	328481	387729	630009	813280	
G	116	14	15	16	27	28	30	31	34	35	36	37	38	39	40	
G	116	18881	30105	74840	115076	120425	142479	157947	217644	258398	316965	347885	406409	644702	811978	
G	117	14	15	16	27	28	30	31	34	35	36	37	38	39	40	
G	117	15180	25963	61107	97012	101294	118785	131898	183846	221047	275755	304863	363880	617012	816941	
G	118	14	15	16	27	28	30	31	34	35	36	37	38	39	40	
G	118	15942	25869	64005	98963	103286	122248	135786	187248	223470	277414	306163	364969	615913	814058	
G	119	14	15	16	27	28	30	31	34	35	36	37	38	39	40	
G	119	16310	27494	65198	100638	105206	124225	137802	189123	225543	279332	308263	367621	617342	814335	
G	120	14	15	16	27	28	30	31	34	35	36	37	38	39	40	
G	120	16152	27859	64555	100604	105063	124014	137458	188563	225107	278170	306762	364048	614187	817038	
G	121	14	15	16	27	28	30	31	34	35	36	37	38	39	40	
G	121	16798	27088	66877	102995	107619	127067	140832	192542	229159	283243	311925	369214	615583	814274	
G	122	14	15	16	27	28	30	31	34	35	36	37	38	39	40	
G	122	15932	27559	63552	99747	104258	122536	135935	185800	222324	275592	304494	362765	613329	817575	
G	123	14	15	16	27	28	30	31	34	35	36	37	38	39	40	
G	123	14890	27374	58826	94087	98340	115421	128023	176386	212422	264626	293087	351577	606892	819147	
G	124	14	15	16	25	26	27	28	30	31	34	35	36	37	38	39	40	
G	124	16343	30555	61740	62106	62112	97351	101832	119845	132892	182774	219355	271837	300205	358486	610436	817120	
G	125	14	15	16	25	26	27	28	30	31	34	35	36	37	38	39	40	
G	125	18373	33192	68968	69345	69359	106058	111089	131272	145452	198182	236553	291159	320115	378341	625005	814783	
G	126	14	15	16	25	26	27	28	30	31	34	35	36	37	38	39	40	
G	126	17302	30018	66707	67105	67118	102858	107656	127294	140899	191883	229771	284060	312678	370510	620107	817459	
G	127	14	15	16	25	26	27	28	30	31	34	35	36	37	38	39	40	
G	127	16241	30777	62921	63319	63335	98908	103571	122313	135738	185832	223421	277533	306192	363099	614455	816813	
G	128	14	15	16	25	26	27	28	30	31	34	35	36	37	38	39	40	
G	128	17501	30687	67393	67802	67811	105268	110287	130090	144201	195970	234355	289265	318523	375624	622583	817334	
G	129	14	15	16	25	26	27	28	30	31	34	35	36	37	38	39	40	
G	129	17524	37635	66781	67199	67212	104277	109507	129111	143049	194509	233713	288883	317814	375699	622674	818317	
G	130	14	15	16	25	26	27	28	30	31	34	35	36	37	38	39	40	
G	130	15888	35075	61774	62168	62183	97874	102486	120300	133523	182220	220789	273981	302698	360510	614526	818564	
G	131	12	13	14	15	16	23	25	26	27	28	30	31	32	33	34	35	36	37	38	39	40	
G	131	511	1487	15780	36584	61255	61503	61713	61783	96535	101278	119341	132315	132491	132648	181264	219678	273112	301534	359671	614015	818310	
G	132	12	13	14	15	16	23	25	26	27	28	30	31	32	33	34	35	36	37	38	39	40	
G	132	483	1450	15191	35182	58084	58353	58603	58667	94070	98561	115679	128513	128703	128927	176292	214785	267950	297204	354819	614855	822743	
G	133	14	15	16	25	26	27	28	30	31	34	35	36	37	38	39	40	
G	133	15282	36027	58693	59154	59175	94795	99590	116971	129899	178125	217058	270603	299763	357542	614160	816578	
G	134	12	13	14	15	16	23	25	26	27	28	30	31	32	33	34	35	36	37	38	39	40	
G	134	575	1580	15751	37397	60320	60634	60889	60945	97377	102163	119859	133088	133312	133542	181915	221523	275750	304832	363139	620152	819925	
G	135	14	15	16	25	26	27	28	30	31	34	35	36	37	38	39	40	
G	135	18254	43542	68786	69328	69355	106915	112346	132010	146523	198047	239563	295141	324803	383948	632272	816909	
G	136	14	15	16	25	26	27	28	30	31	34	35	36	37	38	39	40	
G	136	18841	44383	69919	70470	70487	108026	113437	133856	148665	200991	243053	299378	329270	388418	635375	815339	
G	137	12	13	14	15	16	23	25	26	27	28	30	31	32	33	34	35	36	37	38	39	40	
G	137	659	1749	18330	44379	67829	68191	68479	68562	105595	110771	131028	145136	145346	145590	196495	238340	295006	324991	384432	634157	816850	
G	138	12	13	14	15	16	23	25	26	27	28	30	31	32	33	34	35	36	37	38	39	40	
G	138	761	1950	18634	46103	68894	69272	69568	69643	107554	112806	133640	148277	148497	148748	200341	242751	300057	330015	388790	637660	816534	
G	139	12	13	14	15	16	23	25	26	27	28	30	31	32	33	34	35	36	37	38	39	40	
G	139	729	1993	18979	46749	68719	69122	69465	69557	109153	114524	135350	150002	150265	150512	202505	245043	302684	333091	390944	640049	815841	
G	140	12	13	14	15	16	23	25	26	27	28	30	31	32	33	34	35	36	37	38	39	40	
G	140	708	1956	18190	45732	66295	66674	67047	67140	106145	111263	130831	145268	145533	145806	195803	238674	295502	325659	382713	634958	815143	
G	141	12	13	14	15	16	23	25	26	27	28	30	31	32	33	34	35	36	37	38	39	40	
G	141	735	1937	20765	45881	65752	66181	67802	67970	105170	110532	130015	144123	144386	144688	194628	238700	295464	325704	383672	637913	818956	
G	142	12	13	14	15	16	23	25	26	27	28	30	31	32	33	34	35	36	37	38	39	40	
G	142	862	2243	21025	54110	76146	76615	77013	77114	117994	123918	146440	161998	162267	162535	216479	260800	319769	350446	408150	650475	812641	
G	143	12	13	14	15	16	23	25	26	27	28	30	31	32	33	34	35	36	37	38	39	40	
G	143	915	2527	25388	55414	76939	77413	79548	79760	119307	125374	147895	163645	163916	164206	218386	264480	324715	355905	414049	657971	814779	
G	144	12	13	14	15	16	23	25	26	27	28	30	31	32	33	34	35	36	37	38	39	40	
G	144	749	2141	24769	53955	73868	74314	76763	76963	115714	121540	143473	159278	159565	159913	213460	259543	319497	350754	408140	655814	815760	
G	145	12	13	14	15	16	23	25	26	27	28	30	31	32	33	34	35	36	37	38	39	40	
G	145	799	2044	23959	54692	74063	74536	76331	76493	115529	121364	143550	159239	159551	159853	213049	258329	318240	349559	406520	651964	812634	
G	146	12	13	14	15	16	23	25	26	27	28	30	31	32	33	34	35	36	37	38	39	40	
G	146	879	2296	26038	56965	75725	76225	78521	78761	117653	123682	146649	162481	162794	163062	216407	262259	322477	353364	410821	655449	816083	
G	147	12	13	14	15	16	23	25	26	27	28	30	31	32	33	34	35	36	37	38	39	40	
G	147	835	2324	33097	53383	70073	70575	77113	77634	110850	116621	137541	152843	153147	153497	205276	251442	310778	342042	400126	651584	818134	
G	148	12	13	14	15	16	23	25	26	27	28	30	31	32	33	34	35	36	37	38	39	40	
G	148	866	2484	39692	56147	72781	73250	81780	82425	113933	120098	141893	157640	157935	158277	211187	257397	316755	347670	405358	652752	814417	
G	149	12	13	14	15	16	23	25	26	27	28	30	31	32	33	34	35	36	37	38	39	40	
G	149	2100	5734	45247	59715	76620	77751	87639	88502	120092	126156	149846	166127	166946	167782	221772	267289	328020	359083	416115	658622	813732	
G	150	12	13	14	15	16	22	23	24	25	26	27	28	30	31	32	33	34	35	36	37	38	39	40	
G	150	1442	3900	41429	56520	71641	72414	72728	72955	82146	82951	114792	120862	143123	159111	159682	160331	213160	260419	320946	352159	409361	658779	817794	
G	151	2	12	13	14	15	16	22	23	24	25	26	27	28	30	31	32	33	34	35	36	37	38	39	40	
G	151	1360	4452	9215	45232	57632	71877	72629	73828	74057	83593	84625	114161	119705	142871	158745	159903	161222	213656	257920	318491	349328	406779	655319	815234	
G	152	2	12	13	14	15	16	22	23	24	25	26	27	28	30	31	32	33	34	35	36	37	38	39	40	
G	152	2552	4544	7878	45064	56925	70113	70839	71418	71645	81530	82490	111055	116767	138894	154496	155274	156198	207627	253273	313234	344217	401486	652277	815840	
G	153	2	11	12	13	14	15	16	20	21	22	23	24	25	26	27	28	30	31	32	33	34	35	36	37	38	39	40	
G	153	3853	4695	8133	13094	46241	60136	71637	71925	72172	72365	74201	74220	83010	83946	112885	118238	141069	156696	158236	159915	211507	254893	315366	345776	403143	654383	818050	
G	154	2	12	13	14	15	16	22	23	24	25	26	27	28	30	31	32	33	34	35	36	37	38	39	40	
G	154	5124	7729	11913	49520	67341	79990	80713	81663	81873	90363	91279	122774	128952	153462	170184	171204	172331	226429	272613	333886	364914	421653	663528	815632	
G	155	2	12	13	14	15	16	22	23	24	25	26	27	28	30	31	32	33	34	35	36	37	38	39	40	
G	155	6465	10946	18157	52290	64014	75261	76080	78143	78389	88258	89557	118075	123466	148051	164117	165948	168144	220640	263610	325316	356397	413116	660649	816943	
G	156	2	11	12	13	14	15	16	20	21	22	23	24	25	26	27	28	30	31	32	33	34	35	36	37	38	39	40	
G	156	7811	8894	16025	26467	58033	71436	81842	82171	82456	82720	86682	86697	95685	97036	125724	131052	158780	175467	178282	181602	235573	275633	338484	368885	426076	668044	817924	
G	157	2	12	13	14	15	16	22	23	24	25	26	27	28	30	31	32	33	34	35	36	37	38	39	40	
G	157	8770	12896	19408	60089	72325	82885	83729	85441	85717	96241	97476	126010	131903	157687	174573	176242	178041	232455	277185	340070	371079	427999	668459	815708	
G	158	2	11	12	13	14	15	16	20	21	22	23	24	25	26	27	28	30	31	32	33	34	35	36	37	38	39	40	
G	158	10127	11038	21104	36015	57205	69045	77649	78004	78305	78567	84610	84629	92249	94122	121216	125184	153465	169289	173711	179043	230829	265237	328272	358376	415398	665019	816597	
G	159	2	12	13	14	15	16	22	23	24	25	26	27	28	30	31	32	33	34	35	36	37	38	39	40	
G	159	11460	18407	29225	60115	71342	79915	80803	84415	84660	93905	95563	122875	127980	154727	171107	174103	177784	230158	269967	332822	363542	420401	667089	818454	
G	160	2	12	13	14	15	16	22	23	24	25	26	27	28	30	31	32	33	34	35	36	37	38	39	40	
G	160	13187	21156	33633	60973	71905	79791	80675	85246	85522	94532	96436	123123	127707	154713	170781	174314	178963	230516	268757	331580	362482	418977	667627	818100	
G	161	2	12	13	14	15	16	22	23	24	25	26	27	28	30	31	32	33	34	35	36	37	38	39	40	
G	161	14056	17537	23057	58946	72594	79712	80636	82249	82544	92933	94395	122835	128875	152345	168373	169981	171928	222882	269271	331338	363369	419190	667355	819284	
G	162	2	11	12	13	14	15	16	20	21	22	23	24	25	26	27	28	30	31	32	33	34	35	36	37	38	39	40	
G	162	15303	16333	24695	36733	64373	74918	80877	81232	81566	81877	87271	87298	97582	99550	126083	130837	158209	174617	178585	183704	235428	274162	339242	370676	427357	675564	821795	
G	163	2	11	12	13	14	15	16	20	21	22	23	24	25	26	27	28	30	31	32	33	34	35	36	37	38	39	40	
G	163	16428	17619	27478	41218	71911	82901	89007	89407	89736	90048	95587	95616	105467	107417	134501	139649	169500	186843	191071	196108	250198	288457	353142	384577	440524	678855	816157	
G	164	2	12	13	14	15	16	22	23	24	25	26	27	28	30	31	32	33	34	35	36	37	38	39	40	
G	164	17408	29893	47664	77874	88883	95158	96216	102772	103114	112443	114804	141770	146812	179359	197555	202667	208566	263954	300171	366891	398004	454340	687634	817663	
G	165	2	11	12	13	14	15	16	20	21	22	23	24	25	26	27	28	30	31	32	33	34	35	36	37	38	39	40	
G	165	18440	19725	31107	47020	81852	93069	98340	98785	99143	99490	105960	105991	116627	118759	146430	151880	184391	203040	207714	212921	268802	308236	375123	406238	462140	693104	817389	
G	166	2	11	12	13	14	15	16	20	21	22	23	24	25	26	27	28	30	31	32	33	34	35	36	37	38	39	40	
G	166	19741	21023	35713	57109	77803	87876	92407	92802	93147	93544	102470	102504	110964	113671	139672	143528	177245	195166	201912	209917	264426	296238	362841	393319	449419	686581	816491	
G	167	2	11	12	13	14	15	16	20	21	22	23	24	25	26	27	28	30	31	32	33	34	35	36	37	38	39	40	
G	167	20534	21834	35114	53206	85431	95724	100034	100463	100838	101156	108905	108933	119213	121663	147834	152985	187141	205709	211367	217887	272954	309380	376632	407830	463223	693328	815451	
G	168	2	11	12	13	14	15	16	20	21	22	23	24	25	26	27	28	30	31	32	33	34	35	36	37	38	39	40	
G	168	21708	23058	35416	52733	85350	95099	98869	99314	99671	100000	107373	107404	118453	120761	146038	151298	183944	202412	207849	214154	268618	306527	373699	404536	460024	693128	817180	
G	169	2	12	13	14	15	16	22	23	24	25	26	27	28	30	31	32	33	34	35	36	37	38	39	40	
G	169	22869	37978	62029	85360	94045	97708	98920	107519	107887	117497	120397	145209	149442	183822	201923	208706	216933	270241	302979	369935	400368	455729	689874	816167	
G	170	2	11	12	13	14	15	16	20	21	22	23	24	25	26	27	28	30	31	32	33	34	35	36	37	38	39	40	
G	170	24318	25730	40897	63360	87840	96206	99216	99644	100054	100411	109701	109739	119355	122156	146195	150518	185165	203673	210571	218735	273101	305967	373368	404369	460347	693880	817885	
G	171	2	12	13	14	15	16	22	23	24	25	26	27	28	30	31	32	33	34	35	36	37	38	39	40	
G	171	24502	38650	60254	94762	103061	106187	107516	114913	115308	126719	129526	154623	160150	194836	214098	219937	226614	281704	319962	387434	418876	474277	700191	815690	
G	172	2	12	13	14	15	16	22	23	24	25	26	27	28	30	31	32	33	34	35	36	37	38	39	40	
G	172	26742	42570	66992	90612	97595	100135	101524	111188	111610	122330	125908	149735	153991	188861	207287	214906	223963	277149	310165	378115	409297	464325	696929	816818	
G	173	2	11	12	13	14	15	16	20	21	22	23	24	25	26	27	28	30	31	32	33	34	35	36	37	38	39	40	
G	173	27389	28791	46615	73113	96197	103275	105335	105858	106310	106758	118232	118272	128985	132359	156164	160224	196957	215932	224085	233836	287677	318731	386762	417882	472851	701364	817488	
G	174	2	11	12	13	14	15	16	20	21	22	23	24	25	26	27	28	29	30	31	32	33	34	35	36	37	38	39	40	
G	174	28956	30470	48505	75172	98625	104764	106596	107115	107592	108016	119513	119589	130594	134318	157762	162151	162711	198459	217803	225810	235845	289749	321205	389419	420569	475223	703919	819787	
G	175	2	11	12	13	14	15	16	20	21	22	23	24	25	26	27	28	30	31	32	33	34	35	36	37	38	39	40	
G	175	30668	32058	48531	76214	93777	99657	101207	101750	102224	102680	114128	114166	125791	129811	152203	155904	191496	209576	218320	229509	280650	311386	379625	411157	466580	701899	821053	
G	176	2	11	12	13	14	15	16	20	21	22	23	24	25	26	27	28	29	30	31	32	33	34	35	36	37	38	39	40	
G	176	31551	32858	49130	78755	94458	99177	100520	100991	101503	102981	114079	114559	125447	129324	151603	155625	156280	190140	208604	216934	228291	279725	310865	378223	409744	465544	701816	820140	
G	177	2	11	12	13	14	15	16	20	21	22	23	24	25	26	27	28	29	30	31	32	33	34	35	36	37	38	39	40	
G	177	33158	34441	50786	79689	94974	99352	100512	100976	101427	103550	113531	114198	124602	128496	149401	153284	153897	187757	205984	214418	226063	276968	307877	376179	407959	463979	702169	821845	
G	178	2	11	12	13	14	15	16	20	21	22	23	24	25	26	27	28	30	31	32	33	34	35	36	37	38	39	40	
G	178	34040	35299	50909	78662	93596	97621	98593	99037	99538	104950	112913	114815	123372	127617	147478	150970	185350	202676	211741	223694	272810	303286	372197	403789	459938	700949	821826	
G	179	2	11	12	13	14	15	16	20	21	22	23	24	25	26	27	28	29	30	31	32	33	34	35	36	37	38	39	40	
G	179	35620	37068	53862	83632	99277	102921	103779	104240	104801	107837	118230	119441	130347	134695	154136	158044	158614	192667	211209	220065	232345	282330	312984	380867	412829	468371	704314	822849	
G	180	2	11	12	13	14	15	16	20	21	22	23	24	25	26	27	28	29	30	31	32	33	34	35	36	37	38	39	40	
G	180	35658	37153	56056	90434	107475	111256	112059	112576	113116	116097	127525	128563	139480	143798	164885	169219	169789	205726	225142	234508	246598	298236	329107	396777	428268	483407	709872	821036	
G	181	2	11	12	13	14	15	16	20	21	22	23	24	25	26	27	28	29	30	31	32	33	34	35	36	37	38	39	40	
G	181	37226	38556	56255	89900	104707	107874	108592	109124	109652	120852	126276	130486	136510	141162	160373	164557	165185	200655	219596	229035	241748	292794	323844	392065	424205	480342	710715	820854	
G	182	2	11	12	13	14	15	16	20	21	22	23	24	25	26	27	28	29	30	31	32	33	34	35	36	37	38	39	40	
G	182	39472	41169	59998	96454	112237	115259	115888	116362	116954	120295	131505	132572	143922	148653	168276	172684	173269	210253	230062	239944	253344	305098	335851	405573	437763	492430	718401	823676	
G	183	2	11	12	13	14	15	16	20	21	22	23	24	25	26	27	28	29	30	31	32	33	34	35	36	37	38	39	40	
G	183	39721	41599	61626	99429	115273	118037	118508	119057	119673	124337	135584	137238	148458	153543	173555	178097	178730	216625	236973	247310	260952	312764	343928	413669	445996	501026	722615	822424	
G	184	2	11	12	13	14	15	16	20	21	22	23	24	25	26	27	28	29	30	31	32	33	34	35	36	37	38	39	40	
G	184	40172	41909	62409	101958	117333	119902	120341	120936	121576	125428	137514	138821	150474	155343	175018	179705	180357	218756	239504	250119	263743	315631	346290	415758	447904	502541	721601	818538	
G	185	2	11	12	13	14	15	16	20	21	22	23	24	25	26	27	28	29	30	31	32	33	34	35	36	37	38	39	40	
G	185	42210	43953	63383	100981	115388	117516	117873	118474	119152	121838	134754	135688	148521	153981	172515	176826	177433	215017	235242	245968	260813	311888	342342	412375	445116	500192	723943	823853	
G	186	2	11	12	13	14	15	16	20	21	22	23	24	25	26	27	28	29	30	31	32	33	34	35	36	37	38	39	40	
G	186	44403	46093	64391	100203	112673	114520	114784	115370	116010	127075	134303	138507	146516	152113	168756	172777	173448	210140	229719	240878	256613	305876	335776	405651	438768	494252	723178	826980	
G	187	2	11	12	13	14	15	16	20	21	22	23	24	25	26	27	28	29	30	31	32	33	34	35	36	37	38	39	40	
G	187	44967	46562	65624	103684	116926	118598	118849	119406	120079	124967	136820	138480	150727	156325	173636	177821	178521	215942	235986	247412	262972	311996	342204	411886	444514	499094	723184	823066	
G	188	2	11	12	13	14	15	16	20	21	22	23	24	25	26	27	28	29	30	31	32	33	34	35	36	37	38	39	40	
G	188	47737	49287	67976	105825	117526	119014	119223	119824	120496	123194	136878	137825	151695	157497	173687	177685	178404	216086	235840	247599	264346	312707	342590	412849	445867	501440	729194	829545	
G	189	2	11	12	13	14	15	16	20	21	22	23	24	25	26	27	28	29	30	31	32	33	34	35	36	37	38	39	40	
G	189	47192	48878	68484	108026	119285	120655	120827	121454	122151	128359	140227	142456	154434	160404	176892	181008	181645	219771	239921	251879	268436	317033	346928	417338	450093	505143	728878	826049	
G	190	2	11	12	13	14	15	16	20	21	22	23	24	25	26	27	28	29	30	31	32	33	34	35	36	37	38	39	40	
G	190	46948	48568	68665	108159	119277	120409	120567	121156	121855	128526	140176	142515	154172	159884	176012	180289	180973	219098	239741	252235	268979	317761	347653	417503	450270	505110	725421	820818	
G	191	2	11	12	13	14	15	16	20	21	22	23	24	25	26	27	28	29	30	31	32	33	34	35	36	37	38	39	40	
G	191	47196	48859	70328	112434	124601	125664	125791	126426	127197	130437	145204	146381	160149	165728	181583	186039	186764	226323	247448	259912	276443	325169	354254	424587	456937	511140	727154	821043	
G	192	2	11	12	13	14	15	16	20	21	22	23	24	25	26	27	28	29	30	31	32	33	34	35	36	37	38	39	40	
G	192	48712	50426	72053	116387	126701	127650	127749	128400	129165	142270	150677	155482	163711	169619	184181	188592	189317	229625	250497	263529	280762	329109	357962	428851	461659	515621	732210	823616	
G	193	2	11	12	13	14	15	16	20	21	22	23	24	25	26	27	28	29	30	31	32	33	34	35	36	37	38	39	40	
G	193	50693	53503	74371	115828	125142	125972	126052	127182	128572	148105	151820	159368	162691	168544	182270	186434	187197	226716	247233	260626	278783	325836	354053	424680	457942	511700	730759	823268	
G	194	2	11	12	13	14	15	16	20	21	22	23	24	25	26	27	28	29	30	31	32	33	34	35	36	37	38	39	40	
G	194	51294	54610	76552	121735	131267	131977	132033	133147	134594	145320	155871	159807	169618	175905	190456	194911	195673	236618	257492	270977	289511	336833	364650	434983	467314	520049	731815	820667	
G	195	2	11	12	13	14	15	16	20	21	22	23	24	25	26	27	28	29	30	31	32	33	34	35	36	37	38	39	40	
G	195	51862	55914	78923	125029	134290	134922	134973	136523	138524	151432	161514	166162	174868	180906	194888	199535	200314	241974	263412	277545	296407	344023	372218	442723	475417	527952	736965	823173	
G	196	2	11	12	13	14	15	16	20	21	22	23	24	25	26	27	28	29	30	31	32	33	34	35	36	37	38	39	40	
G	196	50309	52290	78071	134682	144710	145313	145367	146072	146905	163201	170895	176993	184314	190847	205934	211198	211852	255849	278709	293219	311352	359879	387544	457049	488945	539686	737453	815085	
G	197	2	11	12	13	14	15	16	20	21	22	23	24	25	26	27	28	29	30	31	32	33	34	35	36	37	38	39	40	
G	197	52280	55426	80927	134662	143667	144156	144192	145303	146640	163575	171177	177483	184266	190487	204681	209481	210226	254139	276615	291448	310133	357918	385474	456357	488166	539155	738345	817995	
G	198	2	11	12	13	14	15	16	20	21	22	23	24	25	26	27	28	29	30	31	32	33	34	35	36	37	38	39	40	
G	198	53627	58200	83674	134916	142978	143372	143407	145032	147118	169682	173486	181956	184528	190660	204147	209056	209819	253055	275202	290224	310149	356841	384492	454902	487399	539312	740277	819749	
G	199	2	11	12	13	14	15	16	20	21	22	23	24	25	26	27	28	29	30	31	32	33	34	35	36	37	38	39	40	
G	199	55531	70932	97212	135427	142876	143240	143246	148941	156045	170752	180361	184939	187758	190434	203436	208212	208943	251955	273839	289100	309481	355271	382553	453639	486211	538438	741392	819756	
G	200	2	11	12	13	14	15	16	20	21	22	23	24	25	26	27	28	29	30	31	32	33	34	35	36	37	38	39	40	
G	200	55409	67628	94192	137415	144214	144530	144539	149247	155086	173443	181630	187952	190587	194660	208081	212971	214411	256280	279620	294930	316221	362430	389573	460021	492745	545033	744445	818850	
G	201	2	11	12	13	14	15	16	20	21	22	23	24	25	26	27	28	29	30	31	32	33	34	35	36	37	38	39	40	
G	201	55941	63308	92535	148990	156263	156562	156572	159294	162782	186262	191937	200571	203554	209851	223017	227968	228699	274207	297251	313461	334456	380401	407060	478152	510361	560508	750432	820259	
G	202	2	11	12	13	14	15	16	20	21	22	23	24	25	26	27	28	29	30	31	32	33	34	35	36	37	38	39	40	
G	202	55089	65643	96606	152135	158859	159119	159124	162972	167735	189204	196532	204235	207279	212648	226149	231447	232218	278926	302861	319975	341279	387642	413996	484238	515903	564666	748335	811950	
G	203	2	11	12	13	14	15	16	20	21	22	23	24	25	26	27	28	29	30	31	32	33	34	35	36	37	38	39	40	
G	203	55001	61302	93566	158224	164730	164957	164965	167246	170131	191119	199457	207032	212690	219055	232224	237712	238437	286434	311078	328352	349550	395588	421336	491681	523146	571688	750941	812227	
G	204	2	11	12	13	14	15	16	20	21	22	23	24	25	26	27	28	29	30	31	32	33	34	35	36	37	38	39	40	
G	204	56681	64302	95174	154459	160210	160393	160399	163383	167031	188152	196466	203839	208916	215142	227685	232894	233697	281566	305678	323337	345558	390848	416392	487983	520155	569191	752060	814759	
G	205	2	11	12	13	14	15	16	20	21	22	23	24	25	26	27	28	29	30	31	32	33	34	35	36	37	38	39	40	
G	205	57934	68780	99473	152113	157066	157202	157207	161495	166775	189921	196944	204999	206901	212047	223811	228803	229606	277196	301141	318953	342116	386145	410977	482740	515013	564414	749229	813413	
G	206	2	11	12	13	14	15	20	21	22	23	24	25	26	27	28	29	30	31	32	33	34	35	36	37	38	39	40	
G	206	59921	74521	105625	151901	156037	156156	162177	169515	188609	198018	204182	206283	209909	221302	226316	227136	273571	296913	314757	337458	380724	405481	476907	509252	558859	747909	814904	
G	207	2	11	12	13	14	15	16	20	21	22	23	24	25	26	27	28	29	30	31	32	33	34	35	36	37	38	39	40	
G	207	61874	76678	108132	154636	158523	158623	158625	164503	171869	191006	200449	206841	208775	212343	224039	229368	230792	276298	300237	317735	340457	384031	409285	479722	512164	561713	751236	819481	
G	208	2	11	12	13	14	15	16	20	21	22	23	24	25	26	27	28	29	30	31	32	33	34	35	36	37	38	39	40	
G	208	62001	83360	117868	158675	162361	162437	162439	170783	181348	195173	208466	212483	214667	216715	229491	235459	238227	280607	306048	322667	344702	388630	414749	482925	514846	563671	748612	816115	
G	209	2	11	12	13	14	15	20	21	22	23	24	25	26	27	28	29	30	31	32	33	34	35	36	37	38	39	40	
G	209	63869	84867	118585	156061	159213	159262	167752	178667	191119	205213	208769	211025	212673	225139	231099	233861	275723	300821	317471	340269	383270	409135	477477	509682	558710	746658	816295	
G	210	2	11	12	13	14	15	20	21	22	23	24	25	26	27	28	29	30	31	32	33	34	35	36	37	38	39	40	
G	210	64931	88874	122678	153309	156031	156062	166025	178588	187344	203992	205812	208283	208648	221472	227649	231678	270723	296233	311794	335248	378234	405359	473005	505116	555269	747926	819064	
G	211	2	11	12	13	14	15	20	21	22	23	24	25	26	27	28	29	30	31	32	33	34	35	36	37	38	39	40	
G	211	65539	87667	121429	155497	157948	157978	166906	178217	189298	204517	207447	209479	210747	224232	230745	235387	272414	298907	314282	338055	381432	408472	474680	506722	556669	747480	816200	
G	212	2	11	12	13	14	15	20	21	22	23	24	25	26	27	28	29	30	31	32	33	34	35	36	37	38	39	40	
G	212	68065	87909	120858	155575	157683	157708	166303	177196	189738	204456	208080	210113	211857	224339	230417	234572	273126	298911	315113	340051	382113	408548	475546	508217	558683	750866	820626	
G	213	2	11	12	13	14	15	20	21	22	23	24	25	26	27	28	29	30	31	32	33	34	35	36	37	38	39	40	
G	213	70164	92464	126437	156897	158804	158813	168748	180890	190727	207659	210156	212153	212995	225507	231948	236895	274052	301711	318075	342245	384385	411378	478359	511454	562314	755660	824835	
G	214	2	11	12	13	14	15	20	21	22	23	24	25	26	27	28	29	30	31	32	33	34	35	36	37	38	39	40	
G	214	70249	89488	123551	161117	162792	162813	171004	181355	195218	209165	213392	215249	217501	228648	234293	236965	279329	304465	322325	347469	388556	413750	482050	514393	564262	753353	820378	
G	215	2	11	12	13	14	15	20	21	22	23	24	25	26	27	28	29	30	31	32	33	34	35	36	37	38	39	40	
G	215	70149	92561	130289	168108	169818	169824	178995	190671	203071	219082	222522	224614	226390	237707	243289	245340	289719	314680	333454	359030	399536	423697	492912	525193	574076	755695	817751	
G	216	2	11	12	13	14	15	20	21	22	23	24	25	26	27	28	29	30	31	32	33	34	35	36	37	38	39	40	
G	216	71842	88866	122947	163932	165341	165351	172695	181798	198385	210736	216161	217777	220967	231323	236561	237964	283808	308070	327720	354018	393677	417487	487858	520659	570153	755489	819597	
G	217	2	11	12	13	14	15	20	21	22	23	24	25	26	27	28	29	30	31	32	33	34	35	36	37	38	39	40	
G	217	73523	96788	132661	160334	161561	161565	172285	185535	193953	212898	214795	216221	216644	230773	238353	247045	277793	308651	322207	347977	390091	418796	481747	515053	565990	755859	820424	
G	218	2	11	12	13	14	15	20	21	22	23	24	25	26	27	28	29	30	31	32	33	34	35	36	37	38	39	40	
G	218	74601	94195	129119	162779	163819	163825	172554	183949	196013	211512	215012	216560	218309	229600	235543	239197	279791	305766	322920	349218	389147	414634	482295	514753	564850	754286	820116	
G	219	2	11	12	13	14	15	20	21	22	23	24	25	26	27	28	29	30	31	32	33	34	35	36	37	38	39	40	
G	219	76556	98499	136548	169029	169965	169973	179458	191630	202177	218562	221170	222916	224170	234651	240197	242278	286688	311357	330240	356431	395927	419970	489787	522281	571127	757557	821994	
G	220	2	11	12	13	14	15	20	21	22	23	24	25	26	27	28	29	30	31	32	33	34	35	36	37	38	39	40	
G	220	78184	101326	139579	167006	167884	167890	178735	192281	200586	219692	221232	223015	223438	234758	241028	245309	285466	311941	328938	356357	395701	421012	487836	520364	570201	757013	820874	
G	221	2	11	12	13	14	15	20	21	22	23	24	25	26	27	28	29	30	31	32	33	34	35	36	37	38	39	40	
G	221	78663	97643	136475	176562	177328	177331	185646	196089	210779	224792	229476	230906	233597	243794	249219	250741	297129	322809	343095	368039	406863	429601	498777	531159	578802	757953	818042	
G	222	2	11	12	13	14	15	20	21	22	23	24	25	26	27	28	29	30	31	32	33	34	35	36	37	38	39	40	
G	222	80388	105725	148438	177320	177957	177961	189376	203888	212352	232561	234120	235669	236135	248137	254659	259631	298988	326731	343708	371207	410846	435903	501930	534050	582532	761692	820815	
G	223	2	11	12	13	14	15	20	21	22	23	24	25	27	28	29	30	31	32	33	34	35	36	37	38	39	40	
G	223	81103	106520	148602	173519	174090	174091	185840	200577	208075	229622	230658	231947	245458	253044	261217	293474	325048	339468	366296	406728	433733	496375	528867	577745	759401	819092	
G	224	2	11	12	13	14	15	20	21	22	23	24	25	27	28	29	30	31	32	33	34	35	36	37	38	39	40	
G	224	82708	110243	156312	182474	182991	182994	195197	210400	217209	238860	239799	240970	254667	262391	270106	303966	335563	349951	377521	418083	444538	507188	539409	586992	762823	820094	
G	225	2	11	12	13	14	15	20	21	22	23	24	25	27	28	29	30	31	32	33	34	35	36	37	38	39	40	
G	225	84681	110606	155836	180614	181058	181059	193330	208752	216284	239513	240478	241784	255016	262700	270915	303750	335796	350504	378443	418089	444382	506751	539293	587438	763810	820958	
G	226	2	11	12	13	14	20	21	22	23	24	25	27	28	29	30	31	32	33	34	35	36	37	38	39	40	
G	226	88360	111392	152110	173678	174013	185860	200588	207842	231818	232955	233473	249448	258718	273404	292787	331031	339811	369970	411970	443311	498971	532327	582428	765866	822888	
G	227	2	10	11	12	13	14	18	19	20	21	22	23	24	25	26	27	28	29	30	31	32	33	34	35	36	37	38	39	40	
G	227	86893	88528	112521	159478	180652	180909	181358	181865	193637	209440	215583	237023	237904	239097	239400	256190	265881	280310	299652	339388	347238	374248	416934	448086	504122	536646	585191	762910	819271	
G	228	2	10	11	12	13	14	18	19	20	21	22	23	24	25	26	27	28	29	30	31	32	33	34	35	36	37	38	39	40	
G	228	87511	89187	114608	165559	187667	187944	188400	188925	201064	216767	223122	244829	245632	246838	247118	264534	274759	288769	309363	349616	357321	383880	427290	457782	513795	545808	592644	764850	819152	
G	229	2	11	12	13	14	20	21	22	23	24	25	27	28	29	30	31	32	33	34	35	36	37	38	39	40	
G	229	88752	114518	162210	184549	184790	197247	212341	219086	242463	243289	243645	260833	270704	284510	305814	345353	353603	380868	423524	453899	509886	542158	589693	763459	817397	
G	230	2	10	11	12	13	14	18	19	20	21	22	23	24	25	26	27	28	29	30	31	32	33	34	35	36	37	38	39	40	
G	230	91108	92670	117413	168801	189644	189838	190263	190783	203255	219219	225694	247520	248245	249300	249605	266196	276188	290441	311066	351566	359001	386218	429038	459934	515426	547086	594137	765771	818726	
G	231	2	11	12	13	14	20	21	22	23	24	25	27	28	29	30	31	32	33	34	35	36	37	38	39	40	
G	231	92538	116930	165054	186037	186202	198543	213696	220672	244942	245637	245926	262617	272616	286730	307717	347206	355021	383659	425640	456053	511659	543926	591435	766928	821286	
G	232	2	11	12	13	14	20	21	22	23	24	25	27	28	29	30	31	32	33	34	35	36	37	38	39	40	
G	232	93797	118203	165407	185202	185365	197478	211887	218406	241647	242329	242510	259874	270105	284513	304356	346443	353757	380021	422647	453751	510003	542678	591080	766994	820316	
G	233	2	11	12	13	14	20	21	22	23	24	25	27	28	29	30	31	32	33	34	35	36	37	38	39	40	
G	233	95183	120821	170908	191089	191236	203530	218262	224655	247284	247896	248186	265077	274935	287760	310861	350544	359009	386163	428277	458141	515434	547474	594787	766904	819296	
G	234	2	11	12	13	14	20	21	22	23	24	25	27	28	29	30	31	32	33	34	35	36	37	38	39	40	
G	234	94117	122562	177634	199056	199190	212576	227596	234471	258498	259037	259548	275700	285110	295769	324331	362082	373139	400587	441504	468972	527195	558649	605069	768078	815619	
G	235	2	11	12	13	14	20	21	22	23	24	25	26	27	28	29	30	31	32	33	34	35	36	37	38	39	40	
G	235	95415	122244	177393	204639	204758	217113	231396	241482	263658	265583	266501	267513	279895	286886	291896	333067	364730	382827	411012	448917	472201	536733	568182	613388	770823	815540	
G	236	2	11	12	13	14	20	21	22	23	24	25	26	27	28	29	30	31	32	33	34	35	36	37	38	39	40	
G	236	96483	123344	180743	211697	211791	224361	238271	250247	271738	274343	275138	276608	288501	295209	299611	343226	373591	392396	422847	460347	482254	546184	577399	621621	773361	814523	
G	237	2	11	12	13	14	20	21	22	23	24	25	27	28	29	30	31	32	33	34	35	36	37	38	39	40	
G	237	99735	129982	190005	210478	210558	225420	242040	249948	276115	276485	277392	290192	297374	303552	343702	375992	393210	424963	462504	485577	548824	580387	625338	776342	816392	
G	238	2	11	12	13	14	20	21	22	23	24	25	26	27	28	29	30	31	32	33	34	35	36	37	38	39	40	
G	238	98789	124116	183992	222168	222239	234004	246818	262550	282086	286410	286984	289588	302337	309470	314645	357553	389639	407824	438016	475112	496840	559942	590525	632454	774123	809980	
G	239	2	11	12	13	14	15	20	21	22	23	24	25	26	27	28	29	30	31	32	33	34	35	36	37	38	39	40	
G	239	101908	122360	177792	227238	227285	227286	237195	247554	267295	285242	291561	293578	297864	309331	315928	319775	366012	396393	416880	448194	484673	505271	569426	600093	641867	780234	814377	
G	240	2	11	12	13	14	20	21	22	23	24	25	26	27	28	29	30	31	32	33	34	35	36	37	38	39	40	
G	240	102989	121991	176594	229778	229838	239201	248893	271564	288509	295822	298124	303492	313332	318954	320542	372065	399516	422859	455081	489499	508154	573486	603567	644961	780160	813150	
G	241	2	11	12	13	14	20	21	22	23	24	25	27	28	29	30	31	32	33	34	35	36	37	38	39	40	
G	241	105640	140438	211374	231106	231142	248392	265998	274693	302926	303183	303888	316675	324242	331352	371499	405272	421593	453413	489591	510872	571555	601995	643318	778951	812447	
G	242	2	11	12	13	14	20	21	22	23	24	25	27	28	29	30	31	32	33	34	35	36	37	38	39	40	
G	242	111288	142201	207620	224734	224763	240993	258182	266821	295382	295641	296117	310152	318625	329538	361998	401116	413615	445008	482610	506429	565751	596930	639869	785157	821506	
G	243	2	11	12	13	14	20	21	22	23	24	25	27	28	29	30	31	32	33	34	35	36	37	38	39	40	
G	243	111943	143769	211887	228538	228567	244950	261800	269847	297178	297390	297858	312251	320778	330508	364588	403141	416161	446150	484021	507490	566857	597458	640184	784017	820608	
G	244	2	11	12	13	14	20	21	22	23	24	25	26	27	28	29	30	31	32	33	34	35	36	37	38	39	40	
G	244	112658	135778	196414	235346	235371	247202	259051	277817	296917	302457	302973	306485	317396	323619	327375	373376	403832	423689	455093	490315	510363	573875	603838	644470	781171	815341	
G	245	2	11	12	13	14	20	21	22	23	24	25	26	27	28	29	30	31	32	33	34	35	36	37	38	39	40	
G	245	113034	125460	175527	241843	241866	248111	254486	279563	294463	303656	308478	316193	325366	330584	331381	384045	411108	435798	467903	501409	518935	583600	613599	653766	785019	816520	
G	246	2	11	12	13	14	20	21	22	23	24	25	26	27	28	29	30	31	32	33	34	35	36	37	38	39	40	
G	246	116137	130568	185342	250544	250558	257813	265230	294221	308038	318289	320496	327590	336748	342005	342789	395738	423017	447946	480837	513928	531133	594896	624764	663977	788992	818148	
G	247	2	11	12	13	14	20	21	22	23	24	25	26	27	28	29	30	31	32	33	34	35	36	37	38	39	40	
G	247	118119	150845	225390	248087	248099	264677	281017	293278	320056	322056	322350	323495	338030	346471	356039	390994	429606	442935	475336	511477	533460	590211	619923	659357	785658	814662	
G	248	2	11	12	13	14	20	21	22	23	24	25	26	27	28	29	30	31	32	33	34	35	36	37	38	39	40	
G	248	120241	151589	225061	251347	251359	267211	282854	296888	322221	325112	325562	327339	339404	346369	351821	394939	428378	446718	478859	513669	533072	593304	622932	662036	787203	816330	
G	249	2	11	12	13	14	20	21	22	23	24	25	27	28	29	30	31	32	33	34	35	36	37	38	39	40	
G	249	123922	159014	236738	250335	250342	268491	286510	295654	326390	326517	326843	341160	349677	359778	393958	434207	447039	479006	515124	536956	593847	623822	663702	790971	820174	
G	250	2	11	12	13	14	20	21	22	23	24	25	26	27	28	29	30	31	32	33	34	35	36	37	38	39	40	
G	250	128505	159381	233144	253798	253801	269828	285697	297828	324511	326420	326731	327946	341265	348848	356753	394471	430925	445516	478792	514509	536002	594400	624194	664282	792247	822045	
G	251	2	11	12	13	14	20	21	22	23	24	25	27	28	29	30	31	32	33	34	35	36	37	38	39	40	
G	251	131686	165589	244149	256211	256215	273598	290893	299431	329078	329165	329554	343261	351240	360098	396678	435479	449380	481173	517048	538476	595550	625357	665502	794266	824514	
G	252	2	11	12	13	14	20	21	22	23	24	25	27	28	29	30	31	32	33	34	35	36	37	38	39	40	
G	252	131046	166070	248404	260579	260582	278275	295634	303757	333121	333207	333312	350429	360572	373765	400498	446649	453299	483290	521498	545349	597985	627068	665839	790369	819446	
G	253	2	10	11	12	13	14	18	19	20	21	22	23	24	25	26	27	28	29	30	31	32	33	34	35	36	37	38	39	40	
G	253	132081	134056	165645	246089	256089	256090	256614	257198	274146	292105	299631	326593	326668	327480	327765	345170	355874	371681	393072	443519	446675	475748	514641	540413	590868	620348	659710	787453	817422	
G	254	2	11	12	13	14	20	21	22	23	24	25	27	28	29	30	31	32	33	34	35	36	37	38	39	40	
G	254	135389	168339	246535	256301	256303	273349	290067	298224	327572	327649	327689	345122	355505	370566	393455	441328	445423	476142	514152	539196	590780	620579	659916	789579	821122	
G	255	2	10	11	12	13	14	18	19	20	21	22	23	24	25	26	27	28	29	30	31	32	33	34	35	36	37	38	39	40	
G	255	139722	141678	172535	253111	261783	261785	262268	262812	279267	296959	304571	332596	332671	333512	333776	350042	360157	375486	398074	445895	449679	481292	519135	544292	594834	624975	664654	793744	824833	
G	256	2	10	11	12	13	18	19	20	21	22	23	24	25	26	27	28	29	30	31	32	33	34	35	36	37	38	39	40	
G	256	143797	145633	175666	254966	263031	263515	264090	280400	298402	306386	335150	335201	336047	336313	351770	361163	375880	399167	445197	449974	482586	520095	544648	596029	626174	666500	796632	827275	
G	257	2	10	11	12	13	14	18	19	20	21	22	23	24	25	26	27	28	29	30	31	32	33	34	35	36	37	38	39	40	
G	257	148997	150926	181406	263578	271384	271385	271857	272395	288720	306756	314790	344146	344199	344923	345187	361322	371506	387770	407779	459722	462370	491924	529519	555032	604446	634269	674123	801704	830922	
G	258	2	10	11	12	13	18	19	20	21	22	23	24	25	26	27	28	29	30	31	32	33	34	35	36	37	38	39	40	
G	258	143661	145645	178585	266918	274722	275194	275785	292995	311582	319610	348683	348728	349491	349744	366686	377026	392458	413671	463331	465625	496417	534232	558824	606767	635334	673124	792863	820140	
G	259	2	10	11	12	13	18	19	20	21	22	23	24	25	26	27	28	29	30	31	32	33	34	35	36	37	38	39	40	
G	259	140696	142516	176557	267703	275056	275545	276119	294060	312698	320550	349214	349252	350049	350313	367984	378522	393592	415070	471857	474357	496649	534636	558350	606418	634851	671603	786674	812601	
G	260	2	10	11	12	13	18	19	20	21	22	23	24	25	26	27	28	29	30	31	32	33	34	35	36	37	38	39	40	
G	260	145221	146924	178377	263150	269602	270088	270572	288017	306208	314365	343897	343937	344690	344923	361910	372084	388053	408607	469311	471977	492253	529351	553845	602433	631639	669582	789798	816457	
G	261	2	10	11	12	13	18	19	20	21	22	23	24	25	26	27	28	29	30	31	32	33	34	35	36	37	38	39	40	
G	261	152203	154062	185400	273412	279577	280055	280578	297479	315579	323379	351658	351678	352462	352711	369279	379716	395580	417071	478287	480835	500521	538384	562888	611755	640571	678263	797909	824610	
G	262	2	10	11	12	13	18	19	20	21	22	23	24	25	26	27	28	29	30	31	32	33	34	35	36	37	38	39	40	
G	262	154258	156002	185988	272081	277632	278071	278585	295113	312847	320617	349392	349423	350161	350405	366875	377035	392935	413739	484344	487159	497444	535212	560056	608352	637636	676323	797014	823368	
G	263	2	10	11	12	13	18	19	20	21	22	23	24	25	26	27	28	29	30	31	32	33	34	35	36	37	38	39	40	
G	263	157194	160509	188986	275508	280389	281253	282254	298497	317449	324588	351404	351429	353004	353499	369174	379094	394672	415261	490674	493551	498781	536235	561051	609664	639122	677222	798245	824246	
G	264	2	10	11	12	13	18	19	20	21	22	23	24	25	26	27	28	29	30	31	32	33	34	35	36	37	38	39	40	
G	264	158095	159840	190540	278635	283546	284011	284576	301808	320528	328310	357822	357844	358567	358790	375054	385029	400829	421037	482494	484383	505093	541595	565947	613475	642188	679417	796984	822303	
G	265	2	10	11	12	13	14	18	19	20	21	22	23	24	25	26	27	28	29	30	31	32	33	34	35	36	37	38	39	40	
G	265	157091	158872	190635	282416	287055	287056	287510	288097	305887	324976	333080	364210	364231	364948	365197	381774	391902	407490	427966	487138	488803	512432	548887	572275	619130	647051	683219	793874	816765	
G	266	2	10	11	12	13	14	18	19	20	21	22	23	24	25	26	27	28	29	30	31	32	33	34	35	36	37	38	39	40	
G	266	161985	163749	193283	279092	283018	283019	283486	284097	301385	319807	328109	358877	358891	359636	359883	375928	385804	402166	422149	486771	488629	508021	544647	568474	616065	645071	682672	797786	820899	
G	267	2	10	11	12	13	18	19	20	21	22	23	24	25	26	27	28	29	30	31	32	33	34	35	36	37	38	39	40	
G	267	164711	166388	196053	283286	286976	287432	287952	304683	322719	330417	359268	359280	359992	360239	376313	386432	402359	422836	497012	498951	507472	544668	568851	616678	645643	683244	798565	822189	
G	268	2	10	11	12	13	18	19	20	21	22	23	24	25	26	27	28	29	30	31	32	33	34	35	36	37	38	39	40	
G	268	167412	169026	199182	287662	291107	291549	292131	309174	327301	335275	364446	364456	365139	365396	381478	391523	407234	427927	488526	489865	512117	548783	572568	619508	647770	684934	797755	821106	
G	269	2	11	12	13	20	21	22	23	24	27	28	29	30	31	32	33	34	35	36	37	38	39	40	
G	269	165209	199396	295052	298686	316734	333718	341451	372017	372027	389404	399714	414988	436557	498653	499896	519543	555631	578236	624423	651791	686674	793060	814361	
G	270	2	10	11	12	13	18	19	20	21	22	23	24	25	26	27	28	29	30	31	32	33	34	35	36	37	38	39	40	
G	270	170475	173895	204455	300051	302981	303893	304917	322485	342440	349889	377685	377693	379138	379647	395633	405534	420697	441986	510979	512295	525241	561015	583537	630219	657512	692397	797899	818495	
G	271	2	10	11	12	13	18	19	20	21	22	23	24	25	26	27	28	29	30	31	32	33	34	35	36	37	38	39	40	
G	271	169459	171089	203425	299531	302296	302771	303279	321759	340347	348087	377614	377626	378346	378606	395467	405630	420523	441276	511630	512850	524140	559876	581925	628318	654912	688564	790798	810621	
G	272	2	10	11	12	13	18	19	20	21	22	23	24	25	26	27	28	29	30	31	32	33	34	35	36	37	38	39	40	
G	272	174037	177270	208858	307704	310292	311147	312090	330112	350074	357210	384182	384189	385732	386239	402241	412487	426838	448007	514910	515985	529955	565313	587151	632912	659280	692141	791642	811242	
G	273	2	10	11	12	13	18	19	20	21	22	23	24	25	26	27	28	29	30	31	32	33	34	35	36	37	38	39	40	
G	273	176752	178459	210940	306968	309338	309759	310341	328579	347144	354783	383787	383794	384487	384724	401381	411512	426408	447220	519153	520255	530242	565132	587086	633116	660271	694311	796328	816429	
G	274	2	10	11	12	13	18	19	20	21	22	23	24	25	26	27	28	29	30	31	32	33	34	35	36	37	38	39	40	
G	274	181518	189723	214937	309544	311286	313444	315838	332896	356394	362625	386150	386155	390147	391347	404503	413509	428525	449072	527773	528933	532278	567134	588804	634567	661711	695546	795781	815396	
G	275	2	10	11	12	13	18	19	20	21	22	23	24	25	26	27	28	29	30	31	32	33	34	35	36	37	38	39	40	
G	275	186432	194430	218549	310699	312177	314221	316574	333242	356673	362792	386715	386718	390726	392035	404666	413466	428588	448631	526893	527885	532932	567383	589582	635061	662206	696847	799242	819298	
G	276	2	10	11	12	13	18	19	20	21	22	23	24	25	26	27	28	29	30	31	32	33	34	35	36	37	38	39	40	
G	276	192438	194098	225787	321541	323377	323829	324372	342786	361581	369326	399595	399596	400268	400493	416620	426507	441371	461272	529055	529799	544835	579221	601016	645937	672623	705956	804256	822716	
G	277	2	10	11	12	13	14	18	19	20	21	22	23	24	25	26	27	28	29	30	31	32	33	34	35	36	37	38	39	40	
G	277	194836	198069	228798	324522	326070	326071	326879	327894	346235	366898	374320	403479	403484	404842	405269	420583	430134	444971	464751	530942	531570	548012	581715	602912	647090	673512	706654	802704	820608	
G	278	2	10	11	12	13	18	19	20	21	22	23	24	25	26	27	28	29	30	31	32	33	34	35	36	37	38	39	40	
G	278	199631	201259	232006	323812	325224	325685	326227	344764	363695	371778	402780	402782	403434	403689	419329	428879	444080	463207	536492	537227	547296	580822	601857	645709	672510	706249	803934	822127	
G	279	2	10	11	12	13	18	19	20	21	22	23	24	25	26	27	28	29	30	31	32	33	34	35	36	37	38	39	40	
G	279	203408	206611	235075	326143	327337	328290	329320	347106	367734	375531	405151	405153	406628	407135	421722	431122	446502	465919	539401	539973	550646	584044	605266	649046	675843	709165	805818	823512	
G	280	2	10	11	12	13	18	19	20	21	22	23	24	25	26	27	28	29	30	31	32	33	34	35	36	37	38	39	40	
G	280	213496	216436	243560	331496	332535	333351	334228	351281	370867	378568	407824	407826	409169	409656	423925	432928	448761	467280	546496	547095	552285	585894	607407	651185	678734	713048	812086	830239	
G	281	2	10	11	12	13	18	19	20	21	22	23	25	26	27	28	29	30	31	32	33	34	35	36	37	38	39	40	
G	281	219254	227695	247818	335486	336182	338408	340977	356600	380896	386906	409809	414224	415654	426553	434506	450289	469492	554053	554638	554641	588410	610427	654029	681316	715652	814223	831949	
G	282	2	10	11	12	13	18	19	20	21	22	23	24	25	26	27	28	29	30	31	32	33	34	35	36	37	38	39	40	
G	282	221237	224261	251066	343263	344133	344941	345824	361938	380809	387893	415713	415715	417143	417551	432024	441200	455989	475743	553205	553694	558844	592346	613529	656790	682773	715429	810155	827079	
G	283	2	10	11	12	13	18	19	20	21	22	23	24	25	26	27	28	29	30	31	32	33	34	35	36	37	38	39	40	
G	283	229168	230638	257454	346814	347656	348047	348522	364919	382558	390179	419975	419977	420593	420801	435493	444682	459980	479269	550446	550817	562964	596262	617844	660556	686537	718980	813759	830301	
G	284	2	10	11	12	13	18	19	20	21	22	23	24	25	26	27	28	29	30	31	32	33	34	35	36	37	38	39	40	
G	284	238079	246417	266118	354982	355503	357688	360458	375768	399813	405307	426727	426728	431018	432488	443272	451209	466305	485435	564733	565121	568653	601581	622720	665279	691419	724218	817924	834692	
G	285	2	10	11	12	13	18	19	20	21	22	23	25	26	27	28	29	30	31	32	33	34	35	36	37	38	39	40	
G	285	242847	245768	270404	357706	358333	359117	360105	375498	394142	400776	428130	429630	430109	443838	452503	466847	486094	565425	565795	569281	602314	623602	665676	691635	723804	817129	833653	
G	286	2	10	11	12	13	18	19	20	21	22	23	25	26	27	28	29	30	31	32	33	34	35	36	37	38	39	40	
G	286	246801	258372	272972	357040	357386	360450	364160	377892	405284	409298	425887	432008	434068	442840	449934	464138	482548	562987	563327	565078	597917	618928	660948	687014	719723	813649	830163	
G	287	2	10	11	12	13	18	19	20	21	22	23	25	26	27	28	29	30	31	32	34	35	36	37	38	39	40	
G	287	258212	273274	284105	366716	366951	370998	375937	388930	419456	422368	434606	443134	446008	452339	458509	472229	490744	573447	573754	606225	626816	669016	694999	727480	819296	835110	
G	288	2	10	11	12	13	18	19	20	21	22	23	25	26	27	28	29	30	31	32	34	35	36	37	38	39	40	
G	288	262800	277149	289896	377133	377374	380994	385596	398779	427418	430658	444049	451899	454251	461549	468099	481242	500567	580922	581186	612978	632782	673899	698526	729255	815486	830237	
G	289	2	10	11	12	13	18	19	20	21	22	23	25	26	27	28	29	30	31	32	33	34	35	36	37	38	39	40	
G	289	265451	279799	291831	378480	378707	382470	387251	400519	429972	433060	446558	454385	456863	463952	470422	483483	502166	580990	581247	582835	613820	633036	672715	697247	726790	808815	822168	
G	290	2	10	11	12	13	18	19	20	21	22	23	25	26	27	28	29	30	31	32	34	35	36	37	38	39	40	
G	290	275660	299477	300772	383195	383215	389519	397270	407766	444198	444491	445964	459520	463817	464596	469022	481961	501562	581835	582042	613401	632288	672850	697606	727317	810124	823823	
G	291	2	10	11	12	13	18	19	20	21	22	23	25	26	27	28	29	30	31	32	33	34	35	36	37	38	39	40	
G	291	285299	302921	309513	391294	391377	396084	401870	413130	444802	446462	454109	464151	467460	471252	476534	488735	507514	586236	586415	586416	616598	635115	674328	698443	727864	807999	820991	
G	292	2	10	11	12	13	18	19	20	21	22	23	25	26	27	28	29	30	31	32	34	35	36	37	38	39	40	
G	292	295332	313910	317405	393010	393063	398259	404966	415535	449516	450424	454727	465971	469562	471759	476389	488316	506853	586364	586531	616242	634389	673413	697503	726493	806086	818685	
G	293	2	10	11	12	13	18	19	20	21	22	23	25	26	27	28	29	30	31	32	33	34	35	36	37	38	39	40	
G	293	313627	325598	334378	409458	409568	412973	417382	428243	454534	456842	467677	475242	477646	483126	488798	500178	519124	597264	597411	597412	627026	644887	683415	707305	735874	812358	824417	
G	294	2	10	11	12	13	18	19	20	21	22	23	25	26	27	28	29	30	31	32	34	35	36	37	38	39	40	
G	294	331126	348713	349581	419903	419911	424852	431496	440241	472545	472786	474086	486001	489678	490237	494272	505165	523664	600152	600300	629319	646355	683913	706731	734192	810044	821825	
G	295	2	10	11	12	13	18	19	20	21	22	23	25	26	27	28	29	30	31	32	34	35	36	37	38	39	40	
G	295	347533	362135	363176	426055	426066	430296	436209	443902	473283	473551	474983	486055	489404	490142	494134	504001	522691	597466	597572	625931	642885	679752	702452	729616	803558	815250	
G	296	2	10	11	12	13	18	19	20	21	22	23	25	26	27	28	29	30	31	32	33	34	35	36	37	38	39	40	
G	296	365726	376553	378748	435256	435283	438548	443210	450198	473890	474454	477612	486515	489292	491078	495173	503728	522896	594096	594204	595664	623519	640181	676506	698426	724537	795751	806949	
G	297	2	10	11	12	13	18	19	20	21	22	23	25	26	27	28	29	30	31	32	34	35	36	37	38	39	40	
G	297	396595	405638	406182	452903	452910	455814	460761	466554	489474	489669	490778	500093	502817	503436	506886	514406	533307	605260	605372	632168	647848	683627	704951	730042	798352	808941	
G	298	2	10	11	12	13	18	19	20	21	22	23	25	26	27	28	29	30	31	32	34	35	36	37	38	39	40	
G	298	436198	439150	441790	475269	475295	476391	478535	483618	497197	498134	504661	508901	510152	514234	518331	524507	542661	613082	613156	639575	654912	689747	710666	735518	802110	812310	
G	299	2	10	11	12	13	18	19	20	21	22	23	25	26	27	28	29	30	31	32	33	34	35	36	37	38	39	40	
G	299	499178	499430	500271	510812	510832	511165	511735	515425	521775	522580	528916	530319	530705	535819	539443	543055	560733	625669	625717	627110	651980	666056	698884	718374	741713	802949	812173	
C	0	15	27	30	31	32	33	34	35	
C	0	47252	78933	98915	201678	273804	363321	385450	814755	
C	1	15	27	30	31	32	33	34	35	
C	1	32703	55573	67715	122996	175929	235906	263700	732464	
C	2	15	27	30	31	32	33	34	35	
C	2	37397	61690	76642	130927	193591	251836	293008	797961	
C	3	15	27	30	31	32	33	34	35	
C	3	35239	58550	73398	133139	197307	264181	302311	825773	
C	4	15	27	30	31	32	33	34	35	
C	4	33175	53738	67336	127210	195439	266362	304820	777854	
C	5	14	15	16	27	28	30	31	34	35	36	37	38	39	40	
C	5	5349	8844	43643	67021	68132	79504	90020	122291	137405	175885	202050	260456	507289	817082	
C	6	14	15	16	27	28	30	31	34	35	36	37	38	39	40	
C	6	4519	7629	38329	60101	61233	72002	81095	111921	126249	161574	186149	245135	467768	779807	
C	7	14	15	16	27	28	30	31	34	35	36	37	38	39	40	
C	7	5922	9573	45596	69603	71075	85342	96237	133719	150588	193809	222503	286916	523363	798238	
C	8	14	15	16	27	28	30	31	34	35	36	37	38	39	40	
C	8	5143	8765	41640	66437	67517	78310	88161	120241	136309	172316	198042	253047	493889	809061	
C	9	14	15	16	27	28	30	31	34	35	36	37	38	39	40	
C	9	4659	7766	38263	62688	63560	73356	82534	112716	128025	161502	185709	240699	471604	808613	
C	10	14	15	16	27	28	30	31	34	35	36	37	38	39	40	
C	10	5138	8477	40694	66056	67002	76860	85755	116325	132060	165600	189944	246117	475287	810284	
C	11	14	15	16	27	28	30	31	34	35	36	37	38	39	40	
C	11	4890	8212	39315	62785	63768	74055	83392	113503	128233	161829	185566	240428	465261	811539	
C	12	14	15	16	27	28	30	31	34	35	36	37	38	39	40	
C	12	4969	8200	39530	63261	64218	74074	83205	113004	127137	159462	182366	236338	455666	806731	
C	13	14	15	16	27	28	30	31	34	35	36	37	38	39	40	
C	13	4864	8066	38754	62073	63159	73340	82321	112490	127354	159859	183211	239126	455538	802143	
C	14	14	15	16	27	28	30	31	34	35	36	37	38	39	40	
C	14	5423	8954	42274	66351	67448	78932	88374	119861	133950	168227	191799	250789	465532	812550	
C	15	14	15	16	27	28	30	31	34	35	36	37	38	39	40	
C	15	5017	8336	39907	62227	63336	74137	83162	113655	127893	161752	185156	242967	459525	805882	
C	16	14	15	16	27	28	30	31	34	35	36	37	38	39	40	
C	16	5787	9490	44235	67826	69046	81484	91487	124509	139164	175414	200048	261233	478961	804039	
C	17	14	15	16	27	28	30	31	34	35	36	37	38	39	40	
C	17	5750	9471	45590	69548	70838	83388	93663	126994	141387	178123	202944	264340	484914	811836	
C	18	14	15	16	27	28	30	31	34	35	36	37	38	39	40	
C	18	5385	8742	42307	65719	66796	78123	87853	119493	133652	168055	191915	250489	469272	806951	
C	19	14	15	16	27	28	30	31	34	35	36	37	38	39	40	
C	19	5370	8929	42846	66481	67612	79280	88986	121706	136465	171701	196195	258011	476467	806108	
C	20	14	15	16	27	28	30	31	34	35	36	37	38	39	40	
C	20	4712	7839	39112	64180	65064	73997	82797	113002	128834	160918	184419	237768	464835	821798	
C	21	14	15	16	27	28	30	31	34	35	36	37	38	39	40	
C	21	4111	6891	34739	58862	59630	67510	75753	104714	120870	152623	176489	228090	459992	817234	
C	22	14	15	16	27	28	30	31	34	35	36	37	38	39	40	
C	22	4864	8066	39842	65556	66389	75427	84274	114816	130976	163718	188382	243436	474491	816983	
C	23	14	15	16	27	28	30	31	34	35	36	37	38	39	40	
C	23	5136	8507	41098	66097	67087	77744	87474	119674	135332	170099	195006	249066	482074	816019	
C	24	14	15	16	27	28	30	31	34	35	36	37	38	39	40	
C	24	5185	8456	40770	65092	66066	76116	85664	116567	131636	165180	188479	242083	467976	814359	
C	25	14	15	16	27	28	30	31	34	35	36	37	38	39	40	
C	25	4619	7817	38857	63992	64889	74357	83160	113487	128887	161567	185185	239638	465767	815618	
C	26	14	15	16	27	28	30	31	34	35	36	37	38	39	40	
C	26	4216	7016	35023	60564	61360	69398	77402	106836	123694	155939	180180	232906	467559	827225	
C	27	14	15	16	27	28	30	31	34	35	36	37	38	39	40	
C	27	4194	7117	34268	58020	58819	67123	75226	104368	120571	152055	175865	228908	456969	819776	
C	28	14	15	16	27	28	30	31	34	35	36	37	38	39	40	
C	28	4684	7924	36998	61197	62125	71935	80558	110943	127061	160215	184384	239937	468287	818252	
C	29	14	15	16	27	28	30	31	34	35	36	37	38	39	40	
C	29	5680	9367	42214	66409	67569	79166	88888	122019	137203	172978	197874	258208	482701	819563	
C	30	14	15	16	27	28	30	31	34	35	36	37	38	39	40	
C	30	6123	9680	43439	68444	69639	81088	90804	124072	139584	175006	199670	258560	484434	818768	
C	31	14	15	16	27	28	30	31	34	35	36	37	38	39	40	
C	31	4891	7941	36581	60677	61567	70463	79047	109106	124882	157911	181834	236444	466792	816908	
C	32	14	15	16	27	28	30	31	34	35	36	37	38	39	40	
C	32	4636	7638	36347	60775	61624	70369	78901	108561	124941	156782	180586	233241	465642	824641	
C	33	14	15	16	27	28	30	31	34	35	36	37	38	39	40	
C	33	4532	7481	34736	59145	59915	67836	75863	104173	120741	151838	175802	226386	457197	823707	
C	34	14	15	16	27	28	30	31	34	35	36	37	38	39	40	
C	34	4621	7659	35787	60343	61212	69486	77679	106137	122654	153090	176536	226365	457447	821435	
C	35	14	15	16	27	28	30	31	34	35	36	37	38	39	40	
C	35	4527	7324	33967	58809	59494	66918	74479	102381	120080	149483	173231	222351	455161	828516	
C	36	14	15	16	27	28	30	31	34	35	36	37	38	39	40	
C	36	4690	7609	34217	60146	60879	68139	75930	104459	121939	152364	176628	224962	459309	825247	
C	37	14	15	16	27	28	30	31	34	35	36	37	38	39	40	
C	37	4616	7567	33135	58735	59375	65775	72856	99542	118147	146567	170634	217077	454117	825629	
C	38	14	15	16	27	28	30	31	34	35	36	37	38	39	40	
C	38	4437	7303	32185	59126	59770	66233	73478	101697	120516	150343	174949	223764	463488	831308	
C	39	14	15	16	27	28	30	31	34	35	36	37	38	39	40	
C	39	5089	8394	35684	61705	62576	71002	79539	109754	127452	159668	184445	237319	472486	824352	
C	40	14	15	16	27	28	30	31	34	35	36	37	38	39	40	
C	40	5112	8354	36584	62162	63022	72048	80940	111996	129277	162468	187274	240719	475437	820065	
C	41	14	15	16	27	28	30	31	34	35	36	37	38	39	40	
C	41	5366	8822	39163	65000	66001	75905	85012	117054	134090	169063	194564	249898	487155	826776	
C	42	14	15	16	27	28	30	31	34	35	36	37	38	39	40	
C	42	5535	9087	40796	67409	68490	79494	89279	123671	141373	179508	206839	266355	506666	822808	
C	43	14	15	16	27	28	30	31	34	35	36	37	38	39	40	
C	43	6135	10076	44485	71044	72277	84839	95618	131937	149653	190973	218834	279538	523029	819185	
C	44	14	15	16	27	28	30	31	34	35	36	37	38	39	40	
C	44	5817	9442	42383	69382	70678	83007	93339	129891	148254	189352	217716	280125	527191	823929	
C	45	14	15	16	27	28	30	31	34	35	36	37	38	39	40	
C	45	5813	9721	45088	71740	73016	85494	96325	133579	151702	193902	222610	282810	530978	821129	
C	46	14	15	16	27	28	30	31	34	35	36	37	38	39	40	
C	46	5370	8825	41884	68711	69835	80998	91383	126937	145135	184940	212849	270742	522530	822196	
C	47	14	15	16	27	28	30	31	34	35	36	37	38	39	40	
C	47	5326	8734	40731	68255	69412	80523	90885	127800	146687	188347	217424	275558	532283	826527	
C	48	14	15	16	27	28	30	31	34	35	36	37	38	39	40	
C	48	5279	8726	41144	67989	69165	80435	90431	126354	145460	185926	214885	272971	528994	824599	
C	49	14	15	16	27	28	30	31	34	35	36	37	38	39	40	
C	49	5728	9569	44665	71645	72926	85333	96272	132885	150943	193430	222023	280054	533695	821113	
C	50	14	15	16	27	28	30	31	34	35	36	37	38	39	40	
C	50	5983	9824	45344	73004	74268	86937	97831	135542	154174	197030	226489	285649	541228	825827	
C	51	14	15	16	27	28	30	31	34	35	36	37	38	39	40	
C	51	5296	8553	39741	66868	67940	78365	88184	122794	141715	181085	209519	265863	523704	825767	
C	52	14	15	16	27	28	30	31	34	35	36	37	38	39	40	
C	52	5364	8904	40820	68374	69474	80506	90760	126376	145466	185285	213845	271517	526420	821792	
C	53	14	15	16	27	28	30	31	34	35	36	37	38	39	40	
C	53	5974	9685	44251	72413	73735	86335	97146	135592	154813	198065	227805	288152	544052	826607	
C	54	14	15	16	27	28	30	31	34	35	36	37	38	39	40	
C	54	5401	8890	41186	68261	69384	80660	91023	127457	146219	187914	216939	274229	533165	824841	
C	55	14	15	16	27	28	30	31	34	35	36	37	38	39	40	
C	55	6159	10101	46389	73617	74946	87998	99316	137220	155717	198828	227887	285749	541231	821815	
C	56	14	15	16	27	28	30	31	34	35	36	37	38	39	40	
C	56	6555	10653	49107	76885	78281	92436	104286	143506	161740	205899	234737	293849	545071	824109	
C	57	14	15	16	27	28	30	31	34	35	36	37	38	39	40	
C	57	5773	9438	44515	72716	74053	86686	97433	135216	153439	195625	224198	283421	533857	822897	
C	58	14	15	16	27	28	30	31	34	35	36	37	38	39	40	
C	58	5906	9748	46439	74853	76209	89747	100994	140179	158945	202991	232578	293305	542571	818503	
C	59	14	15	16	27	28	30	31	34	35	36	37	38	39	40	
C	59	6163	10166	47591	75938	77366	91001	102456	141709	160094	204221	233928	293227	547899	824913	
C	60	14	15	16	27	28	30	31	34	35	36	37	38	39	40	
C	60	5794	9495	44895	73344	74698	87153	98319	136837	155685	198891	228033	286476	542684	821403	
C	61	14	15	16	27	28	30	31	34	35	36	37	38	39	40	
C	61	5964	9830	46324	74099	75413	88460	99929	138077	156861	199681	228711	286676	541053	819100	
C	62	14	15	16	27	28	30	31	34	35	36	37	38	39	40	
C	62	7167	11696	53888	82410	84014	99668	112207	153501	172285	218282	248135	309357	559703	822464	
C	63	14	15	16	27	28	30	31	34	35	36	37	38	39	40	
C	63	6878	11219	51728	81427	83037	98541	110347	151741	170420	216419	246549	309299	557118	821342	
C	64	14	15	16	27	28	30	31	34	35	36	37	38	39	40	
C	64	6244	10270	47771	77955	79361	93070	104609	145130	165340	210600	241276	303345	558340	821145	
C	65	14	15	16	27	28	30	31	34	35	36	37	38	39	40	
C	65	6031	9791	45091	74561	75827	88097	99200	137827	158294	201473	231429	291033	552818	826993	
C	66	14	15	16	27	28	30	31	34	35	36	37	38	39	40	
C	66	6373	10375	47795	76453	77805	91124	102417	141244	160741	204711	234557	292742	550198	822914	
C	67	14	15	16	27	28	30	31	34	35	36	37	38	39	40	
C	67	6514	10616	47976	76813	78222	91398	102626	141492	160940	204269	233645	291973	545830	821347	
C	68	14	15	16	27	28	30	31	34	35	36	37	38	39	40	
C	68	6471	10640	48364	77704	79067	92390	103834	143686	163085	206931	236665	296866	550438	826175	
C	69	14	15	16	27	28	30	31	34	35	36	37	38	39	40	
C	69	6620	10816	49043	78440	79823	93409	104868	144409	164148	207964	237936	297662	551908	824388	
C	70	14	15	16	27	28	30	31	34	35	36	37	38	39	40	
C	70	5950	9729	44125	73079	74366	86318	96965	134809	154748	196124	224966	282940	541645	822736	
C	71	14	15	16	27	28	30	31	34	35	36	37	38	39	40	
C	71	6185	10068	46034	74449	75772	87915	98797	136203	155626	196954	225662	282623	540553	827347	
C	72	14	15	16	27	28	30	31	34	35	36	37	38	39	40	
C	72	6652	10860	48648	77680	79018	92028	103319	141613	161510	204152	233431	291580	546797	825232	
C	73	14	15	16	27	28	30	31	34	35	36	37	38	39	40	
C	73	7263	11735	53235	83529	85088	99819	112042	153509	173303	219329	249617	309945	562252	819093	
C	74	14	15	16	27	28	30	31	34	35	36	37	38	39	40	
C	74	7525	12176	54795	85189	86733	102252	114608	156198	175773	222055	252616	312553	565515	822300	
C	75	14	15	16	27	28	30	31	34	35	36	37	38	39	40	
C	75	6875	11135	49458	79715	81140	94628	106099	146105	166662	211005	241522	301605	558179	823347	
C	76	14	15	16	27	28	30	31	34	35	36	37	38	39	40	
C	76	6492	10621	48017	77880	79207	91856	103507	142166	162789	205889	235860	293508	551318	823033	
C	77	14	15	16	27	28	30	31	34	35	36	37	38	39	40	
C	77	6945	11073	49591	81043	82622	96481	108312	149497	171062	216687	248147	309569	566677	826279	
C	78	14	15	16	27	28	30	31	34	35	36	37	38	39	40	
C	78	6331	10231	45379	76427	77870	90462	101822	141784	163364	206923	237671	298434	556557	825298	
C	79	14	15	16	27	28	30	31	34	35	36	37	38	39	40	
C	79	6180	9877	43624	74680	76056	87619	97961	136913	159718	202634	234459	294757	558066	825790	
C	80	14	15	16	27	28	30	31	34	35	36	37	38	39	40	
C	80	6790	10834	47302	79080	80551	93668	105122	146531	168771	213929	245794	307278	569075	828810	
C	81	14	15	16	27	28	30	31	34	35	36	37	38	39	40	
C	81	6523	10612	45158	76807	78214	90291	100928	141128	163897	207866	240271	301706	565312	828970	
C	82	14	15	16	27	28	30	31	34	35	36	37	38	39	40	
C	82	6165	9977	42738	73254	74524	85533	95511	133680	156574	198437	230191	290153	556491	825587	
C	83	14	15	16	27	28	30	31	34	35	36	37	38	39	40	
C	83	6962	11220	48821	80721	82297	96274	108073	150564	173095	219348	251583	313128	573971	825599	
C	84	14	15	16	27	28	30	31	34	35	36	37	38	39	40	
C	84	7106	11440	49192	80867	82467	96573	108044	150659	172635	219228	251606	314133	572120	823516	
C	85	14	15	16	27	28	30	31	34	35	36	37	38	39	40	
C	85	6609	10572	46673	77951	79430	92301	103457	144027	166905	211752	243716	304214	567320	823729	
C	86	14	15	16	27	28	30	31	34	35	36	37	38	39	40	
C	86	6987	11239	50254	81861	83526	97186	109062	150486	172846	218697	250506	310549	573857	828193	
C	87	14	15	16	27	28	30	31	34	35	36	37	38	39	40	
C	87	6863	11275	50186	82192	83750	97422	109307	150397	172017	217236	248625	308139	568524	824786	
C	88	14	15	16	27	28	30	31	34	35	36	37	38	39	40	
C	88	7170	11658	51088	82761	84426	98439	110355	152381	174534	220481	252590	313536	571703	822809	
C	89	14	15	16	27	28	30	31	34	35	36	37	38	39	40	
C	89	7758	12516	54847	86207	88110	103685	116327	159950	181486	229335	260951	321055	577567	822697	
C	90	14	15	16	27	28	30	31	34	35	36	37	38	39	40	
C	90	7684	12474	54509	86869	88762	104640	117279	160978	182292	230499	262102	322969	576247	821779	
C	91	14	15	16	27	28	30	31	34	35	36	37	38	39	40	
C	91	7518	12083	53752	86439	88381	104522	117124	161575	183291	232062	264282	327086	578000	819522	
C	92	14	15	16	27	28	30	31	34	35	36	37	38	39	40	
C	92	7325	11831	53467	86104	88061	103443	115956	159796	181956	230472	262781	324038	578766	823531	
C	93	14	15	16	27	28	30	31	34	35	36	37	38	39	40	
C	93	7946	12700	57307	90859	93058	110374	123626	169693	191963	242867	275922	339181	591719	820312	
C	94	14	15	16	27	28	30	31	34	35	36	37	38	39	40	
C	94	8058	12938	58196	91975	94272	112145	125739	173138	196100	247623	280915	344639	596932	819138	
C	95	14	15	16	27	28	30	31	34	35	36	37	38	39	40	
C	95	7392	12079	54281	87457	89523	106424	119435	165238	188796	239187	272586	336267	592370	824658	
C	96	14	15	16	27	28	30	31	34	35	36	37	38	39	40	
C	96	7620	12278	54818	88233	90462	107250	120056	166072	189824	240805	274624	338594	595542	824029	
C	97	14	15	16	27	28	30	31	34	35	36	37	38	39	40	
C	97	6988	11374	51500	84920	87126	102687	115144	160430	185166	234832	268649	332581	592344	823856	
C	98	14	15	16	27	28	30	31	34	35	36	37	38	39	40	
C	98	6891	11126	49935	83939	85927	99839	111885	156020	181545	230406	264301	325954	593229	827757	
C	99	14	15	16	27	28	30	31	34	35	36	37	38	39	40	
C	99	7333	11865	53204	87405	89565	104266	116844	160938	186598	235941	269982	330655	597550	826047	
C	100	14	15	16	27	28	30	31	34	35	36	37	38	39	40	
C	100	7783	12518	55417	90587	92908	108642	121836	168032	193401	244526	278969	340692	602524	821320	
C	101	12	13	14	15	16	23	25	26	27	28	30	31	32	33	34	35	36	37	38	39	40	
C	101	120	637	8551	18612	56096	56248	56640	56871	158354	163348	174412	192301	192393	192735	288872	390097	458153	544685	635702	801071	823979	
C	102	14	15	16	27	28	30	31	34	35	36	37	38	39	40	
C	102	7037	11560	49812	96503	98957	111933	128018	188218	229754	300051	354910	436325	760679	823224	
C	103	14	15	16	27	28	30	31	34	35	36	37	38	39	40	
C	103	6556	10831	48022	83661	85814	99031	112765	160031	189806	246585	285627	343909	677031	821912	
C	104	14	15	16	27	28	30	31	34	35	36	37	38	39	40	
C	104	6664	10982	50280	82068	84380	98706	112239	156661	181987	234234	268105	325112	619307	823505	
C	105	14	15	16	27	28	30	31	34	35	36	37	38	39	40	
C	105	7050	11484	51807	81896	84196	99464	112597	155008	179105	229063	260658	319253	593239	820336	
C	106	14	15	16	27	28	30	31	34	35	36	37	38	39	40	
C	106	6585	10517	48019	77522	79671	93488	105545	145949	169638	216102	246583	304361	568755	818737	
C	107	14	15	16	27	28	30	31	34	35	36	37	38	39	40	
C	107	6607	10944	48153	78788	81173	95515	107806	149237	173998	221720	253604	313053	576350	824304	
C	108	14	15	16	27	28	30	31	34	35	36	37	38	39	40	
C	108	5977	10123	44714	73400	75533	88166	99475	138098	162453	207607	238516	297517	562777	825044	
C	109	14	15	16	27	28	30	31	34	35	36	37	38	39	40	
C	109	5957	9890	44118	72429	74656	87305	98451	136472	160139	204257	234329	291955	554291	823009	
C	110	14	15	16	27	28	30	31	34	35	36	37	38	39	40	
C	110	6365	10563	46868	75556	77953	91407	103011	142126	166180	211871	242533	302389	561826	826707	
C	111	14	15	16	27	28	30	31	34	35	36	37	38	39	40	
C	111	6333	11022	47420	75417	77883	91535	103300	141936	165188	210535	240556	300903	557366	822651	
C	112	14	15	16	27	28	30	31	34	35	36	37	38	39	40	
C	112	6691	11450	48873	77503	79934	94229	105982	145097	168683	214460	244578	304464	557620	819532	
C	113	14	15	16	27	28	30	31	34	35	36	37	38	39	40	
C	113	6124	10207	44595	73456	75987	88345	99390	136918	161514	205918	236555	296207	556593	827650	
C	114	14	15	16	27	28	30	31	34	35	36	37	38	39	40	
C	114	6187	12472	46538	75005	77403	90494	102181	139722	163481	208618	238763	297041	554448	823215	
C	115	14	15	16	27	28	30	31	34	35	36	37	38	39	40	
C	115	6632	11240	48519	78846	81414	94813	106819	146641	172755	219242	251253	312318	571077	823217	
C	116	14	15	16	27	28	30	31	34	35	36	37	38	39	40	
C	116	6956	11519	49029	80093	82949	97039	109110	149901	176532	224372	256749	317291	575480	826540	
C	117	14	15	16	27	28	30	31	34	35	36	37	38	39	40	
C	117	7336	13539	49955	82561	85659	101289	113573	156511	184878	235006	268687	331075	587485	823599	
C	118	14	15	16	27	28	30	31	34	35	36	37	38	39	40	
C	118	6115	10766	44356	74946	77712	89982	100868	139026	167575	213442	246181	306426	571959	825038	
C	119	14	15	16	27	28	30	31	34	35	36	37	38	39	40	
C	119	5934	11079	43304	73587	76359	87935	98802	135870	163559	208863	240857	300006	568386	830482	
C	120	14	15	16	27	28	30	31	34	35	36	37	38	39	40	
C	120	6347	12306	45920	76280	79110	91289	102393	139550	167057	212241	244157	301686	569799	825931	
C	121	14	15	16	27	28	30	31	34	35	36	37	38	39	40	
C	121	6508	11006	45787	77207	80100	91953	103110	139837	168382	213256	245472	303819	569502	826275	
C	122	14	15	16	27	28	30	31	34	35	36	37	38	39	40	
C	122	6804	13027	47625	80327	83493	96213	107733	145684	175320	221290	254407	313984	579518	829240	
C	123	14	15	16	27	28	30	31	34	35	36	37	38	39	40	
C	123	6869	15162	47474	79909	83115	96106	107779	146030	175865	222693	256043	316387	580874	826039	
C	124	14	15	16	25	26	27	28	30	31	34	35	36	37	38	39	40	
C	124	7409	17210	47919	48161	48178	79896	83235	96495	108108	146608	175492	221984	254566	314743	576037	824343	
C	125	14	15	16	25	26	27	28	30	31	34	35	36	37	38	39	40	
C	125	8380	18136	53359	53664	53689	85785	89250	104262	117490	158692	188193	238449	272838	334974	595551	827573	
C	126	14	15	16	25	26	27	28	30	31	34	35	36	37	38	39	40	
C	126	8127	15845	51611	51913	51929	84065	87350	101625	114301	153827	183108	231698	264773	323925	586119	823406	
C	127	14	15	16	25	26	27	28	30	31	34	35	36	37	38	39	40	
C	127	8488	19726	54790	55119	55136	86822	90268	104833	117820	157601	186947	235528	268123	326123	586020	822251	
C	128	14	15	16	25	26	27	28	30	31	34	35	36	37	38	39	40	
C	128	8594	17059	54162	54486	54513	88154	91772	106211	119418	160136	191199	240968	275217	334883	597798	826244	
C	129	14	15	16	25	26	27	28	30	31	34	35	36	37	38	39	40	
C	129	8109	23535	53541	53857	53882	86465	90027	104084	116864	155773	185593	234150	266888	324896	587506	822747	
C	130	14	15	16	25	26	27	28	30	31	34	35	36	37	38	39	40	
C	130	8553	25335	55211	55522	55548	88808	92522	108349	121624	162299	192656	243084	276672	337131	594739	820370	
C	131	12	13	14	15	16	23	25	26	27	28	30	31	32	33	34	35	36	37	38	39	40	
C	131	251	833	8645	27842	55260	55473	55674	55758	87908	91543	107566	120895	121090	121372	162201	191212	241813	274941	336025	594394	823973	
C	132	12	13	14	15	16	23	25	26	27	28	30	31	32	33	34	35	36	37	38	39	40	
C	132	266	832	8248	27625	54538	54764	54955	55060	87132	90545	106247	119484	119685	119977	159679	188306	238063	270766	330894	590193	823121	
C	133	14	15	16	25	26	27	28	30	31	34	35	36	37	38	39	40	
C	133	8423	27616	53398	53769	53807	86644	90416	105560	118501	157946	188677	238211	271459	332063	593206	824301	
C	134	12	13	14	15	16	23	25	26	27	28	30	31	32	33	34	35	36	37	38	39	40	
C	134	238	825	8884	30148	56943	57188	57438	57539	89637	93330	109528	123173	123403	123726	163883	193004	243600	276899	337443	596826	823924	
C	135	14	15	16	25	26	27	28	30	31	34	35	36	37	38	39	40	
C	135	8567	29036	54064	54500	54537	87547	91359	106521	119627	159577	191120	241194	274879	336519	597315	823988	
C	136	14	15	16	25	26	27	28	30	31	34	35	36	37	38	39	40	
C	136	8367	28280	52755	53132	53176	86588	90623	105790	118649	159251	191711	242147	276489	338347	599936	823557	
C	137	12	13	14	15	16	23	25	26	27	28	30	31	32	33	34	35	36	37	38	39	40	
C	137	277	846	8477	29067	51685	51939	52238	52408	86151	90123	105624	118418	118641	119020	159927	193087	244118	279000	341628	604493	828417	
C	138	12	13	14	15	16	23	25	26	27	28	30	31	32	33	34	35	36	37	38	39	40	
C	138	283	907	7824	27459	48142	48398	48701	48866	81865	85727	99516	111567	111823	112258	150517	184955	234134	269203	330085	601827	828793	
C	139	12	13	14	15	16	23	25	26	27	28	30	31	32	33	34	35	36	37	38	39	40	
C	139	269	908	8168	28852	49346	49627	49980	50161	83882	87895	101404	113302	113529	113984	151993	186330	234815	270249	330530	599906	828365	
C	140	12	13	14	15	16	23	25	26	27	28	30	31	32	33	34	35	36	37	38	39	40	
C	140	343	1043	8852	31449	52233	52546	52927	53117	88108	92357	107198	119999	120280	120753	160273	195755	247041	282924	344596	611789	830975	
C	141	12	13	14	15	16	23	25	26	27	28	30	31	32	33	34	35	36	37	38	39	40	
C	141	371	1066	11944	34584	56170	56472	57706	58009	91697	96066	112858	126560	126855	127319	169282	203567	256589	292438	355335	617408	826050	
C	142	12	13	14	15	16	23	25	26	27	28	30	31	32	33	34	35	36	37	38	39	40	
C	142	406	1149	9750	34718	54726	55044	55427	55656	90991	95423	111252	124341	124615	125096	166859	203107	255269	291518	355352	618849	827853	
C	143	12	13	14	15	16	23	25	26	27	28	30	31	32	33	34	35	36	37	38	39	40	
C	143	349	1284	12531	34766	54138	54457	56106	56487	91054	95604	112219	125854	126179	126715	168761	204742	258567	294780	358343	621884	828359	
C	144	12	13	14	15	16	23	25	26	27	28	30	31	32	33	34	35	36	37	38	39	40	
C	144	367	1280	13241	35888	54235	54574	56481	56878	90806	95276	111743	125489	125744	126221	168717	205873	260585	297585	360523	624564	827422	
C	145	12	13	14	15	16	23	25	26	27	28	30	31	32	33	34	35	36	37	38	39	40	
C	145	369	1113	11641	35264	52927	53236	54734	55089	88921	93521	108641	121450	121740	122273	162573	199381	252104	289082	350748	618371	828014	
C	146	12	13	14	15	16	23	25	26	27	28	30	31	32	33	34	35	36	37	38	39	40	
C	146	393	1195	13328	37782	55255	55601	57532	57926	92571	97348	113552	127374	127654	128189	170280	208822	263255	301106	364760	629633	832189	
C	147	12	13	14	15	16	23	25	26	27	28	30	31	32	33	34	35	36	37	38	39	40	
C	147	406	1424	21790	38446	55215	55556	60769	61619	92198	96936	113948	127714	128046	128587	170672	208250	262987	300104	362870	626672	828515	
C	148	12	13	14	15	16	23	25	26	27	28	30	31	32	33	34	35	36	37	38	39	40	
C	148	428	1541	27845	41274	58015	58353	65194	66201	95315	100341	118732	133199	133526	134058	177223	214546	270524	307648	371100	631926	825412	
C	149	12	13	14	15	16	23	25	26	27	28	30	31	32	33	34	35	36	37	38	39	40	
C	149	1044	3480	31971	43565	60173	61128	68981	70337	98886	103737	122555	137818	138656	139879	183697	220750	277909	316137	379753	641034	829646	
C	150	12	13	14	15	16	22	23	24	25	26	27	28	30	31	32	33	34	35	36	37	38	39	40	
C	150	741	2494	30199	43113	58564	59139	59388	59639	66745	68026	96672	101702	120054	135360	135938	136824	180835	219500	276357	314190	377175	639724	825070	
C	151	2	12	13	14	15	16	22	23	24	25	26	27	28	30	31	32	33	34	35	36	37	38	39	40	
C	151	1254	2735	6134	34342	44724	59333	59924	60797	61034	68642	70268	97580	101984	121276	136348	137547	139493	183414	219446	276486	313820	376670	638685	825046	
C	152	2	12	13	14	15	16	22	23	24	25	26	27	28	30	31	32	33	34	35	36	37	38	39	40	
C	152	2582	3650	6096	37103	47701	61910	62501	63015	63281	71430	72847	99728	104501	124269	139656	140505	141858	186380	224054	282194	320546	383843	644050	828560	
C	153	2	11	12	13	14	15	16	20	21	22	23	24	25	26	27	28	30	31	32	33	34	35	36	37	38	39	40	
C	153	3951	4395	6464	10260	37660	50695	63298	63476	63677	63850	65616	65642	72824	74219	100833	104996	125076	140574	142155	144481	188589	222614	280585	317432	379763	639215	824570	
C	154	2	12	13	14	15	16	22	23	24	25	26	27	28	30	31	32	33	34	35	36	37	38	39	40	
C	154	5055	6391	9521	38989	55246	68721	69317	70050	70340	77177	78441	106211	110917	131611	147902	148922	150370	195470	231663	290721	328084	390245	644951	821295	
C	155	2	12	13	14	15	16	22	23	24	25	26	27	28	30	31	32	33	34	35	36	37	38	39	40	
C	155	6261	8838	14699	44483	55210	67476	68125	69893	70170	78304	80296	106666	110920	131478	147495	149500	152325	195991	230746	289343	326864	389041	648235	826581	
C	156	2	11	12	13	14	15	16	20	21	22	23	24	25	26	27	28	30	31	32	33	34	35	36	37	38	39	40	
C	156	7485	8003	12060	19830	47050	59170	70045	70253	70519	70740	74058	74072	81327	83248	108739	112311	134519	150607	153603	157833	201514	232077	291615	328672	390700	646929	822985	
C	157	2	12	13	14	15	16	22	23	24	25	26	27	28	30	31	32	33	34	35	36	37	38	39	40	
C	157	9010	11248	16058	48364	58903	69458	70142	71567	71880	80422	82399	108981	113639	134605	150969	152592	155132	200161	236242	295644	333813	396320	652330	824011	
C	158	2	11	12	13	14	15	16	20	21	22	23	24	25	26	27	28	30	31	32	33	34	35	36	37	38	39	40	
C	158	10081	10604	16440	28555	49693	60979	70040	70234	70503	70723	75992	76019	82604	85151	110316	112923	137179	153500	158221	164660	209051	234588	295773	332475	395041	651792	824815	
C	159	2	12	13	14	15	16	22	23	24	25	26	27	28	30	31	32	33	34	35	36	37	38	39	40	
C	159	11021	15043	23808	52673	63451	72612	73314	76369	76690	84133	86380	110400	114178	136412	153160	156384	160798	204373	234999	295194	332095	393524	650548	822116	
C	160	2	12	13	14	15	16	22	23	24	25	26	27	28	30	31	32	33	34	35	36	37	38	39	40	
C	160	11933	17180	28725	58240	69415	78623	79406	83584	83938	91251	93862	118698	122151	146704	164463	168591	173694	219363	247589	309618	347082	408367	657826	818157	
C	161	2	12	13	14	15	16	22	23	24	25	26	27	28	30	31	32	33	34	35	36	37	38	39	40	
C	161	13522	15899	21265	58222	73002	81402	82279	83768	84123	92860	94918	121859	127091	150036	168191	169961	172363	218547	256680	319269	358205	419960	670588	825962	
C	162	2	11	12	13	14	15	16	20	21	22	23	24	25	26	27	28	30	31	32	33	34	35	36	37	38	39	40	
C	162	14589	15195	20838	31954	61957	72830	79921	80145	80511	80765	85743	85783	94104	96700	121870	125378	150086	167471	171797	177740	222915	252856	315232	353404	415398	667215	823236	
C	163	2	11	12	13	14	15	16	20	21	22	23	24	25	26	27	28	30	31	32	33	34	35	36	37	38	39	40	
C	163	15586	16214	22068	34047	63179	73702	80170	80397	80769	81004	86261	86292	94622	97376	121598	125075	149977	167406	172305	178656	223479	252775	314957	352944	414878	666281	822539	
C	164	2	12	13	14	15	16	22	23	24	25	26	27	28	30	31	32	33	34	35	36	37	38	39	40	
C	164	17074	23727	38021	65882	75701	82154	83068	88611	89020	97014	100510	125274	128415	154383	171888	177425	185117	230764	257761	320477	358689	420924	671117	825605	
C	165	2	11	12	13	14	15	16	20	21	22	23	24	25	26	27	28	30	31	32	33	34	35	36	37	38	39	40	
C	165	18023	18639	24719	37293	67461	77442	82976	83228	83560	83822	89493	89542	98256	101262	125665	129229	154728	172715	177711	184425	230511	260387	323597	362426	424241	673173	824021	
C	166	2	11	12	13	14	15	16	20	21	22	23	24	25	26	27	28	30	31	32	33	34	35	36	37	38	39	40	
C	166	19207	19837	28214	46524	68282	77580	82370	82625	82974	83250	91359	91396	98821	102614	126450	128562	155896	173629	180704	190626	236242	258953	322361	360648	422646	672326	821961	
C	167	2	11	12	13	14	15	16	20	21	22	23	24	25	26	27	28	30	31	32	33	34	35	36	37	38	39	40	
C	167	20884	21524	28295	41982	69130	77863	82122	82406	82759	83050	89465	89502	98129	101688	124935	128106	153438	170808	176781	185315	230198	258267	321161	360206	422750	676495	827536	
C	168	2	11	12	13	14	15	16	20	21	22	23	24	25	26	27	28	30	31	32	33	34	35	36	37	38	39	40	
C	168	21249	21885	28608	43192	73596	82340	86326	86593	86970	87293	93899	93953	103130	106436	129173	132716	159274	177732	183491	191445	236873	265518	329845	369056	430127	678267	823834	
C	169	2	12	13	14	15	16	22	23	24	25	26	27	28	30	31	32	33	34	35	36	37	38	39	40	
C	169	21847	30896	53713	79082	87620	91690	92703	100725	101139	109032	112973	135297	137957	166917	186231	193776	203031	249493	272721	338019	376269	436229	677362	817682	
C	170	2	11	12	13	14	15	16	20	21	22	23	24	25	26	27	28	30	31	32	33	34	35	36	37	38	39	40	
C	170	23186	23877	33024	53223	79072	87215	90640	90928	91345	91660	100410	100471	108638	112592	135123	137645	166880	185734	193546	203591	249837	273491	338978	377313	438597	682024	822856	
C	171	2	12	13	14	15	16	22	23	24	25	26	27	28	30	31	32	33	34	35	36	37	38	39	40	
C	171	24229	31598	50636	83109	90731	93954	95017	101559	102006	111629	115623	138016	141862	170309	189994	196358	204525	251662	280483	345742	385142	446446	685644	820245	
C	172	2	12	13	14	15	16	22	23	24	25	26	27	28	30	31	32	33	34	35	36	37	38	39	40	
C	172	25382	34764	58928	84524	91601	94464	95610	104135	104654	113609	118385	140021	142704	173089	192458	200619	211521	257411	281007	347567	386813	447813	687027	819413	
C	173	2	11	12	13	14	15	16	20	21	22	23	24	25	26	27	28	30	31	32	33	34	35	36	37	38	39	40	
C	173	27952	28658	38314	61557	84245	90624	92940	93260	93714	94104	104143	104205	113619	118607	139586	141672	170821	189819	198999	211707	256690	279830	346049	385759	447039	692392	826623	
C	174	2	11	12	13	14	15	16	20	21	22	23	24	25	26	27	28	29	30	31	32	33	34	35	36	37	38	39	40	
C	174	28736	29421	39255	63092	86643	92281	94316	94627	95096	95430	105968	106074	115538	120471	140704	142941	143390	171544	191262	200295	212942	257587	280315	346018	385588	446442	691761	824390	
C	175	2	11	12	13	14	15	16	20	21	22	23	24	25	26	27	28	30	31	32	33	34	35	36	37	38	39	40	
C	175	28397	29239	40155	71849	92947	99242	101102	101428	101957	102334	113628	113689	123369	128267	148552	150848	181415	201534	211260	223509	269511	291458	359074	398186	458058	694129	818901	
C	176	2	11	12	13	14	15	16	20	21	22	23	24	25	26	27	28	29	30	31	32	33	34	35	36	37	38	39	40	
C	176	29814	30460	40830	73086	90688	95673	97195	97490	97956	99168	109533	110017	118843	123799	143495	145964	146392	175565	195748	204960	217671	262914	285056	351167	390306	451108	693140	824314	
C	177	2	11	12	13	14	15	16	20	21	22	23	24	25	26	27	28	29	30	31	32	33	34	35	36	37	38	39	40	
C	177	31300	32018	42946	76462	94363	99070	100480	100775	101275	103044	112872	113618	122200	127231	146607	149141	149501	179619	199742	209155	221871	267644	289774	356274	395255	456654	695865	823682	
C	178	2	11	12	13	14	15	16	20	21	22	23	24	25	26	27	28	30	31	32	33	34	35	36	37	38	39	40	
C	178	33205	33962	44072	74901	91968	96337	97449	97756	98241	102768	110525	112464	119560	124829	142835	145111	174626	193768	203650	217356	261052	282438	348886	388612	449590	692686	824291	
C	179	2	11	12	13	14	15	16	20	21	22	23	24	25	26	27	28	29	30	31	32	33	34	35	36	37	38	39	40	
C	179	34458	35157	45817	78336	95209	98950	99936	100235	100755	103264	113214	114449	123817	129559	146214	148516	148939	177382	197088	206819	220946	264924	287108	352652	392243	453167	697279	828989	
C	180	2	11	12	13	14	15	16	20	21	22	23	24	25	26	27	28	29	30	31	32	33	34	35	36	37	38	39	40	
C	180	35634	36421	47077	80843	97717	101252	102082	102431	102954	105288	115602	116704	126198	132350	150264	152639	153037	181730	201712	211855	226797	270407	292677	358365	398442	459583	699202	825802	
C	181	2	11	12	13	14	15	16	20	21	22	23	24	25	26	27	28	29	30	31	32	33	34	35	36	37	38	39	40	
C	181	36015	36673	47013	81162	96107	99232	99936	100238	100783	109966	115238	119676	124892	130948	146794	149182	149627	178453	198067	208269	223337	266035	287307	352330	391884	453107	694765	821606	
C	182	2	11	12	13	14	15	16	20	21	22	23	24	25	26	27	28	29	30	31	32	33	34	35	36	37	38	39	40	
C	182	36572	37297	48742	87242	103194	106319	107018	107344	107886	110516	121163	122346	131623	137607	154452	156997	157500	187967	208405	218927	233920	277837	299171	365040	404995	465728	703049	826487	
C	183	2	11	12	13	14	15	16	20	21	22	23	24	25	26	27	28	29	30	31	32	33	34	35	36	37	38	39	40	
C	183	38382	39233	50367	86989	102145	104804	105333	105661	106259	110004	120342	122041	131186	137844	154410	156800	157251	187316	207299	217979	234317	277428	298866	365056	405388	466626	705079	827219	
C	184	2	11	12	13	14	15	16	20	21	22	23	24	25	26	27	28	29	30	31	32	33	34	35	36	37	38	39	40	
C	184	39390	40109	50929	87411	100909	103182	103591	103952	104511	107602	118387	119832	129924	136798	152684	155057	155524	184973	204439	215509	232456	274694	295679	360634	400707	462372	702863	824156	
C	185	2	11	12	13	14	15	16	20	21	22	23	24	25	26	27	28	29	30	31	32	33	34	35	36	37	38	39	40	
C	185	39919	40651	51961	89657	103539	105623	106018	106392	106961	109198	121156	122192	132582	139241	154477	156896	157396	187863	207898	219290	236218	278599	299376	365410	405669	466309	704121	825070	
C	186	2	11	12	13	14	15	16	20	21	22	23	24	25	26	27	28	29	30	31	32	33	34	35	36	37	38	39	40	
C	186	39692	40482	52497	93715	107309	109229	109572	109914	110547	119551	126899	131216	137786	144391	158375	160861	161368	192759	213778	225640	242432	285059	305806	372471	412107	472627	705724	821911	
C	187	2	11	12	13	14	15	16	20	21	22	23	24	25	26	27	28	29	30	31	32	33	34	35	36	37	38	39	40	
C	187	39597	40413	52741	96463	111077	112992	113300	113688	114354	118313	129889	131715	141282	147820	162306	164944	165455	197605	219185	231480	247654	291131	311226	379149	418746	478268	707375	819035	
C	188	2	11	12	13	14	15	16	20	21	22	23	24	25	26	27	28	29	30	31	32	33	34	35	36	37	38	39	40	
C	188	40701	41593	54880	103445	117747	119503	119731	120117	120889	123235	136857	137892	149259	156079	170765	173637	174117	207522	229848	242367	259377	303337	323442	391600	431313	489452	713699	819675	
C	189	2	11	12	13	14	15	16	20	21	22	23	24	25	26	27	28	29	30	31	32	33	34	35	36	37	38	39	40	
C	189	42899	43804	56146	101482	113702	115193	115405	115774	116433	121306	132358	134704	144386	151654	165625	168295	168764	201412	222714	235521	253463	296033	316170	383554	424344	484496	713508	823669	
C	190	2	11	12	13	14	15	16	20	21	22	23	24	25	26	27	28	29	30	31	32	33	34	35	36	37	38	39	40	
C	190	44850	45686	57580	100292	112158	113339	113490	113882	114560	119579	130474	132986	142664	150165	163342	165958	166441	198741	219845	232917	251490	293381	313112	380398	421030	481480	712169	822503	
C	191	2	11	12	13	14	15	16	20	21	22	23	24	25	26	27	28	29	30	31	32	33	34	35	36	37	38	39	40	
C	191	46406	47339	60087	105041	118238	119384	119509	119902	120683	123254	136641	137868	149288	156799	169408	172030	172525	206093	227811	241426	260902	302892	322508	391002	432275	492219	721553	828723	
C	192	2	11	12	13	14	15	16	20	21	22	23	24	25	26	27	28	29	30	31	32	33	34	35	36	37	38	39	40	
C	192	47536	48491	61286	108184	118745	119667	119784	120190	121013	131289	139266	144144	151419	159158	170336	172970	173487	206397	228070	242253	262802	303389	322494	391214	432445	492279	720807	826318	
C	193	2	11	12	13	14	15	16	20	21	22	23	24	25	26	27	28	29	30	31	32	33	34	35	36	37	38	39	40	
C	193	48332	49921	62963	109473	119510	120370	120463	121223	122525	138473	142482	150104	152997	160225	170943	173410	173926	206221	227703	242099	262518	302394	321043	388635	429485	489167	717958	823833	
C	194	2	11	12	13	14	15	16	20	21	22	23	24	25	26	27	28	29	30	31	32	33	34	35	36	37	38	39	40	
C	194	50590	52275	65208	110038	118995	119660	119747	120499	121906	130262	140343	144470	152594	160616	171616	173986	174516	206201	227080	241776	263760	302845	321703	389333	430646	490572	722662	829996	
C	195	2	11	12	13	14	15	16	20	21	22	23	24	25	26	27	28	29	30	31	32	33	34	35	36	37	38	39	40	
C	195	52927	54958	67720	109112	116953	117492	117529	118463	120343	129836	139138	143865	151179	159043	168778	170900	171438	201629	221816	236500	259826	297191	315734	381867	423965	485468	722986	833278	
C	196	2	11	12	13	14	15	16	20	21	22	23	24	25	26	27	28	29	30	31	32	33	34	35	36	37	38	39	40	
C	196	54976	55875	67954	113362	120909	121406	121452	121841	122673	134778	141681	147977	154238	163616	173489	175810	176289	207301	227994	243134	267541	305407	323861	390906	433071	494279	728246	834530	
C	197	2	11	12	13	14	15	16	20	21	22	23	24	25	26	27	28	29	30	31	32	33	34	35	36	37	38	39	40	
C	197	53455	55005	68529	116205	123530	123965	124000	124663	126052	139310	146578	153256	159155	167732	177224	179716	180226	213269	234864	250541	274187	312643	330820	398912	440944	500945	728623	831088	
C	198	2	11	12	13	14	15	16	20	21	22	23	24	25	26	27	28	29	30	31	32	33	34	35	36	37	38	39	40	
C	198	52704	55071	70409	121891	129292	129688	129715	130821	132892	151050	155423	164296	166652	174559	184078	186836	187401	222330	245427	261648	284499	324283	342244	411337	452972	511769	730483	825998	
C	199	2	11	12	13	14	15	16	20	21	22	23	24	25	26	27	28	29	30	31	32	33	34	35	36	37	38	39	40	
C	199	52301	61465	84585	127205	134667	135071	135075	138875	146435	158144	169112	173992	177139	180473	190255	193147	193650	229881	253407	270178	292944	333152	350567	420432	461322	519081	731804	821474	
C	200	2	11	12	13	14	15	16	20	21	22	23	24	25	26	27	28	29	30	31	32	33	34	35	36	37	38	39	40	
C	200	54774	61534	82342	127845	134483	134744	134749	137970	144119	159004	168540	175423	178213	183351	192819	195760	196767	232122	256821	273945	299011	338969	357227	427198	469256	527726	740053	826561	
C	201	2	11	12	13	14	15	16	20	21	22	23	24	25	26	27	28	29	30	31	32	33	34	35	36	37	38	39	40	
C	201	54058	57785	75907	130664	137274	137566	137575	139283	142800	161327	167845	177000	179749	188121	197364	200087	200676	236879	261282	279665	305400	344262	361453	431520	473519	531145	739007	821974	
C	202	2	11	12	13	14	15	16	20	21	22	23	24	25	26	27	28	29	30	31	32	33	34	35	36	37	38	39	40	
C	202	57846	62926	82305	133335	139032	139258	139264	141648	146425	163448	172207	180556	183766	191453	200333	203142	203684	240288	264551	283041	310306	349195	366627	436109	478817	536872	745191	825464	
C	203	2	11	12	13	14	15	16	20	21	22	23	24	25	26	27	28	29	30	31	32	33	34	35	36	37	38	39	40	
C	203	58478	61620	79818	137780	143247	143429	143436	144880	147842	164816	173348	181562	186713	195917	204601	207481	207992	245665	270271	289507	316841	354858	371833	442230	484026	541821	748630	828867	
C	204	2	11	12	13	14	15	16	20	21	22	23	24	25	26	27	28	29	30	31	32	33	34	35	36	37	38	39	40	
C	204	59336	63304	82590	137928	142674	142804	142816	144697	148324	165242	173986	181985	186691	195284	203388	206226	206778	244340	268229	287270	314798	352092	368056	438097	480134	537531	744682	826981	
C	205	2	11	12	13	14	15	16	20	21	22	23	24	25	26	27	28	29	30	31	32	33	34	35	36	37	38	39	40	
C	205	61487	66698	86014	132116	135881	136030	136035	138701	143779	161366	169639	178183	180189	187238	194551	197125	197680	233556	256756	275826	304679	340373	356154	425299	467963	527118	741879	827591	
C	206	2	11	12	13	14	15	16	20	21	22	23	24	25	26	27	28	29	30	31	32	33	34	35	36	37	38	39	40	
C	206	62525	69916	91855	135185	138970	139088	139089	142765	149788	163832	174642	180938	183470	188483	195462	197987	198520	234742	258382	277784	306145	341427	357071	426627	468942	527202	742793	830525	
C	207	2	11	12	13	14	15	16	20	21	22	23	24	25	26	27	28	29	30	31	32	33	34	35	36	37	38	39	40	
C	207	64214	71389	93122	136335	139661	139747	139752	143492	150564	165039	175978	182515	184823	189990	196685	199397	200293	234852	258539	277523	306305	340538	356367	425302	467305	525628	741715	828917	
C	208	2	11	12	13	14	15	16	20	21	22	23	24	25	26	27	28	29	30	31	32	33	34	35	36	37	38	39	40	
C	208	63722	73587	99209	136933	139887	139952	139953	144983	155003	165209	180216	184520	187287	190034	197293	200144	201985	234385	259748	277588	305581	340200	356389	423234	465028	522286	736197	824720	
C	209	2	11	12	13	14	15	16	20	21	22	23	24	25	26	27	28	29	30	31	32	33	34	35	36	37	38	39	40	
C	209	66539	77568	105754	143915	146791	146843	146844	152295	163303	172867	189771	193808	196906	199372	206963	210079	211891	245939	271796	290037	319246	354846	371198	438808	481495	539334	748285	831576	
C	210	2	11	12	13	14	15	20	21	22	23	24	25	26	27	28	29	30	31	32	33	34	35	36	37	38	39	40	
C	210	64753	77709	109027	142035	144637	144671	151055	164020	170046	189870	191917	194986	195585	203325	206754	209141	242026	269035	286648	315262	351197	367808	435032	476318	533675	740577	824654	
C	211	2	11	12	13	14	15	20	21	22	23	24	25	26	27	28	29	30	31	32	33	34	35	36	37	38	39	40	
C	211	66111	77574	106990	143061	145355	145388	150915	162534	170422	187980	191282	193667	195433	203431	207026	209839	241694	269257	286029	314594	350028	366892	432992	474714	532013	739650	823486	
C	212	2	11	12	13	14	15	20	21	22	23	24	25	26	27	28	29	30	31	32	33	34	35	36	37	38	39	40	
C	212	66953	78195	108148	146996	149134	149160	154739	166110	175373	192394	196226	198514	200895	208522	212053	214613	248075	275662	293612	322750	357916	374232	441617	482764	539237	744548	825724	
C	213	2	11	12	13	14	15	20	21	22	23	24	25	26	27	28	29	30	31	32	33	34	35	36	37	38	39	40	
C	213	66847	79641	113049	149227	151045	151062	157408	170384	177366	196513	199199	201589	202763	210634	214426	217202	250458	280534	298576	325416	361261	377524	444485	486174	542096	743441	821748	
C	214	2	11	12	13	14	15	20	21	22	23	24	25	26	27	28	29	30	31	32	33	34	35	36	37	38	39	40	
C	214	68512	79100	109584	150248	151898	151920	157269	167880	178043	194385	198838	201101	204191	211171	214362	215887	251119	277768	297462	327266	361959	377209	444947	487146	543905	745428	822836	
C	215	2	11	12	13	14	15	20	21	22	23	24	25	26	27	28	29	30	31	32	33	34	35	36	37	38	39	40	
C	215	69512	81326	114200	153273	154760	154777	160802	173054	182325	200791	204539	207248	209630	216410	219552	220768	257238	283825	304709	335677	370379	385437	454709	496585	553401	751610	825518	
C	216	2	11	12	13	14	15	20	21	22	23	24	25	26	27	28	29	30	31	32	33	34	35	36	37	38	39	40	
C	216	70681	80091	109440	154130	155409	155424	160135	169848	182752	197415	203304	205536	209993	216375	219375	220262	257936	283755	305561	336679	370204	384556	453388	495644	552141	750881	824881	
C	217	2	11	12	13	14	15	20	21	22	23	24	25	26	27	28	29	30	31	32	33	34	35	36	37	38	39	40	
C	217	70076	83190	118233	149227	150311	150316	157084	170957	176606	197713	199720	201351	201897	210522	214919	219931	248710	281998	297338	325276	360517	377638	441736	483397	540286	742568	820230	
C	218	2	11	12	13	14	15	20	21	22	23	24	25	26	27	28	29	30	31	32	33	34	35	36	37	38	39	40	
C	218	74830	85745	117074	152007	152966	152970	158675	170074	178793	196623	200387	202293	204639	211387	214725	216947	250484	278159	297464	328331	361520	376856	444538	486390	543623	749214	828669	
C	219	2	11	12	13	14	15	20	21	22	23	24	25	26	27	28	29	30	31	32	33	34	35	36	37	38	39	40	
C	219	76565	88333	122365	156172	157024	157025	163109	175293	182858	201575	204472	206753	208541	214505	217493	218748	254079	279921	301052	332511	364626	378573	446689	488587	545497	748843	827455	
C	220	2	11	12	13	14	15	20	21	22	23	24	25	26	27	28	29	30	31	32	33	34	35	36	37	38	39	40	
C	220	77849	90950	127213	156656	157463	157464	164468	178344	183857	205876	207522	209815	210369	216982	220328	222846	255633	283320	302204	334518	366812	381648	448144	490655	547683	750477	827230	
C	221	2	11	12	13	14	15	20	21	22	23	24	25	26	27	28	29	30	31	32	33	34	35	36	37	38	39	40	
C	221	81046	90768	122752	162959	163638	163642	168911	179277	190139	206462	211361	213391	217099	222924	225759	226781	263531	290428	313309	344433	376524	390273	459257	501558	558012	759111	833894	
C	222	2	11	12	13	14	15	20	21	22	23	24	25	26	27	28	29	30	31	32	33	34	35	36	37	38	39	40	
C	222	82430	96402	136441	166486	167037	167040	174567	189412	195029	218663	220518	222749	223398	230208	233860	236958	269630	298938	318088	352061	384355	399255	465256	507545	563803	759345	831393	
C	223	2	11	12	13	14	15	20	21	22	23	24	25	27	28	29	30	31	32	33	34	35	36	37	38	39	40	
C	223	84198	98312	139155	166124	166618	166619	174456	189796	194467	220309	221513	223169	231063	235185	240172	269068	303018	319454	351909	384979	401044	464678	507350	563675	759696	831175	
C	224	2	11	12	13	14	15	20	21	22	23	24	25	27	28	29	30	31	32	33	34	35	36	37	38	39	40	
C	224	87332	101174	141310	166823	167236	167237	174707	189550	194180	220365	221482	223092	230356	234352	239406	267428	298960	314872	350759	382758	398672	462067	505111	562919	764101	837530	
C	225	2	11	12	13	14	20	21	22	23	24	25	27	28	29	30	31	32	33	34	35	36	37	38	39	40	
C	225	90827	104466	145194	169769	170126	177895	193253	197921	225342	226513	228296	235430	239331	244436	272471	305764	322652	357872	388893	404547	467462	511347	569199	769324	840687	
C	226	2	11	12	13	14	20	21	22	23	24	25	27	28	29	30	31	32	33	34	35	36	37	38	39	40	
C	226	88814	102060	143564	167940	168261	176108	191207	195522	222657	223903	224505	233559	238801	247556	269385	309635	319679	353881	387161	405435	464502	507873	565401	762357	831399	
C	227	2	10	11	12	13	14	18	19	20	21	22	23	24	25	26	27	28	29	30	31	32	33	34	35	36	37	38	39	40	
C	227	90619	91444	103784	146055	167523	167768	168001	168364	175694	191813	195764	220134	221167	222015	222180	231056	236282	245152	266546	307621	316690	350482	384975	404155	463787	506683	564081	764146	834565	
C	228	2	10	11	12	13	14	18	19	20	21	22	23	24	25	26	27	28	29	30	31	32	33	34	35	36	37	38	39	40	
C	228	91010	91835	104213	148537	170460	170663	170905	171267	178783	194907	198786	223746	224721	225502	225645	234763	240021	248597	270455	312029	321066	353883	388271	407280	466624	509197	566354	763276	832066	
C	229	2	11	12	13	14	20	21	22	23	24	25	27	28	29	30	31	32	33	34	35	36	37	38	39	40	
C	229	92201	106278	151832	175821	176057	183906	199342	203486	230086	231111	231555	241127	246453	254804	278312	320164	330110	362768	397159	415242	475961	518545	574475	765150	830141	
C	230	2	10	11	12	13	14	18	19	20	21	22	23	24	25	26	27	28	29	30	31	32	33	34	35	36	37	38	39	40	
C	230	93924	94829	107715	156367	178775	178972	179217	179635	187491	204592	208611	234285	235179	235960	236150	245176	250530	259549	281870	325544	334491	367971	402171	420805	480629	523079	579456	770184	834469	
C	231	2	11	12	13	14	20	21	22	23	24	25	27	28	29	30	31	32	33	34	35	36	37	38	39	40	
C	231	95958	110029	158602	182812	183001	191027	207512	211928	240885	241859	242237	251699	257182	265588	289052	333091	343002	378048	411593	429684	489125	532057	587402	773829	834504	
C	232	2	11	12	13	14	20	21	22	23	24	25	27	28	29	30	31	32	33	34	35	36	37	38	39	40	
C	232	96631	110555	158560	181254	181397	189011	204352	208345	235580	236452	236675	246460	252104	260725	283523	328493	337554	369558	403665	421787	480953	523632	579625	767448	830524	
C	233	2	11	12	13	14	20	21	22	23	24	25	27	28	29	30	31	32	33	34	35	36	37	38	39	40	
C	233	96001	110767	162397	185458	185597	193669	209285	213163	240437	241186	241571	251383	256962	264628	290691	333498	343510	376185	410454	427890	488685	531050	585815	770372	831736	
C	234	2	11	12	13	14	20	21	22	23	24	25	27	28	29	30	31	32	33	34	35	36	37	38	39	40	
C	234	97765	111935	161706	182734	182837	190865	206340	210414	238126	238758	239486	248460	253277	259840	287278	326984	339597	373717	406502	423094	485488	528264	584146	769112	830262	
C	235	2	11	12	13	14	20	21	22	23	24	25	26	27	28	29	30	31	32	33	34	35	36	37	38	39	40	
C	235	98540	111786	160044	186616	186714	194344	209094	215803	241148	243064	244337	245761	252587	256255	259338	293619	327335	347856	382692	413745	427614	493285	536282	590337	771173	828593	
C	236	2	11	12	13	14	20	21	22	23	24	25	26	27	28	29	30	31	32	33	34	35	36	37	38	39	40	
C	236	102738	116109	164907	194503	194593	202507	216985	225517	250564	253334	254562	256620	263303	266835	269651	305258	336599	357755	396208	426527	439471	505533	548113	602442	780827	836310	
C	237	2	11	12	13	14	20	21	22	23	24	25	27	28	29	30	31	32	33	34	35	36	37	38	39	40	
C	237	100176	116060	173042	194083	194161	203661	220690	225351	255202	255669	256940	264050	268031	271841	306337	340477	359482	397144	428244	441825	506778	548657	601759	774127	826054	
C	238	2	11	12	13	14	20	21	22	23	24	25	26	27	28	29	30	31	32	33	34	35	36	37	38	39	40	
C	238	103545	116510	167031	203636	203707	211143	224546	235921	258397	262874	263736	267243	274433	278385	281500	317880	351835	372255	409753	440955	453974	519356	561195	612992	780125	829155	
C	239	2	11	12	13	14	20	21	22	23	24	25	26	27	28	29	30	31	32	33	34	35	36	37	38	39	40	
C	239	104976	115649	161043	207424	207475	213605	224341	239236	259348	265890	267853	273995	280434	283911	286274	324559	357001	379637	418321	448696	460689	526315	568168	619456	782460	830509	
C	240	2	11	12	13	14	20	21	22	23	24	25	26	27	28	29	30	31	32	33	34	35	36	37	38	39	40	
C	240	107555	117365	161368	210488	210539	216610	226953	244297	263822	271655	273915	281006	286610	289572	290534	331501	361579	388141	427622	456231	467132	533740	575926	626801	785558	830639	
C	241	2	11	12	13	14	20	21	22	23	24	25	27	28	29	30	31	32	33	34	35	36	37	38	39	40	
C	241	108975	126328	188404	206478	206515	217656	236106	241338	274196	274525	275553	282542	286432	290984	323876	360521	379369	419534	448644	461269	525126	567367	618741	782060	828415	
C	242	2	11	12	13	14	20	21	22	23	24	25	27	28	29	30	31	32	33	34	35	36	37	38	39	40	
C	242	111888	128438	189607	206718	206747	217825	236184	241447	275127	275440	276086	283924	288509	295165	323775	366585	381223	419171	449063	463131	524195	566781	618823	784908	832688	
C	243	2	11	12	13	14	15	20	21	22	23	24	25	27	28	29	30	31	32	33	34	35	36	37	38	39	40	
C	243	114118	130935	193430	209775	209798	209799	220522	238503	243532	276675	276952	277634	285325	289820	295902	324911	366795	382017	420063	449755	463592	524706	566505	618475	784157	832082	
C	244	2	11	12	13	14	20	21	22	23	24	25	26	27	28	29	30	31	32	33	34	35	36	37	38	39	40	
C	244	116214	127917	177549	213592	213623	221190	233763	247781	271032	277085	277842	282790	288575	291818	294301	330336	362427	385437	425764	453941	465622	529780	571795	622895	785119	831888	
C	245	2	11	12	13	14	20	21	22	23	24	25	26	27	28	29	30	31	32	33	34	35	36	37	38	39	40	
C	245	119734	125924	160827	218780	218810	223028	229997	249830	266675	276408	280876	291968	296911	299571	300104	339782	367990	395917	437758	464895	475391	541516	583887	634471	792180	836454	
C	246	2	11	12	13	14	20	21	22	23	24	25	26	27	28	29	30	31	32	33	34	35	36	37	38	39	40	
C	246	117651	124630	163412	220993	221008	225639	233279	255575	270985	281636	283886	293811	298832	301294	301817	342263	370996	399032	440052	467132	477193	542497	583843	633691	786982	830330	
C	247	2	11	12	13	14	20	21	22	23	24	25	26	27	28	29	30	31	32	33	34	35	36	37	38	39	40	
C	247	115772	131991	194960	215623	215633	226506	243552	252059	283447	285457	285874	287399	295048	299489	305749	335521	376786	391689	432411	461629	474883	535422	576861	626882	781147	823712	
C	248	2	11	12	13	14	20	21	22	23	24	25	26	27	28	29	30	31	32	33	34	35	36	37	38	39	40	
C	248	118492	134120	197827	222120	222127	232613	248987	258954	288186	291189	291839	294209	300596	304272	307714	343191	378864	399837	439452	467694	479417	542492	583730	633167	786386	828502	
C	249	2	11	12	13	14	20	21	22	23	24	25	27	28	29	30	31	32	33	34	35	36	37	38	39	40	
C	249	121211	139412	211293	224214	224218	236422	255693	261314	297164	297302	297776	305438	309997	316130	346366	390420	405059	443041	472350	485319	545380	586786	635675	786033	826573	
C	250	2	11	12	13	14	20	21	22	23	24	25	26	27	28	29	30	31	32	33	34	35	36	37	38	39	40	
C	250	120357	136349	204212	224123	224133	234803	251744	259970	291185	293206	293641	295240	302194	306383	311320	343686	383385	400056	439628	468725	481209	542453	582795	631622	781011	821141	
C	251	2	11	12	13	14	20	21	22	23	24	25	27	28	29	30	31	32	33	34	35	36	37	38	39	40	
C	251	121879	139151	210002	221632	221636	233791	252731	257716	291985	292104	292593	299837	304128	309688	340571	383994	399949	437516	466601	479142	540106	580656	629891	782132	822762	
C	252	2	11	12	13	14	20	21	22	23	24	25	27	28	29	30	31	32	33	34	35	36	37	38	39	40	
C	252	126308	143427	215415	226320	226321	237902	256461	261382	295309	295450	295605	304713	310148	318407	343778	394511	402532	439975	470859	485516	543498	584763	634113	785786	826349	
C	253	2	10	11	12	13	14	18	19	20	21	22	23	24	25	26	27	28	29	30	31	32	33	34	35	36	37	38	39	40	
C	253	131319	132357	148409	220152	229244	229250	229518	229921	241440	261455	266263	298154	298257	298713	298868	308289	314005	324198	346354	402331	406353	442671	473929	489575	546034	587719	637694	789894	830044	
C	254	2	11	12	13	14	20	21	22	23	24	25	27	28	29	30	31	32	33	34	35	36	37	38	39	40	
C	254	135258	150819	218141	226800	226801	237995	255586	260622	295420	295523	295580	304579	310101	319947	341743	394596	399460	438924	469421	485178	541477	583532	634714	791729	833863	
C	255	2	10	11	12	13	18	19	20	21	22	23	24	25	26	27	28	29	30	31	32	33	34	35	36	37	38	39	40	
C	255	136444	137331	152139	223004	230954	231218	231688	243049	262960	267661	299977	300048	300511	300682	309163	314476	324134	346126	399532	404146	442609	472576	487768	543604	584936	635171	790489	832114	
C	256	2	10	11	12	13	14	18	19	20	21	22	23	24	25	26	27	28	29	30	31	32	33	34	35	36	37	38	39	40	
C	256	136323	137294	152964	230299	238641	238642	238916	239369	250962	271815	276450	309760	309831	310309	310455	318831	324107	332875	356894	409817	415636	453729	483587	498504	554732	595294	643565	789985	827735	
C	257	2	10	11	12	13	14	18	19	20	21	22	23	24	25	26	27	28	29	30	31	32	33	34	35	36	37	38	39	40	
C	257	135187	136147	152204	233304	241335	241337	241587	242029	253895	275181	279843	313332	313388	313839	313981	323200	328972	338682	361546	421441	424802	458695	489397	504816	560440	600500	648140	790169	825773	
C	258	2	10	11	12	13	14	18	19	20	21	22	23	24	25	26	27	28	29	30	31	32	33	34	35	36	37	38	39	40	
C	258	139442	140439	156665	237798	245121	245123	245413	245875	257932	280168	284869	319692	319761	320200	320361	329848	335580	345129	367332	424883	427741	466064	496474	511671	567437	607902	654563	794922	829094	
C	259	2	10	11	12	13	18	19	20	21	22	23	24	25	26	27	28	29	30	31	32	33	34	35	36	37	38	39	40	
C	259	142276	143225	158565	233977	240246	240514	240965	252543	273764	278523	313043	313090	313481	313620	322586	328184	338201	359545	425291	428696	458631	488952	504045	558978	600099	648696	791833	827448	
C	260	2	10	11	12	13	18	19	20	21	22	23	24	25	26	27	28	29	30	31	32	33	34	35	36	37	38	39	40	
C	260	144568	145448	160800	237698	243817	244081	244514	256408	277531	282407	316868	316913	317331	317492	326513	332255	342243	364243	433847	437254	462319	492707	507948	563688	604580	652586	794665	829475	
C	261	2	10	11	12	13	18	19	20	21	22	23	24	25	26	27	28	29	30	31	32	33	34	35	36	37	38	39	40	
C	261	147322	148162	163104	241144	246850	247095	247545	259197	279701	284451	318425	318465	318840	318992	327742	333198	343460	365232	435756	438936	464028	494349	509244	563644	604462	653003	796599	830728	
C	262	2	10	11	12	13	18	19	20	21	22	23	24	25	26	27	28	29	30	31	32	33	34	35	36	37	38	39	40	
C	262	151942	152888	168238	250348	255775	256008	256457	268166	289216	293882	329109	329139	329536	329678	338316	343901	353631	375758	457971	461806	474433	504273	519188	572823	613558	661223	799869	832887	
C	263	2	10	11	12	13	18	19	20	21	22	23	24	25	26	27	28	29	30	31	32	33	34	35	36	37	38	39	40	
C	263	156324	158015	173055	256061	261052	261510	262307	273750	296080	300436	333820	333855	334688	334990	343501	348887	358701	381082	469714	473490	480215	510248	525363	579595	619919	667245	805922	837950	
C	264	2	10	11	12	13	18	19	20	21	22	23	24	25	26	27	28	29	30	31	32	33	34	35	36	37	38	39	40	
C	264	157959	158868	174828	260735	265799	266039	266463	278093	299723	304346	340761	340788	341177	341327	350521	355996	365523	388361	459179	461812	487541	517248	531873	585050	625146	671839	805656	837375	
C	265	2	10	11	12	13	18	19	20	21	22	23	24	25	26	27	28	29	30	31	32	33	34	35	36	37	38	39	40	
C	265	161945	162954	179258	264097	268519	268789	269233	280972	302636	307430	344881	344897	345272	345409	354313	359699	369415	391392	458281	460503	491552	520654	535175	587443	627629	674154	806100	836430	
C	266	2	10	11	12	13	18	19	20	21	22	23	24	25	26	27	28	29	30	31	32	33	34	35	36	37	38	39	40	
C	266	162798	163749	180404	269673	273957	274246	274665	286675	308173	313004	349419	349434	349790	349929	359243	364943	374438	398393	472810	475115	498567	528744	543008	595829	635133	680540	807909	836327	
C	267	2	10	11	12	13	18	19	20	21	22	23	24	25	26	27	28	29	30	31	32	33	34	35	36	37	38	39	40	
C	267	164108	165111	181918	271972	276034	276301	276762	288621	309526	314096	348214	348236	348662	348818	358158	363720	373099	396925	482428	484950	495492	525192	539601	592538	631714	676811	804654	833080	
C	268	2	10	11	12	13	18	19	20	21	22	23	24	25	26	27	28	29	30	31	32	33	34	35	36	37	38	39	40	
C	268	167549	168433	184819	274213	277976	278258	278688	290642	312050	316618	352191	352205	352635	352767	361895	367350	376789	400181	470213	472028	499265	528693	542673	594844	633797	678175	804096	831987	
C	269	2	11	12	13	20	21	22	23	24	25	27	28	29	30	31	32	33	34	35	36	37	38	39	40	
C	269	173755	191614	284441	288109	300592	320464	325410	363590	363613	363615	373208	379007	388398	411385	483933	485647	511403	540213	554139	605905	644448	688364	810044	836321	
C	270	2	10	11	12	13	18	19	20	21	22	23	24	25	26	27	28	29	30	31	32	33	34	35	36	37	38	39	40	
C	270	172284	173985	189894	282861	285794	286225	287018	298944	321872	326329	360001	360015	360828	361106	369634	375101	384513	407918	488538	490399	506882	535918	549675	601162	639402	683375	805080	831313	
C	271	2	10	11	12	13	18	19	20	21	22	23	24	25	26	27	28	29	30	31	32	33	34	35	36	37	38	39	40	
C	271	176011	176900	192686	280983	283627	283839	284331	295867	316899	321539	356777	356794	357204	357346	366331	371962	381342	404591	486479	488197	503675	532998	546876	598482	637226	682002	806312	833516	
C	272	2	10	11	12	13	18	19	20	21	22	23	24	25	26	27	28	29	30	31	32	33	34	35	36	37	38	39	40	
C	272	177420	179193	194788	285656	288059	288478	289286	300749	323352	327567	359970	359980	360769	361039	369681	375002	384448	407874	486680	488131	506688	535788	549414	600721	639487	683113	805917	832895	
C	273	2	10	11	12	13	18	19	20	21	22	23	24	25	26	27	28	29	30	31	32	33	34	35	36	37	38	39	40	
C	273	175885	176830	193537	287365	289705	289956	290385	302339	323513	327950	361754	361760	362093	362241	371229	376887	386172	410121	494134	495616	508079	536798	550181	601883	639585	681874	800418	826437	
C	274	2	10	11	12	13	18	19	20	21	22	23	24	25	26	27	28	29	30	31	32	33	34	35	36	37	38	39	40	
C	274	176940	180781	193298	281861	283469	284540	286378	297714	324676	328306	355547	355551	357647	358390	365374	370358	379611	402923	495726	497189	501440	530543	544128	595366	633944	677559	798021	823696	
C	275	2	10	11	12	13	18	19	20	21	22	23	24	25	26	27	28	29	30	31	32	33	34	35	36	37	38	39	40	
C	275	181050	185052	197748	287599	289134	290227	292118	303589	330809	334415	362480	362488	364577	365301	372370	377215	386322	409193	500638	501959	508195	536722	550089	601074	639285	682144	800693	825662	
C	276	2	10	11	12	13	18	19	20	21	22	23	24	25	26	27	28	29	30	31	32	33	34	35	36	37	38	39	40	
C	276	186452	187363	204594	301740	303584	303812	304255	316529	338619	343137	379328	379334	379688	379833	388881	394478	403423	427241	506334	507311	526087	554009	566915	617011	654077	695269	806189	828935	
C	277	2	10	11	12	13	18	19	20	21	22	23	24	25	26	27	28	29	30	31	32	33	34	35	36	37	38	39	40	
C	277	187413	189160	205738	301612	303112	303503	304316	316139	339227	343396	377187	377192	378002	378292	386667	391929	400629	423999	499754	500590	521029	548518	561161	610267	647060	688219	799271	822537	
C	278	2	10	11	12	13	18	19	20	21	22	23	24	25	26	27	28	29	30	31	32	33	34	35	36	37	38	39	40	
C	278	191503	192469	209834	305322	306758	306980	307424	319763	341553	346175	381956	381961	382302	382438	391359	396737	405587	428852	513568	514538	526945	554659	567040	615990	652691	693275	802759	825014	
C	279	2	10	11	12	13	18	19	20	21	22	23	24	25	26	27	28	29	30	31	32	33	34	35	36	37	38	39	40	
C	279	197480	199306	214287	303652	304815	305318	306187	318205	341511	345999	380092	380096	380901	381215	389284	394346	403705	425915	512007	512860	525600	552850	565405	614465	652192	694255	807019	829961	
C	280	2	10	11	12	13	18	19	20	21	22	23	24	25	26	27	28	29	30	31	32	33	34	35	36	37	38	39	40	
C	280	199864	201369	216454	306740	307808	308265	309047	320876	343595	347973	381524	381526	382261	382538	390600	395645	404818	427399	519485	520244	526508	553810	566460	615146	652252	693909	804315	826220	
C	281	2	10	11	12	13	18	19	20	21	22	23	24	25	26	27	28	29	30	31	32	33	34	35	36	37	38	39	40	
C	281	207255	211795	223397	312203	312892	314134	316254	327425	355767	359102	385673	385674	388185	389002	395400	400008	409100	431828	530452	531192	531195	558549	571313	620031	657738	699257	809306	830968	
C	282	2	10	11	12	13	18	19	20	21	22	23	25	26	27	28	29	30	31	32	33	34	35	36	37	38	39	40	
C	282	215767	217352	231597	321382	322228	322619	323352	334373	356596	360648	394074	394828	395085	403152	408214	417079	439832	531295	531935	538368	565840	578845	627277	664726	705979	815519	836772	
C	283	2	10	11	12	13	18	19	20	21	22	23	24	25	26	27	28	29	30	31	32	33	34	35	36	37	38	39	40	
C	283	219278	220037	235430	330292	331147	331364	331767	343012	363667	367765	401805	401809	402131	402238	410691	415902	424173	448136	529843	530337	544578	571874	584641	632091	667845	707732	813172	833741	
C	284	2	10	11	12	13	18	19	20	21	22	23	25	26	27	28	29	30	31	32	33	34	35	36	37	38	39	40	
C	284	223670	228084	238596	328086	328618	329775	331837	341909	369147	372079	396139	398555	399369	405570	410036	418464	441833	533462	533957	538221	565950	578953	627223	663640	704420	813000	834935	
C	285	2	10	11	12	13	18	19	20	21	22	23	24	25	26	27	28	29	30	31	32	33	34	35	36	37	38	39	40	
C	285	227398	228939	241974	330505	331163	331590	332384	342866	364366	367894	398784	398786	399596	399836	407442	412341	420854	443851	534837	535292	539287	566808	579676	627958	664282	704673	812633	833690	
C	286	2	10	11	12	13	18	19	20	21	22	23	25	26	27	28	29	30	31	32	33	34	35	36	37	38	39	40	
C	286	230192	236818	245314	338110	338465	340115	343232	352672	384242	386341	405155	408719	409821	414863	418937	426949	451157	543516	543925	545894	573131	585659	632712	667150	705493	807391	826704	
C	287	2	10	11	12	13	18	19	20	21	22	23	25	26	27	28	29	30	31	32	33	34	35	36	37	38	39	40	
C	287	235525	243777	249664	337822	338050	340253	344228	353134	387467	389004	402325	407207	408709	412322	415919	424011	448352	543255	543599	543600	571357	583906	631380	666647	705799	809064	828449	
C	288	2	10	11	12	13	18	19	20	21	22	23	25	26	27	28	29	30	31	32	34	35	36	37	38	39	40	
C	288	244189	251531	258091	345089	345339	347190	350678	359382	392169	393909	408532	412802	414120	418166	421822	429476	453464	547445	547766	574816	587588	634530	669417	707761	810859	830107	
C	289	2	10	11	12	13	18	19	20	21	22	23	25	26	27	28	29	30	31	32	33	34	35	36	37	38	39	40	
C	289	253550	260971	267344	355986	356195	358268	362058	370968	405078	406774	422038	426329	427701	431589	435236	442713	466389	559052	559378	561375	587285	598984	644641	679100	715913	810907	827974	
C	290	2	10	11	12	13	18	19	20	21	22	23	25	26	27	28	29	30	31	32	33	34	35	36	37	38	39	40	
C	290	258795	270948	271605	356150	356172	359441	365708	373365	417026	417195	418817	426390	428873	429285	431796	439577	463041	558138	558422	558423	584978	596705	642990	677452	714720	809105	826001	
C	291	2	10	11	12	13	18	19	20	21	22	23	25	26	27	28	29	30	31	32	34	35	36	37	38	39	40	
C	291	271782	280704	284061	366372	366475	368866	373522	381406	419097	420040	428730	434466	436151	438310	441326	448689	471341	565158	565390	591008	602647	648046	682113	719450	814333	831047	
C	292	2	10	11	12	13	18	19	20	21	22	23	25	26	27	28	29	30	31	32	34	35	36	37	38	39	40	
C	292	281082	290434	292113	368027	368074	370650	375754	382934	422475	422953	427620	433955	435936	437154	439720	446786	469376	562696	562886	588488	600114	644992	678619	715162	808762	825110	
C	293	2	10	11	12	13	18	19	20	21	22	23	25	26	27	28	29	30	31	32	34	35	36	37	38	39	40	
C	293	293679	299782	304249	380039	380155	381861	385408	392906	424448	425679	437787	441815	443161	446331	449439	456183	478498	571034	571242	596011	607250	651789	684593	719837	809670	825184	
C	294	2	10	11	12	13	18	19	20	21	22	23	25	26	27	28	29	30	31	32	34	35	36	37	38	39	40	
C	294	307413	315673	316095	382363	382371	384958	390168	396575	435578	435720	437203	443429	445527	445852	447976	454580	476142	568746	568914	593697	604957	649077	683135	719623	812703	828638	
C	295	2	10	11	12	13	18	19	20	21	22	23	25	26	27	28	29	30	31	32	34	35	36	37	38	39	40	
C	295	326477	333091	333587	391355	391361	393615	398258	403682	438932	439087	440843	446696	448666	449095	451142	457201	478518	570241	570384	594565	605560	649738	683068	719151	810970	827050	
C	296	2	10	11	12	13	18	19	20	21	22	23	25	26	27	28	29	30	31	32	33	34	35	36	37	38	39	40	
C	296	351980	357087	358096	409791	409821	411564	415458	420486	450079	450423	454042	459051	460636	461577	463685	469044	490453	578402	578544	580491	604419	615372	658501	691155	726783	816455	831895	
C	297	2	10	11	12	13	18	19	20	21	22	23	25	26	27	28	29	30	31	32	34	35	36	37	38	39	40	
C	297	374113	377977	378214	419691	419695	421196	424677	428743	455894	455987	457103	461942	463542	463843	465638	470511	491272	579009	579119	602530	612946	655293	687449	722163	811039	826543	
C	298	2	10	11	12	13	18	19	20	21	22	23	25	26	27	28	29	30	31	32	34	35	36	37	38	39	40	
C	298	410465	411737	412838	442191	442221	442773	444256	447489	462903	463365	470338	472422	473136	475182	477345	480971	502026	586963	587065	609867	619889	660995	692421	726824	812535	827122	
C	299	2	10	11	12	13	18	19	20	21	22	23	25	26	27	28	29	30	31	32	33	34	35	36	37	38	39	40	
C	299	458243	458449	459147	469658	469669	469810	470166	472210	478338	478754	484595	485168	485335	487306	488845	490883	511308	588709	588775	590442	612471	622198	662553	692770	725345	809145	823330	
N	0	2	
N	0	954	
N	1	
N	1	
N	2	2	
N	2	211	
N	3	2	
N	3	567	
N	4	
N	4	
N	5	
N	5	
N	6	
N	6	
N	7	
N	7	
N	8	
N	8	
N	9	
N	9	
N	10	
N	10	
N	11	
N	11	
N	12	
N	12	
N	13	
N	13	
N	14	
N	14	
N	15	
N	15	
N	16	
N	16	
N	17	
N	17	
N	18	
N	18	
N	19	
N	19	
N	20	
N	20	
N	21	
N	21	
N	22	
N	22	
N	23	
N	23	
N	24	
N	24	
N	25	
N	25	
N	26	
N	26	
N	27	
N	27	
N	28	
N	28	
N	29	
N	29	
N	30	
N	30	
N	31	
N	31	
N	32	
N	32	
N	33	
N	33	
N	34	
N	34	
N	35	
N	35	
N	36	
N	36	
N	37	
N	37	
N	38	
N	38	
N	39	
N	39	
N	40	
N	40	
N	41	
N	41	
N	42	
N	42	
N	43	
N	43	
N	44	
N	44	
N	45	
N	45	
N	46	
N	46	
N	47	
N	47	
N	48	
N	48	
N	49	
N	49	
N	50	
N	50	
N	51	
N	51	
N	52	
N	52	
N	53	
N	53	
N	54	
N	54	
N	55	
N	55	
N	56	
N	56	
N	57	
N	57	
N	58	
N	58	
N	59	
N	59	
N	60	
N	60	
N	61	
N	61	
N	62	
N	62	
N	63	
N	63	
N	64	
N	64	
N	65	
N	65	
N	66	
N	66	
N	67	
N	67	
N	68	
N	68	
N	69	
N	69	
N	70	
N	70	
N	71	
N	71	
N	72	
N	72	
N	73	
N	73	
N	74	
N	74	
N	75	
N	75	
N	76	
N	76	
N	77	
N	77	
N	78	
N	78	
N	79	
N	79	
N	80	
N	80	
N	81	
N	81	
N	82	
N	82	
N	83	
N	83	
N	84	
N	84	
N	85	
N	85	
N	86	
N	86	
N	87	
N	87	
N	88	
N	88	
N	89	
N	89	
N	90	
N	90	
N	91	
N	91	
N	92	
N	92	
N	93	
N	93	
N	94	
N	94	
N	95	
N	95	
N	96	
N	96	
N	97	
N	97	
N	98	
N	98	
N	99	
N	99	
N	100	
N	100	
N	101	
N	101	
N	102	
N	102	
N	103	
N	103	
N	104	
N	104	
N	105	
N	105	
N	106	
N	106	
N	107	
N	107	
N	108	
N	108	
N	109	
N	109	
N	110	
N	110	
N	111	
N	111	
N	112	
N	112	
N	113	
N	113	
N	114	
N	114	
N	115	
N	115	
N	116	
N	116	
N	117	
N	117	
N	118	
N	118	
N	119	
N	119	
N	120	
N	120	
N	121	
N	121	
N	122	
N	122	
N	123	
N	123	
N	124	
N	124	
N	125	
N	125	
N	126	
N	126	
N	127	
N	127	
N	128	
N	128	
N	129	
N	129	
N	130	
N	130	
N	131	
N	131	
N	132	
N	132	
N	133	
N	133	
N	134	
N	134	
N	135	
N	135	
N	136	
N	136	
N	137	
N	137	
N	138	
N	138	
N	139	
N	139	
N	140	
N	140	
N	141	
N	141	
N	142	
N	142	
N	143	
N	143	
N	144	
N	144	
N	145	
N	145	
N	146	
N	146	
N	147	
N	147	
N	148	
N	148	
N	149	
N	149	
N	150	
N	150	
N	151	
N	151	
N	152	
N	152	
N	153	
N	153	
N	154	
N	154	
N	155	
N	155	
N	156	
N	156	
N	157	
N	157	
N	158	
N	158	
N	159	
N	159	
N	160	
N	160	
N	161	
N	161	
N	162	
N	162	
N	163	
N	163	
N	164	
N	164	
N	165	
N	165	
N	166	
N	166	
N	167	
N	167	
N	168	
N	168	
N	169	
N	169	
N	170	
N	170	
N	171	
N	171	
N	172	
N	172	
N	173	
N	173	
N	174	
N	174	
N	175	
N	175	
N	176	
N	176	
N	177	
N	177	
N	178	
N	178	
N	179	
N	179	
N	180	
N	180	
N	181	
N	181	
N	182	
N	182	
N	183	
N	183	
N	184	
N	184	
N	185	
N	185	
N	186	
N	186	
N	187	
N	187	
N	188	
N	188	
N	189	
N	189	
N	190	
N	190	
N	191	
N	191	
N	192	
N	192	
N	193	
N	193	
N	194	
N	194	
N	195	
N	195	
N	196	
N	196	
N	197	
N	197	
N	198	
N	198	
N	199	
N	199	
N	200	2	
N	200	4433	
N	201	2	
N	201	213	
N	202	2	
N	202	241	
N	203	
N	203	
N	204	
N	204	
N	205	
N	205	
N	206	
N	206	
N	207	
N	207	
N	208	
N	208	
N	209	
N	209	
N	210	
N	210	
N	211	
N	211	
N	212	
N	212	
N	213	
N	213	
N	214	
N	214	
N	215	
N	215	
N	216	
N	216	
N	217	
N	217	
N	218	
N	218	
N	219	
N	219	
N	220	
N	220	
N	221	
N	221	
N	222	
N	222	
N	223	
N	223	
N	224	
N	224	
N	225	
N	225	
N	226	
N	226	
N	227	
N	227	
N	228	
N	228	
N	229	
N	229	
N	230	
N	230	
N	231	
N	231	
N	232	
N	232	
N	233	
N	233	
N	234	
N	234	
N	235	
N	235	
N	236	
N	236	
N	237	
N	237	
N	238	
N	238	
N	239	
N	239	
N	240	
N	240	
N	241	
N	241	
N	242	
N	242	
N	243	
N	243	
N	244	
N	244	
N	245	
N	245	
N	246	
N	246	
N	247	
N	247	
N	248	
N	248	
N	249	
N	249	
N	250	
N	250	
N	251	
N	251	
N	252	
N	252	
N	253	
N	253	
N	254	
N	254	
N	255	
N	255	
N	256	
N	256	
N	257	
N	257	
N	258	
N	258	
N	259	
N	259	
N	260	
N	260	
N	261	
N	261	
N	262	
N	262	
N	263	
N	263	
N	264	
N	264	
N	265	
N	265	
N	266	
N	266	
N	267	
N	267	
N	268	
N	268	
N	269	
N	269	
N	270	
N	270	
N	271	
N	271	
N	272	
N	272	
N	273	
N	273	
N	274	
N	274	
N	275	
N	275	
N	276	
N	276	
N	277	
N	277	
N	278	
N	278	
N	279	
N	279	
N	280	
N	280	
N	281	
N	281	
N	282	
N	282	
N	283	
N	283	
N	284	
N	284	
N	285	
N	285	
N	286	
N	286	
N	287	
N	287	
N	288	
N	288	
N	289	
N	289	
N	290	
N	290	
N	291	
N	291	
N	292	
N	292	
N	293	
N	293	
N	294	
N	294	
N	295	
N	295	
N	296	
N	296	
N	297	
N	297	
N	298	
N	298	
N	299	
N	299	
